sample.interval=20000
"scan" "read.table" "read.csv" "stepDataImport" "profilingWorkflow" "profilingWrapper" "main" 
"scan" "read.table" "read.csv" "stepDataImport" "profilingWorkflow" "profilingWrapper" "main" 
"scan" "read.table" "read.csv" "stepDataImport" "profilingWorkflow" "profilingWrapper" "main" 
"scan" "read.table" "read.csv" "stepDataImport" "profilingWorkflow" "profilingWrapper" "main" 
"scan" "read.table" "read.csv" "stepDataImport" "profilingWorkflow" "profilingWrapper" "main" 
"scan" "read.table" "read.csv" "stepDataImport" "profilingWorkflow" "profilingWrapper" "main" 
"scan" "read.table" "read.csv" "stepDataImport" "profilingWorkflow" "profilingWrapper" "main" 
"scan" "read.table" "read.csv" "stepDataImport" "profilingWorkflow" "profilingWrapper" "main" 
"scan" "read.table" "read.csv" "stepDataImport" "profilingWorkflow" "profilingWrapper" "main" 
"scan" "read.table" "read.csv" "stepDataImport" "profilingWorkflow" "profilingWrapper" "main" 
"scan" "read.table" "read.csv" "stepDataImport" "profilingWorkflow" "profilingWrapper" "main" 
"scan" "read.table" "read.csv" "stepDataImport" "profilingWorkflow" "profilingWrapper" "main" 
"scan" "read.table" "read.csv" "stepDataImport" "profilingWorkflow" "profilingWrapper" "main" 
"scan" "read.table" "read.csv" "stepDataImport" "profilingWorkflow" "profilingWrapper" "main" 
"scan" "read.table" "read.csv" "stepDataImport" "profilingWorkflow" "profilingWrapper" "main" 
"scan" "read.table" "read.csv" "stepDataImport" "profilingWorkflow" "profilingWrapper" "main" 
"scan" "read.table" "read.csv" "stepDataImport" "profilingWorkflow" "profilingWrapper" "main" 
"scan" "read.table" "read.csv" "stepDataImport" "profilingWorkflow" "profilingWrapper" "main" 
"scan" "read.table" "read.csv" "stepDataImport" "profilingWorkflow" "profilingWrapper" "main" 
"scan" "read.table" "read.csv" "stepDataImport" "profilingWorkflow" "profilingWrapper" "main" 
"scan" "read.table" "read.csv" "stepDataImport" "profilingWorkflow" "profilingWrapper" "main" 
"scan" "read.table" "read.csv" "stepDataImport" "profilingWorkflow" "profilingWrapper" "main" 
"scan" "read.table" "read.csv" "stepDataImport" "profilingWorkflow" "profilingWrapper" "main" 
"scan" "read.table" "read.csv" "stepDataImport" "profilingWorkflow" "profilingWrapper" "main" 
"scan" "read.table" "read.csv" "stepDataImport" "profilingWorkflow" "profilingWrapper" "main" 
"scan" "read.table" "read.csv" "stepDataImport" "profilingWorkflow" "profilingWrapper" "main" 
"scan" "read.table" "read.csv" "stepDataImport" "profilingWorkflow" "profilingWrapper" "main" 
"scan" "read.table" "read.csv" "stepDataImport" "profilingWorkflow" "profilingWrapper" "main" 
"scan" "read.table" "read.csv" "stepDataImport" "profilingWorkflow" "profilingWrapper" "main" 
"scan" "read.table" "read.csv" "stepDataImport" "profilingWorkflow" "profilingWrapper" "main" 
"scan" "read.table" "read.csv" "stepDataImport" "profilingWorkflow" "profilingWrapper" "main" 
"scan" "read.table" "read.csv" "stepDataImport" "profilingWorkflow" "profilingWrapper" "main" 
"scan" "read.table" "read.csv" "stepDataImport" "profilingWorkflow" "profilingWrapper" "main" 
"scan" "read.table" "read.csv" "stepDataImport" "profilingWorkflow" "profilingWrapper" "main" 
"scan" "read.table" "read.csv" "stepDataImport" "profilingWorkflow" "profilingWrapper" "main" 
"scan" "read.table" "read.csv" "stepDataImport" "profilingWorkflow" "profilingWrapper" "main" 
"scan" "read.table" "read.csv" "stepDataImport" "profilingWorkflow" "profilingWrapper" "main" 
"scan" "read.table" "read.csv" "stepDataImport" "profilingWorkflow" "profilingWrapper" "main" 
"scan" "read.table" "read.csv" "stepDataImport" "profilingWorkflow" "profilingWrapper" "main" 
"scan" "read.table" "read.csv" "stepDataImport" "profilingWorkflow" "profilingWrapper" "main" 
"scan" "read.table" "read.csv" "stepDataImport" "profilingWorkflow" "profilingWrapper" "main" 
"scan" "read.table" "read.csv" "stepDataImport" "profilingWorkflow" "profilingWrapper" "main" 
"scan" "read.table" "read.csv" "stepDataImport" "profilingWorkflow" "profilingWrapper" "main" 
"type.convert" "read.table" "read.csv" "stepDataImport" "profilingWorkflow" "profilingWrapper" "main" 
".External2" "type.convert.default" "type.convert" "read.table" "read.csv" "stepDataImport" "profilingWorkflow" "profilingWrapper" "main" 
".External2" "type.convert.default" "type.convert" "read.table" "read.csv" "stepDataImport" "profilingWorkflow" "profilingWrapper" "main" 
".External2" "type.convert.default" "type.convert" "read.table" "read.csv" "stepDataImport" "profilingWorkflow" "profilingWrapper" "main" 
".External2" "type.convert.default" "type.convert" "read.table" "read.csv" "stepDataImport" "profilingWorkflow" "profilingWrapper" "main" 
".External2" "type.convert.default" "type.convert" "read.table" "read.csv" "stepDataImport" "profilingWorkflow" "profilingWrapper" "main" 
".External2" "type.convert.default" "type.convert" "read.table" "read.csv" "stepDataImport" "profilingWorkflow" "profilingWrapper" "main" 
".External2" "type.convert.default" "type.convert" "read.table" "read.csv" "stepDataImport" "profilingWorkflow" "profilingWrapper" "main" 
".External2" "type.convert.default" "type.convert" "read.table" "read.csv" "stepDataImport" "profilingWorkflow" "profilingWrapper" "main" 
".External2" "type.convert.default" "type.convert" "read.table" "read.csv" "stepDataImport" "profilingWorkflow" "profilingWrapper" "main" 
".External2" "type.convert.default" "type.convert" "read.table" "read.csv" "stepDataImport" "profilingWorkflow" "profilingWrapper" "main" 
".getGeneric" "getGeneric" "as" "getListElement" "getListElement" "dim" "dim" "dim" "doTryCatch" "tryCatchOne" "tryCatchList" "tryCatch" "try" "method" "validityMethod" "isTRUE" "anyStrings" "validObject" "Assays" "new_SummarizedExperiment" "SummarizedExperiment" "readSummarizedExperiment" "readQFeatures" "scp::readSCP" ".readQFeaturesTMT" "stepDataImport" "profilingWorkflow" "profilingWrapper" "main" 
"FUN" "FUN" "lapply" "lapply" "extractROWS" "extractROWS" "[" "[" "[" "[" "FUN" "lapply" "lapply" ".splitSE" "readQFeatures" "scp::readSCP" ".readQFeaturesTMT" "stepDataImport" "profilingWorkflow" "profilingWrapper" "main" 
"normalizeSingleBracketSubscript" "FUN" "FUN" "lapply" "lapply" "extractROWS" "extractROWS" "[" "[" "[" "[" "FUN" "lapply" "lapply" ".splitSE" "readQFeatures" "scp::readSCP" ".readQFeaturesTMT" "stepDataImport" "profilingWorkflow" "profilingWrapper" "main" 
"FUN" "FUN" "lapply" "lapply" "extractROWS" "extractROWS" "[" "[" "[" "[" "FUN" "lapply" "lapply" ".splitSE" "readQFeatures" "scp::readSCP" ".readQFeaturesTMT" "stepDataImport" "profilingWorkflow" "profilingWrapper" "main" 
"FUN" "FUN" "lapply" "lapply" "extractROWS" "extractROWS" "[" "[" "[" "[" "FUN" "lapply" "lapply" ".splitSE" "readQFeatures" "scp::readSCP" ".readQFeaturesTMT" "stepDataImport" "profilingWorkflow" "profilingWrapper" "main" 
"FUN" "FUN" "lapply" "lapply" "extractROWS" "extractROWS" "[" "[" "[" "[" "FUN" "lapply" "lapply" ".splitSE" "readQFeatures" "scp::readSCP" ".readQFeaturesTMT" "stepDataImport" "profilingWorkflow" "profilingWrapper" "main" 
"FUN" "FUN" "lapply" "lapply" "extractROWS" "extractROWS" "[" "[" "[" "[" "FUN" "lapply" "lapply" ".splitSE" "readQFeatures" "scp::readSCP" ".readQFeaturesTMT" "stepDataImport" "profilingWorkflow" "profilingWrapper" "main" 
"FUN" "FUN" "lapply" "lapply" "extractROWS" "extractROWS" "[" "[" "[" "[" "FUN" "lapply" "lapply" ".splitSE" "readQFeatures" "scp::readSCP" ".readQFeaturesTMT" "stepDataImport" "profilingWorkflow" "profilingWrapper" "main" 
"FUN" "FUN" "lapply" "lapply" "extractROWS" "extractROWS" "[" "[" "[" "[" "FUN" "lapply" "lapply" ".splitSE" "readQFeatures" "scp::readSCP" ".readQFeaturesTMT" "stepDataImport" "profilingWorkflow" "profilingWrapper" "main" 
"FUN" "FUN" "lapply" "lapply" "extractROWS" "extractROWS" "[" "[" "[" "[" "FUN" "lapply" "lapply" ".splitSE" "readQFeatures" "scp::readSCP" ".readQFeaturesTMT" "stepDataImport" "profilingWorkflow" "profilingWrapper" "main" 
"FUN" "FUN" "lapply" "lapply" "extractROWS" "extractROWS" "[" "[" "[" "[" "FUN" "lapply" "lapply" ".splitSE" "readQFeatures" "scp::readSCP" ".readQFeaturesTMT" "stepDataImport" "profilingWorkflow" "profilingWrapper" "main" 
"FUN" "FUN" "lapply" "lapply" "extractROWS" "extractROWS" "[" "[" "[" "[" "FUN" "lapply" "lapply" ".splitSE" "readQFeatures" "scp::readSCP" ".readQFeaturesTMT" "stepDataImport" "profilingWorkflow" "profilingWrapper" "main" 
"is" "callNextMethod" "methods:::loadMethod" "methods:::loadMethod" "parallel_slot_names" "slot" "standardGeneric" "NROW" "seq_along" "seq_along" ".testMethodsTable" "method" "validityMethod" "isTRUE" "anyStrings" "validObject" "initialize" "initialize" "new" "<Anonymous>" "do.call" "do.call" ".splitSE" "readQFeatures" "scp::readSCP" ".readQFeaturesTMT" "stepDataImport" "profilingWorkflow" "profilingWrapper" "main" 
"mergeROWS" "mergeROWS" "replaceROWS" "replaceROWS" "replaceROWS" "replaceROWS" "mergeROWS" "mergeROWS" ".nextMethod" "eval" "eval" "callNextMethod" "[<-" "[<-" ".replace_list_element" "setListElement" "setListElement" "[[<-" "[[<-" ".createUniqueColnames" "readQFeatures" "scp::readSCP" ".readQFeaturesTMT" "stepDataImport" "profilingWorkflow" "profilingWrapper" "main" 
"normalizeDoubleBracketSubscript" "getListElement" "getListElement" "getListElement" "getListElement" "[[" "[[" "f" "doTryCatch" "tryCatchOne" "tryCatchList" "tryCatch" "try" "standardGeneric" "%in%" "FUN" "vapply" ".getMethErr" ".testMethodsTable" "method" "validityMethod" "isTRUE" "anyStrings" "validObject" "initialize" "initialize" "new" "coerceToExperimentList" "asMethod" "as" ".nextMethod" "callNextMethod" "doTryCatch" "tryCatchOne" "tryCatchList" "tryCatch" "try" "coerce2" "coerce2" "doTryCatch" "tryCatchOne" "tryCatchList" "tryCatch" "try" ".wrap_in_length_one_list_like_object" ".replace_list_element" "setListElement" "setListElement" "[[<-" "[[<-" ".createUniqueColnames" "readQFeatures" "scp::readSCP" ".readQFeaturesTMT" "stepDataImport" "profilingWorkflow" "profilingWrapper" "main" 
".identC" "is" ".wrap_in_length_one_list_like_object" ".replace_list_element" "setListElement" "setListElement" "[[<-" "[[<-" ".createUniqueColnames" "readQFeatures" "scp::readSCP" ".readQFeaturesTMT" "stepDataImport" "profilingWorkflow" "profilingWrapper" "main" 
"stopifnot" "is" "callNextMethod" "normalizeSingleBracketReplacementValue" "normalizeSingleBracketReplacementValue" ".nextMethod" "eval" "eval" "callNextMethod" "[<-" "[<-" ".replace_list_element" "setListElement" "setListElement" "[[<-" "[[<-" ".createUniqueColnames" "readQFeatures" "scp::readSCP" ".readQFeaturesTMT" "stepDataImport" "profilingWorkflow" "profilingWrapper" "main" 
"isTRUE" "getClassDef" "FUN" "lapply" "sapply" "sapply" "standardGeneric" "which" "listClassName" "coerceToSimpleList" "asMethod" "as" "coerceToExperimentList" "asMethod" "as" ".nextMethod" "callNextMethod" "doTryCatch" "tryCatchOne" "tryCatchList" "tryCatch" "try" "coerce2" "coerce2" "doTryCatch" "tryCatchOne" "tryCatchList" "tryCatch" "try" ".wrap_in_length_one_list_like_object" ".replace_list_element" "setListElement" "setListElement" "[[<-" "[[<-" ".createUniqueColnames" "readQFeatures" "scp::readSCP" ".readQFeaturesTMT" "stepDataImport" "profilingWorkflow" "profilingWrapper" "main" 
"is" "callNextMethod" "methods:::loadMethod" "methods:::loadMethod" "updateObject" "names<-" "names<-" "names<-" "names<-" "names<-" ".coerceToList" "asMethod" "as" "colnames" "colnames" "unname" "unlist" "unique" "MultiAssayExperiment" "QFeatures" "readQFeatures" "scp::readSCP" ".readQFeaturesTMT" "stepDataImport" "profilingWorkflow" "profilingWrapper" "main" 
"getOption" "topenv" "getClassDef" "extends" ".inheritedArgsExpression" ".findInheritedMethods" "selectMethod" ".nextMethod" "callNextMethod" "[[" "[[" "standardGeneric" "%in%" ".harmonize" "MultiAssayExperiment" "QFeatures" "readQFeatures" "scp::readSCP" ".readQFeaturesTMT" "stepDataImport" "profilingWorkflow" "profilingWrapper" "main" 
".getClassesFromCache" "getClassDef" "is" "normalizeDoubleBracketSubscript" "getListElement" "getListElement" "getListElement" "getListElement" "<Anonymous>" ".nextMethod" "callNextMethod" "[[" "[[" "standardGeneric" "%in%" ".harmonize" "MultiAssayExperiment" "QFeatures" "readQFeatures" "scp::readSCP" ".readQFeaturesTMT" "stepDataImport" "profilingWorkflow" "profilingWrapper" "main" 
"match.fun" "vapply" "sapply_isNULL" "simplify_NULL_dimnames" "dimnames" "dimnames" "dimnames" "f" "doTryCatch" "tryCatchOne" "tryCatchList" "tryCatch" "try" "standardGeneric" "%in%" "FUN" "vapply" ".getMethErr" ".testMethodsTable" "method" "validityMethod" "isTRUE" "anyStrings" "validObject" "initialize" "initialize" "new" "coerceToExperimentList" "asMethod" "as" ".nextMethod" "callNextMethod" "doTryCatch" "tryCatchOne" "tryCatchList" "tryCatch" "try" "coerce2" "coerce2" ".make_endoapply_ans" "mendoapply" ".harmonize" "MultiAssayExperiment" "QFeatures" "readQFeatures" "scp::readSCP" ".readQFeaturesTMT" "stepDataImport" "profilingWorkflow" "profilingWrapper" "main" 
"getOption" "topenv" "getClassDef" "FUN" "lapply" "sapply" "sapply" "standardGeneric" "which" "listClassName" ".selectListClassName" "relistToClass" "relistToClass" "relist" "standardGeneric" "relist" ".coerceToList" "asMethod" "as" "dimnames" "dimnames" "dimnames" "dimnames" "dimnames" "dimnames" "%||%" "colnames" "colnames" ".uniqueNamesInAssays" "method" "validityMethod" "isTRUE" "anyStrings" "validObject" "initialize" "initialize" "new" "MultiAssayExperiment" "QFeatures" "readQFeatures" "scp::readSCP" ".readQFeaturesTMT" "stepDataImport" "profilingWorkflow" "profilingWrapper" "main" 
"colnames" "colnames" "dimnames" "dimnames" "dimnames" "FUN" "lapply" "lapply" "lapply" "lapply" ".class1" "as" "dimnames" "dimnames" "dimnames" "dimnames" "dimnames" "dimnames" "%||%" "colnames" "colnames" "Filter" ".checkSampleNames" "method" "validityMethod" "isTRUE" "anyStrings" "validObject" "initialize" "initialize" "new" "MultiAssayExperiment" "QFeatures" "readQFeatures" "scp::readSCP" ".readQFeaturesTMT" "stepDataImport" "profilingWorkflow" "profilingWrapper" "main" 
"disableValidity" "new2" "RangeNSBS" "S4Vectors:::Vector_window" "getListElement" "getListElement" "[[" "[[" "mapply" "eval" "eval" "eval" "standardGeneric" "mapply" ".checkSampleNames" "method" "validityMethod" "isTRUE" "anyStrings" "validObject" "initialize" "initialize" "new" "MultiAssayExperiment" "QFeatures" "readQFeatures" "scp::readSCP" ".readQFeaturesTMT" "stepDataImport" "profilingWorkflow" "profilingWrapper" "main" 
"is" ".inheritedArgsExpression" ".findInheritedMethods" "selectMethod" ".nextMethod" "callNextMethod" "[[" "[[" "is.factor" ".checkSampleMapNamesClass" "method" "validityMethod" "isTRUE" "anyStrings" "validObject" "initialize" "initialize" "new" "QFeatures" "readQFeatures" "scp::readSCP" ".readQFeaturesTMT" "stepDataImport" "profilingWorkflow" "profilingWrapper" "main" 
"getClassDef" "extends" ".inheritedArgsExpression" ".findInheritedMethods" "selectMethod" ".nextMethod" "callNextMethod" "[[" "[[" "[" "[" "S4Vectors::splitAsList" "mapToList" ".checkSampleNames" "method" "validityMethod" "isTRUE" "anyStrings" "validObject" "initialize" "initialize" "new" "QFeatures" "readQFeatures" "scp::readSCP" ".readQFeaturesTMT" "stepDataImport" "profilingWorkflow" "profilingWrapper" "main" 
"slot" "doTryCatch" "tryCatchOne" "tryCatchList" "tryCatch" "try" "validObject" "initialize" "initialize" "new" "new2" "new_DataFrame" "DataFrame" "IRanges" "extractROWS" "extractROWS" "subset_along_ROWS" "[" "[" "Filter" "Filter" ".checkSampleNames" "method" "validityMethod" "isTRUE" "anyStrings" "validObject" "initialize" "initialize" "new" "QFeatures" "readQFeatures" "scp::readSCP" ".readQFeaturesTMT" "stepDataImport" "profilingWorkflow" "profilingWrapper" "main" 
"extends" "is" "new_Rle" "Rle" "Rle" "normarg_strand" "new_GRanges" "GRanges" "standardGeneric" "relist" "asMethod" "as" "initialize" "initialize" "new" ".rse_to_sce" "asMethod" "FUN" "lapply" "ExperimentList" "scp::readSCP" ".readQFeaturesTMT" "stepDataImport" "profilingWorkflow" "profilingWrapper" "main" 
"getClassDef" "is" "callNextMethod" "methods:::loadMethod" "methods:::loadMethod" "updateObject" ".nextMethod" "callNextMethod" ".nextMethod" "callNextMethod" "updateObject" "updateObject" ".set_internal_all" "reducedDims<-" "reducedDims<-" ".rse_to_sce" "asMethod" "FUN" "lapply" "ExperimentList" "scp::readSCP" ".readQFeaturesTMT" "stepDataImport" "profilingWorkflow" "profilingWrapper" "main" 
"%in%" ".getGeneric" "getGeneric" "as" "updateObject" "updateObject" ".nextMethod" "callNextMethod" ".nextMethod" "callNextMethod" "updateObject" "updateObject" ".set_internal_all" "altExps<-" "altExps<-" ".rse_to_sce" "asMethod" "FUN" "lapply" "ExperimentList" "scp::readSCP" ".readQFeaturesTMT" "stepDataImport" "profilingWorkflow" "profilingWrapper" "main" 
"validObject" "updateObject" "updateObject" "updateObject" ".set_internal_all" ".local" "rowPairs<-" "rowPairs<-" ".rse_to_sce" "asMethod" "FUN" "lapply" "ExperimentList" "scp::readSCP" ".readQFeaturesTMT" "stepDataImport" "profilingWorkflow" "profilingWrapper" "main" 
"methods:::.selectDotsMethod" "standardGeneric" "<Anonymous>" "do.call" "do.call" ".local" "c" "c" "c" "coerce2" "coerce2" ".append_list_element" "setListElement" "setListElement" ".nextMethod" "eval" "eval" "callNextMethod" "[[<-" "[[<-" ".set_internal_all" ".local" "rowPairs<-" "rowPairs<-" ".rse_to_sce" "asMethod" "FUN" "lapply" "ExperimentList" "scp::readSCP" ".readQFeaturesTMT" "stepDataImport" "profilingWorkflow" "profilingWrapper" "main" 
"doTryCatch" "tryCatchOne" "tryCatchList" "tryCatch" "try" "validObject" "updateObject" ".nextMethod" "callNextMethod" "updateObject" "updateObject" ".set_internal_all" ".local" "colPairs<-" "colPairs<-" ".rse_to_sce" "asMethod" "FUN" "lapply" "ExperimentList" "scp::readSCP" ".readQFeaturesTMT" "stepDataImport" "profilingWorkflow" "profilingWrapper" "main" 
"close.connection" "close" "readRDS" "packageDescription" "withCallingHandlers" "suppressWarnings" "packageVersion" "updateObject" "updateObject" ".set_internal_all" "reducedDims<-" "reducedDims<-" ".rse_to_sce" "asMethod" "FUN" "lapply" "ExperimentList" "scp::readSCP" ".readQFeaturesTMT" "stepDataImport" "profilingWorkflow" "profilingWrapper" "main" 
"FUN" "standardGeneric" "FUN" "lapply" "lapply" "DataFrame" "cbind" "eval" "eval" "eval" "standardGeneric" "<Anonymous>" "do.call" "do.call" ".local" "c" "c" "c" "coerce2" "coerce2" ".append_list_element" "setListElement" "setListElement" ".nextMethod" "eval" "eval" "callNextMethod" "[[<-" "[[<-" ".set_internal_all" "reducedDims<-" "reducedDims<-" ".rse_to_sce" "asMethod" "FUN" "lapply" "ExperimentList" "scp::readSCP" ".readQFeaturesTMT" "stepDataImport" "profilingWorkflow" "profilingWrapper" "main" 
"as.integer" "as.integer" "as.integer" "normalizeSingleBracketSubscript" "extractROWS" "extractROWS" "extractCOLS" "extractCOLS" "[" "[" ".set_internal_all" "altExps<-" "altExps<-" ".rse_to_sce" "asMethod" "FUN" "lapply" "ExperimentList" "scp::readSCP" ".readQFeaturesTMT" "stepDataImport" "profilingWorkflow" "profilingWrapper" "main" 
".getClassesFromCache" "getClassDef" "is" "isClassDef" "getSlots" "setDataPart" "methods::slot<-" "asMethod" "as<-" "initialize" "initialize" "new" ".findNextFromTable" "addNextMethod" "addNextMethod" "callNextMethod" "METHOD" "updateObject" "updateObject" ".nextMethod" "callNextMethod" "updateObject" "updateObject" ".set_internal_all" ".local" "rowPairs<-" "rowPairs<-" ".rse_to_sce" "asMethod" "FUN" "lapply" "ExperimentList" "scp::readSCP" ".readQFeaturesTMT" "stepDataImport" "profilingWorkflow" "profilingWrapper" "main" 
"validObject" "updateObject" "updateObject" "updateObject" "METHOD" "updateObject" "updateObject" ".nextMethod" "callNextMethod" "updateObject" "updateObject" ".set_internal_all" ".local" "colPairs<-" "colPairs<-" ".rse_to_sce" "asMethod" "FUN" "lapply" "ExperimentList" "scp::readSCP" ".readQFeaturesTMT" "stepDataImport" "profilingWorkflow" "profilingWrapper" "main" 
"validObject" "initialize" "initialize" "new" "initialize" "initialize" "new" ".rse_to_sce" "asMethod" "FUN" "lapply" "ExperimentList" "scp::readSCP" ".readQFeaturesTMT" "stepDataImport" "profilingWorkflow" "profilingWrapper" "main" 
"validObject" "updateObject" ".nextMethod" "callNextMethod" "updateObject" "updateObject" ".set_internal_all" "reducedDims<-" "reducedDims<-" ".rse_to_sce" "asMethod" "FUN" "lapply" "ExperimentList" "scp::readSCP" ".readQFeaturesTMT" "stepDataImport" "profilingWorkflow" "profilingWrapper" "main" 
"getClassDef" "validObject" "updateObject" ".nextMethod" "callNextMethod" "updateObject" "updateObject" "METHOD" "updateObject" "updateObject" ".nextMethod" "callNextMethod" "updateObject" "updateObject" ".set_internal_all" "altExps<-" "altExps<-" ".rse_to_sce" "asMethod" "FUN" "lapply" "ExperimentList" "scp::readSCP" ".readQFeaturesTMT" "stepDataImport" "profilingWorkflow" "profilingWrapper" "main" 
"tryCatch" "try" "validObject" "updateObject" ".nextMethod" "callNextMethod" ".nextMethod" "callNextMethod" ".nextMethod" "callNextMethod" "updateObject" "updateObject" ".set_internal_all" ".local" "rowPairs<-" "rowPairs<-" ".rse_to_sce" "asMethod" "FUN" "lapply" "ExperimentList" "scp::readSCP" ".readQFeaturesTMT" "stepDataImport" "profilingWorkflow" "profilingWrapper" "main" 
".identC" "possibleExtends" "validObject" "initialize" "initialize" "new" "new2" "new_SimpleList_from_list" "coerceToSimpleList" "asMethod" "as" ".nextMethod" "callNextMethod" "doTryCatch" "tryCatchOne" "tryCatchList" "tryCatch" "try" "coerce2" "coerce2" ".make_endoapply_ans" "endoapply" "updateObject" "updateObject" ".nextMethod" "callNextMethod" ".nextMethod" "callNextMethod" "updateObject" "updateObject" ".set_internal_all" ".local" "colPairs<-" "colPairs<-" ".rse_to_sce" "asMethod" "FUN" "lapply" "ExperimentList" "scp::readSCP" ".readQFeaturesTMT" "stepDataImport" "profilingWorkflow" "profilingWrapper" "main" 
"mcols" "new_GRanges" "GRanges" "standardGeneric" "relist" "asMethod" "as" "initialize" "initialize" "new" ".rse_to_sce" "asMethod" "FUN" "lapply" "ExperimentList" "scp::readSCP" ".readQFeaturesTMT" "stepDataImport" "profilingWorkflow" "profilingWrapper" "main" 
".nextMethod" "callNextMethod" ".nextMethod" "callNextMethod" "updateObject" "updateObject" ".set_internal_all" "reducedDims<-" "reducedDims<-" ".rse_to_sce" "asMethod" "FUN" "lapply" "ExperimentList" "scp::readSCP" ".readQFeaturesTMT" "stepDataImport" "profilingWorkflow" "profilingWrapper" "main" 
"callNextMethod" "methods:::loadMethod" "methods:::loadMethod" "coerce2" ".make_endoapply_ans" "endoapply" "updateObject" "updateObject" ".nextMethod" "callNextMethod" ".nextMethod" "callNextMethod" "updateObject" "updateObject" ".set_internal_all" "altExps<-" "altExps<-" ".rse_to_sce" "asMethod" "FUN" "lapply" "ExperimentList" "scp::readSCP" ".readQFeaturesTMT" "stepDataImport" "profilingWorkflow" "profilingWrapper" "main" 
".getClassesFromCache" "getClassDef" "validObject" "updateObject" "updateObject" "updateObject" ".set_internal_all" ".local" "rowPairs<-" "rowPairs<-" ".rse_to_sce" "asMethod" "FUN" "lapply" "ExperimentList" "scp::readSCP" ".readQFeaturesTMT" "stepDataImport" "profilingWorkflow" "profilingWrapper" "main" 
"<Anonymous>" "dims" "doTryCatch" "tryCatchOne" "tryCatchList" "tryCatch" "try" "DataFrame" "cbind" "eval" "eval" "eval" "standardGeneric" "<Anonymous>" "do.call" "do.call" ".local" "c" "c" "c" "coerce2" "coerce2" ".append_list_element" "setListElement" "setListElement" ".nextMethod" "eval" "eval" "callNextMethod" "[[<-" "[[<-" ".set_internal_all" ".local" "rowPairs<-" "rowPairs<-" ".rse_to_sce" "asMethod" "FUN" "lapply" "ExperimentList" "scp::readSCP" ".readQFeaturesTMT" "stepDataImport" "profilingWorkflow" "profilingWrapper" "main" 
"NSBS" "NSBS" "normalizeSingleBracketSubscript" "extractCOLS" "extractCOLS" "[" "[" ".set_internal_all" ".local" "colPairs<-" "colPairs<-" ".rse_to_sce" "asMethod" "FUN" "lapply" "ExperimentList" "scp::readSCP" ".readQFeaturesTMT" "stepDataImport" "profilingWorkflow" "profilingWrapper" "main" 
"names" "names" ".inheritedArgsExpression" ".findInheritedMethods" ".findNextFromTable" "addNextMethod" "addNextMethod" "callNextMethod" ".nextMethod" "callNextMethod" "updateObject" "updateObject" ".set_internal_all" "reducedDims<-" "reducedDims<-" ".rse_to_sce" "asMethod" "FUN" "lapply" "ExperimentList" "scp::readSCP" ".readQFeaturesTMT" "stepDataImport" "profilingWorkflow" "profilingWrapper" "main" 
"is" "callNextMethod" "updateObject" "updateObject" "updateObject" "updateObject" ".set_internal_all" "altExps<-" "altExps<-" ".rse_to_sce" "asMethod" "FUN" "lapply" "ExperimentList" "scp::readSCP" ".readQFeaturesTMT" "stepDataImport" "profilingWorkflow" "profilingWrapper" "main" 
"class" "is" "callNextMethod" "methods:::loadMethod" "methods:::loadMethod" "[[<-" ".set_internal_all" "altExps<-" "altExps<-" ".rse_to_sce" "asMethod" "FUN" "lapply" "ExperimentList" "scp::readSCP" ".readQFeaturesTMT" "stepDataImport" "profilingWorkflow" "profilingWrapper" "main" 
".findNextFromTable" "addNextMethod" "addNextMethod" "callNextMethod" "METHOD" "updateObject" "updateObject" ".nextMethod" "callNextMethod" "updateObject" "updateObject" ".set_internal_all" ".local" "rowPairs<-" "rowPairs<-" ".rse_to_sce" "asMethod" "FUN" "lapply" "ExperimentList" "scp::readSCP" ".readQFeaturesTMT" "stepDataImport" "profilingWorkflow" "profilingWrapper" "main" 
"callNextMethod" "updateObject" "updateObject" ".nextMethod" "callNextMethod" "updateObject" "updateObject" "updateObject" "updateObject" ".nextMethod" "callNextMethod" "updateObject" "updateObject" ".set_internal_all" ".local" "colPairs<-" "colPairs<-" ".rse_to_sce" "asMethod" "FUN" "lapply" "ExperimentList" "scp::readSCP" ".readQFeaturesTMT" "stepDataImport" "profilingWorkflow" "profilingWrapper" "main" 
"callNextMethod" "methods:::loadMethod" "methods:::loadMethod" "parallel_slot_names" "slot" "standardGeneric" "NROW" "length" "length" "length" "eval" "eval" "callGeneric" "length" "length" "length" "Assays" ".new_RangedSummarizedExperiment" "asMethod" "as" "initialize" "initialize" "new" ".rse_to_sce" "asMethod" "FUN" "lapply" "ExperimentList" "scp::readSCP" ".readQFeaturesTMT" "stepDataImport" "profilingWorkflow" "profilingWrapper" "main" 
"strsplit" "lengths" ".fillSignatures" ".findInheritedMethods" ".findNextFromTable" "addNextMethod" "addNextMethod" "callNextMethod" "METHOD" "updateObject" "updateObject" ".nextMethod" "callNextMethod" "updateObject" "updateObject" ".set_internal_all" "reducedDims<-" "reducedDims<-" ".rse_to_sce" "asMethod" "FUN" "lapply" "ExperimentList" "scp::readSCP" ".readQFeaturesTMT" "stepDataImport" "profilingWorkflow" "profilingWrapper" "main" 
"tryCatch" "try" "validObject" "updateObject" ".nextMethod" "callNextMethod" "updateObject" "updateObject" "updateObject" "updateObject" ".nextMethod" "callNextMethod" "updateObject" "updateObject" ".set_internal_all" "altExps<-" "altExps<-" ".rse_to_sce" "asMethod" "FUN" "lapply" "ExperimentList" "scp::readSCP" ".readQFeaturesTMT" "stepDataImport" "profilingWorkflow" "profilingWrapper" "main" 
".getClassesFromCache" "getClassDef" "is" "callNextMethod" "methods:::loadMethod" "methods:::loadMethod" "updateObject" ".nextMethod" "callNextMethod" ".nextMethod" "callNextMethod" "updateObject" "updateObject" ".set_internal_all" ".local" "rowPairs<-" "rowPairs<-" ".rse_to_sce" "asMethod" "FUN" "lapply" "ExperimentList" "scp::readSCP" ".readQFeaturesTMT" "stepDataImport" "profilingWorkflow" "profilingWrapper" "main" 
"getNamespace" ".requirePackage" ".classEnv" "as" ".nextMethod" "callNextMethod" "doTryCatch" "tryCatchOne" "tryCatchList" "tryCatch" "try" "coerce2" "coerce2" ".make_endoapply_ans" "endoapply" "updateObject" "updateObject" ".nextMethod" "callNextMethod" ".nextMethod" "callNextMethod" "updateObject" "updateObject" ".set_internal_all" ".local" "colPairs<-" "colPairs<-" ".rse_to_sce" "asMethod" "FUN" "lapply" "ExperimentList" "scp::readSCP" ".readQFeaturesTMT" "stepDataImport" "profilingWorkflow" "profilingWrapper" "main" 
"GRanges" "standardGeneric" "relist" "asMethod" "as" "initialize" "initialize" "new" ".rse_to_sce" "asMethod" "FUN" "lapply" "ExperimentList" "scp::readSCP" ".readQFeaturesTMT" "stepDataImport" "profilingWorkflow" "profilingWrapper" "main" 
"structure" "asS4" ".asS4" ".newSignature" ".findInheritedMethods" ".findNextFromTable" "addNextMethod" "addNextMethod" "callNextMethod" ".nextMethod" "callNextMethod" ".nextMethod" "callNextMethod" "updateObject" "updateObject" ".set_internal_all" "reducedDims<-" "reducedDims<-" ".rse_to_sce" "asMethod" "FUN" "lapply" "ExperimentList" "scp::readSCP" ".readQFeaturesTMT" "stepDataImport" "profilingWorkflow" "profilingWrapper" "main" 
"lapply" "sapply" "sapply" "standardGeneric" "which" "listClassName" "coerceToSimpleList" "asMethod" "as" ".nextMethod" "callNextMethod" "doTryCatch" "tryCatchOne" "tryCatchList" "tryCatch" "try" "coerce2" "coerce2" ".make_endoapply_ans" "endoapply" "updateObject" "updateObject" ".nextMethod" "callNextMethod" ".nextMethod" "callNextMethod" "updateObject" "updateObject" ".set_internal_all" "altExps<-" "altExps<-" ".rse_to_sce" "asMethod" "FUN" "lapply" "ExperimentList" "scp::readSCP" ".readQFeaturesTMT" "stepDataImport" "profilingWorkflow" "profilingWrapper" "main" 
"getDataPart" "methods::slot" "asMethod" "as<-" "initialize" "initialize" "new" ".findNextFromTable" "addNextMethod" "addNextMethod" "callNextMethod" ".nextMethod" "callNextMethod" "updateObject" "updateObject" ".set_internal_all" ".local" "rowPairs<-" "rowPairs<-" ".rse_to_sce" "asMethod" "FUN" "lapply" "ExperimentList" "scp::readSCP" ".readQFeaturesTMT" "stepDataImport" "profilingWorkflow" "profilingWrapper" "main" 
"tryCatchList" "tryCatch" "try" "validObject" "updateObject" "updateObject" "updateObject" ".set_internal_all" ".local" "colPairs<-" "colPairs<-" ".rse_to_sce" "asMethod" "FUN" "lapply" "ExperimentList" "scp::readSCP" ".readQFeaturesTMT" "stepDataImport" "profilingWorkflow" "profilingWrapper" "main" 
"unique" "unique" "standardGeneric" "<Anonymous>" "do.call" "do.call" ".local" "c" "c" "c" "coerce2" "coerce2" ".append_list_element" "setListElement" "setListElement" ".nextMethod" "eval" "eval" "callNextMethod" "[[<-" "[[<-" ".set_internal_all" ".local" "colPairs<-" "colPairs<-" ".rse_to_sce" "asMethod" "FUN" "lapply" "ExperimentList" "scp::readSCP" ".readQFeaturesTMT" "stepDataImport" "profilingWorkflow" "profilingWrapper" "main" 
"stopifnot" "lowestListElementClass" "coerceToSimpleList" "asMethod" "as" ".nextMethod" "callNextMethod" "doTryCatch" "tryCatchOne" "tryCatchList" "tryCatch" "try" "coerce2" "coerce2" ".make_endoapply_ans" "endoapply" "updateObject" "updateObject" ".nextMethod" "callNextMethod" ".nextMethod" "callNextMethod" "updateObject" "updateObject" ".set_internal_all" "reducedDims<-" "reducedDims<-" ".rse_to_sce" "asMethod" "FUN" "lapply" "ExperimentList" "scp::readSCP" ".readQFeaturesTMT" "stepDataImport" "profilingWorkflow" "profilingWrapper" "main" 
"tryCatch" "try" "validObject" "updateObject" "updateObject" "updateObject" ".set_internal_all" "altExps<-" "altExps<-" ".rse_to_sce" "asMethod" "FUN" "lapply" "ExperimentList" "scp::readSCP" ".readQFeaturesTMT" "stepDataImport" "profilingWorkflow" "profilingWrapper" "main" 
"tryCatchOne" "tryCatchList" "tryCatch" "try" "validObject" "initialize" "initialize" "new" "new2" "new_DataFrame" "coerce2" "coerce2" "doTryCatch" "tryCatchOne" "tryCatchList" "tryCatch" "try" ".wrap_in_length_one_list_like_object" ".append_list_element" "setListElement" "setListElement" ".nextMethod" "eval" "eval" "callNextMethod" "[[<-" "[[<-" ".set_internal_all" "altExps<-" "altExps<-" ".rse_to_sce" "asMethod" "FUN" "lapply" "ExperimentList" "scp::readSCP" ".readQFeaturesTMT" "stepDataImport" "profilingWorkflow" "profilingWrapper" "main" 
"tryCatch" "try" "validObject" "initialize" "initialize" "new" ".findNextFromTable" "addNextMethod" "addNextMethod" "callNextMethod" "METHOD" "updateObject" "updateObject" ".nextMethod" "callNextMethod" "updateObject" "updateObject" ".set_internal_all" ".local" "rowPairs<-" "rowPairs<-" ".rse_to_sce" "asMethod" "FUN" "lapply" "ExperimentList" "scp::readSCP" ".readQFeaturesTMT" "stepDataImport" "profilingWorkflow" "profilingWrapper" "main" 
"tryCatch" "try" "validObject" "initialize" "initialize" "new" ".findNextFromTable" "addNextMethod" "addNextMethod" "callNextMethod" "METHOD" "updateObject" "updateObject" ".nextMethod" "callNextMethod" "updateObject" "updateObject" ".set_internal_all" ".local" "rowPairs<-" "rowPairs<-" ".rse_to_sce" "asMethod" "FUN" "lapply" "ExperimentList" "scp::readSCP" ".readQFeaturesTMT" "stepDataImport" "profilingWorkflow" "profilingWrapper" "main" 
"callNextMethod" "doTryCatch" "tryCatchOne" "tryCatchList" "tryCatch" "try" "coerce2" "coerce2" ".make_endoapply_ans" "endoapply" "updateObject" "updateObject" ".nextMethod" "callNextMethod" ".nextMethod" "callNextMethod" "updateObject" "updateObject" ".set_internal_all" ".local" "colPairs<-" "colPairs<-" ".rse_to_sce" "asMethod" "FUN" "lapply" "ExperimentList" "scp::readSCP" ".readQFeaturesTMT" "stepDataImport" "profilingWorkflow" "profilingWrapper" "main" 
"callNextMethod" "parallel_slot_names" "parallel_slot_names" ".validate_Vector_parallel_slots" "method" "validityMethod" "isTRUE" "anyStrings" "validObject" "initialize" "initialize" "new" "ExperimentList" "scp::readSCP" ".readQFeaturesTMT" "stepDataImport" "profilingWorkflow" "profilingWrapper" "main" 
"sys.function" "callNextMethod" "updateObject" "updateObject" "METHOD" "updateObject" "updateObject" "rowRanges" "rowRanges" "names" "names" "names" ".local" "rownames" "rownames" "dimnames" "dimnames" "dimnames" "f" "doTryCatch" "tryCatchOne" "tryCatchList" "tryCatch" "try" "standardGeneric" "%in%" "FUN" "vapply" ".getMethErr" ".testMethodsTable" "method" "validityMethod" "isTRUE" "anyStrings" "validObject" "initialize" "initialize" "new" "ExperimentList" "scp::readSCP" ".readQFeaturesTMT" "stepDataImport" "profilingWorkflow" "profilingWrapper" "main" 
"getClassDef" "is" "callNextMethod" "updateObject" "updateObject" "updateObject" "updateObject" "updateObject" "updateObject" "rowRanges" "rowRanges" "names" "names" "names" ".local" "rownames" "rownames" "dimnames" "dimnames" "dimnames" "f" "doTryCatch" "tryCatchOne" "tryCatchList" "tryCatch" "try" "standardGeneric" "%in%" "FUN" "vapply" ".getMethErr" ".testMethodsTable" "method" "validityMethod" "isTRUE" "anyStrings" "validObject" "initialize" "initialize" "new" "ExperimentList" "scp::readSCP" ".readQFeaturesTMT" "stepDataImport" "profilingWorkflow" "profilingWrapper" "main" 
"stopifnot" "is" "callNextMethod" "methods:::loadMethod" "methods:::loadMethod" "updateObject" ".nextMethod" "callNextMethod" "METHOD" "updateObject" "updateObject" "rowRanges" "rowRanges" "names" "names" "names" ".local" "rownames" "rownames" "dimnames" "dimnames" "dimnames" "f" "doTryCatch" "tryCatchOne" "tryCatchList" "tryCatch" "try" "standardGeneric" "%in%" "FUN" "vapply" ".getMethErr" ".testMethodsTable" "method" "validityMethod" "isTRUE" "anyStrings" "validObject" "initialize" "initialize" "new" "ExperimentList" "scp::readSCP" ".readQFeaturesTMT" "stepDataImport" "profilingWorkflow" "profilingWrapper" "main" 
".getClassesFromCache" "getClassDef" "is" "callNextMethod" "methods:::loadMethod" "methods:::loadMethod" "updateObject" "METHOD" "updateObject" "updateObject" "rowRanges" "rowRanges" "names" "names" "names" ".local" "rownames" "rownames" "dimnames" "dimnames" "dimnames" "f" "doTryCatch" "tryCatchOne" "tryCatchList" "tryCatch" "try" "standardGeneric" "%in%" "FUN" "vapply" ".getMethErr" ".testMethodsTable" "method" "validityMethod" "isTRUE" "anyStrings" "validObject" "initialize" "initialize" "new" "ExperimentList" "scp::readSCP" ".readQFeaturesTMT" "stepDataImport" "profilingWorkflow" "profilingWrapper" "main" 
"sys.function" "callNextMethod" "updateObject" "updateObject" "updateObject" "updateObject" "updateObject" "updateObject" "rowRanges" "rowRanges" "names" "names" "names" ".local" "rownames" "rownames" "dimnames" "dimnames" "dimnames" "f" "doTryCatch" "tryCatchOne" "tryCatchList" "tryCatch" "try" "standardGeneric" "%in%" "FUN" "vapply" ".getMethErr" ".testMethodsTable" "method" "validityMethod" "isTRUE" "anyStrings" "validObject" "initialize" "initialize" "new" "ExperimentList" "scp::readSCP" ".readQFeaturesTMT" "stepDataImport" "profilingWorkflow" "profilingWrapper" "main" 
".identC" "possibleExtends" "validObject" "initialize" "initialize" "new" ".findNextFromTable" "addNextMethod" "addNextMethod" "callNextMethod" "METHOD" "updateObject" "updateObject" "rowRanges" "rowRanges" "names" "names" "names" ".local" "rownames" "rownames" "dimnames" "dimnames" "dimnames" "f" "doTryCatch" "tryCatchOne" "tryCatchList" "tryCatch" "try" "standardGeneric" "%in%" "FUN" "vapply" ".getMethErr" ".testMethodsTable" "method" "validityMethod" "isTRUE" "anyStrings" "validObject" "initialize" "initialize" "new" "ExperimentList" "scp::readSCP" ".readQFeaturesTMT" "stepDataImport" "profilingWorkflow" "profilingWrapper" "main" 
"get0" "getClassDef" "FUN" "lapply" "sapply" "sapply" "standardGeneric" "which" "listClassName" ".selectListClassName" "relistToClass" "relistToClass" "relist" "standardGeneric" "relist" ".coerceToList" "asMethod" "as" "dimnames" "dimnames" "dimnames" "dimnames" "dimnames" "dimnames" "%||%" "colnames" "colnames" "experiments<-" "experiments<-" "scp::readSCP" ".readQFeaturesTMT" "stepDataImport" "profilingWorkflow" "profilingWrapper" "main" 
"callNextMethod" "methods:::loadMethod" "methods:::loadMethod" "parallel_slot_names" "slot" "standardGeneric" "NROW" "length" "length" "length" "length" "length" "length" "profilingWorkflow" "profilingWrapper" "main" 
".zeroIsNA" "zeroIsNA" "zeroIsNA" "zeroIsNA" "zeroIsNA" "stepPreProcessingTMT" "stepPreProcessing" "profilingWorkflow" "profilingWrapper" "main" 
"@<-" ".nextMethod" "callNextMethod" "updateObject" "updateObject" "updateObject" "updateObject" "METHOD" "updateObject" "updateObject" "rowRanges" "rowRanges" "names" "names" "names" ".local" "rownames" "rownames" "dimnames" "dimnames" "dimnames" "get_normalized_rownames_and_colnames" "assays_have_expected_dimnames" "assays<-" "assays<-" "assay<-" "assay<-" ".zeroIsNA" "zeroIsNA" "zeroIsNA" "zeroIsNA" "zeroIsNA" "stepPreProcessingTMT" "stepPreProcessing" "profilingWorkflow" "profilingWrapper" "main" 
"selectMethod" ".selectClosestMethod1" "updateObject" "updateObject" "rowRanges" "rowRanges" "names" "names" "names" ".local" "rownames" "rownames" "dimnames" "dimnames" "dimnames" "f" "doTryCatch" "tryCatchOne" "tryCatchList" "tryCatch" "try" "standardGeneric" "%in%" "FUN" "vapply" ".getMethErr" ".testMethodsTable" "method" "validityMethod" "isTRUE" "anyStrings" "validObject" "initialize" "initialize" "new" "coerceToExperimentList" "asMethod" "as" ".nextMethod" "callNextMethod" "doTryCatch" "tryCatchOne" "tryCatchList" "tryCatch" "try" "coerce2" "coerce2" "doTryCatch" "tryCatchOne" "tryCatchList" "tryCatch" "try" ".wrap_in_length_one_list_like_object" ".replace_list_element" "setListElement" "setListElement" "[[<-" "[[<-" "zeroIsNA" "zeroIsNA" "stepPreProcessingTMT" "stepPreProcessing" "profilingWorkflow" "profilingWrapper" "main" 
"validObject" "initialize" "initialize" "new" ".findNextFromTable" "addNextMethod" "addNextMethod" "callNextMethod" "METHOD" "updateObject" "updateObject" "rowRanges" "rowRanges" "names" "names" "names" ".local" "rownames" "rownames" "dimnames" "dimnames" "dimnames" "assays" "assays" "assay" "assay" ".zeroIsNA" "zeroIsNA" "zeroIsNA" "zeroIsNA" "zeroIsNA" "stepPreProcessingTMT" "stepPreProcessing" "profilingWorkflow" "profilingWrapper" "main" 
"getClassDef" "extends" ".inheritedArgsExpression" ".findInheritedMethods" "selectMethod" ".selectClosestMethod1" "names" "names" "names" "names" "names" "names" ".local" "rownames" "rownames" "dimnames" "dimnames" "dimnames" "assays" "assays" "assay<-" "assay<-" ".zeroIsNA" "zeroIsNA" "zeroIsNA" "zeroIsNA" "zeroIsNA" "stepPreProcessingTMT" "stepPreProcessing" "profilingWorkflow" "profilingWrapper" "main" 
"prod" "simplify2array" "sapply" "sapply" "method" "validityMethod" "isTRUE" "anyStrings" "validObject" "Assays" "assays<-" "assays<-" "assay<-" "assay<-" ".zeroIsNA" "zeroIsNA" "zeroIsNA" "zeroIsNA" "zeroIsNA" "stepPreProcessingTMT" "stepPreProcessing" "profilingWorkflow" "profilingWrapper" "main" 
"updateObject" ".nextMethod" "callNextMethod" "updateObject" "updateObject" ".nextMethod" "callNextMethod" "updateObject" "updateObject" "updateObject" "updateObject" "rowRanges" "rowRanges" "names" "names" "names" ".local" "rownames" "rownames" "dimnames" "dimnames" "dimnames" "f" "doTryCatch" "tryCatchOne" "tryCatchList" "tryCatch" "try" "standardGeneric" "%in%" "FUN" "vapply" ".getMethErr" ".testMethodsTable" "method" "validityMethod" "isTRUE" "anyStrings" "validObject" "initialize" "initialize" "new" "coerceToExperimentList" "asMethod" "as" ".nextMethod" "callNextMethod" "doTryCatch" "tryCatchOne" "tryCatchList" "tryCatch" "try" "coerce2" "coerce2" "doTryCatch" "tryCatchOne" "tryCatchList" "tryCatch" "try" ".wrap_in_length_one_list_like_object" ".replace_list_element" "setListElement" "setListElement" "[[<-" "[[<-" "zeroIsNA" "zeroIsNA" "stepPreProcessingTMT" "stepPreProcessing" "profilingWorkflow" "profilingWrapper" "main" 
"methods:::loadMethod" "parallel_slot_names" "slot" "standardGeneric" "NROW" "length" "length" "length" ".nextMethod" "callNextMethod" "doTryCatch" "tryCatchOne" "tryCatchList" "tryCatch" "try" "coerce2" "coerce2" ".make_endoapply_ans" "endoapply" "assays" "assays" "assay" "assay" ".zeroIsNA" "zeroIsNA" "zeroIsNA" "zeroIsNA" "zeroIsNA" "stepPreProcessingTMT" "stepPreProcessing" "profilingWorkflow" "profilingWrapper" "main" 
"methods:::loadMethod" "methods:::loadMethod" "parallel_slot_names" "slot" "standardGeneric" "NROW" "length" "length" "length" "setListElement" "setListElement" "[[<-" "[[<-" "assay<-" "assay<-" ".zeroIsNA" "zeroIsNA" "zeroIsNA" "zeroIsNA" "zeroIsNA" "stepPreProcessingTMT" "stepPreProcessing" "profilingWorkflow" "profilingWrapper" "main" 
"as" "coerceToExperimentList" "asMethod" "as" ".nextMethod" "callNextMethod" "doTryCatch" "tryCatchOne" "tryCatchList" "tryCatch" "try" "coerce2" "coerce2" "doTryCatch" "tryCatchOne" "tryCatchList" "tryCatch" "try" ".wrap_in_length_one_list_like_object" ".replace_list_element" "setListElement" "setListElement" "[[<-" "[[<-" "zeroIsNA" "zeroIsNA" "stepPreProcessingTMT" "stepPreProcessing" "profilingWorkflow" "profilingWrapper" "main" 
"anyDuplicated" "initialize" "initialize" "new" ".findNextFromTable" "addNextMethod" "addNextMethod" "callNextMethod" "METHOD" "updateObject" "updateObject" "rowRanges" "rowRanges" "names" "names" "names" ".local" "rownames" "rownames" "dimnames" "dimnames" "dimnames" "f" "doTryCatch" "tryCatchOne" "tryCatchList" "tryCatch" "try" "standardGeneric" "%in%" "FUN" "vapply" ".getMethErr" ".testMethodsTable" "method" "validityMethod" "isTRUE" "anyStrings" "validObject" "initialize" "initialize" "new" "coerceToExperimentList" "asMethod" "as" ".nextMethod" "callNextMethod" "doTryCatch" "tryCatchOne" "tryCatchList" "tryCatch" "try" "coerce2" "coerce2" "doTryCatch" "tryCatchOne" "tryCatchList" "tryCatch" "try" ".wrap_in_length_one_list_like_object" ".replace_list_element" "setListElement" "setListElement" "[[<-" "[[<-" "zeroIsNA" "zeroIsNA" "stepPreProcessingTMT" "stepPreProcessing" "profilingWorkflow" "profilingWrapper" "main" 
".getClassesFromCache" "getClassDef" "is" ".findMethodInTable" "selectMethod" ".selectClosestMethod1" "updateObject" "updateObject" "rowRanges" "rowRanges" "names" "names" "names" ".local" "rownames" "rownames" "dimnames" "dimnames" "dimnames" "assays" "assays" "assay" "assay" ".zeroIsNA" "zeroIsNA" "zeroIsNA" "zeroIsNA" "zeroIsNA" "stepPreProcessingTMT" "stepPreProcessing" "profilingWorkflow" "profilingWrapper" "main" 
"duplicatedIntegerPairs" ".unique_classes" "lowestListElementClass" "coerceToSimpleList" "asMethod" "as" ".nextMethod" "callNextMethod" "doTryCatch" "tryCatchOne" "tryCatchList" "tryCatch" "try" "coerce2" "coerce2" "doTryCatch" "tryCatchOne" "tryCatchList" "tryCatch" "try" ".wrap_in_length_one_list_like_object" ".replace_list_element" "setListElement" "setListElement" "[[<-" "[[<-" "assay<-" "assay<-" ".zeroIsNA" "zeroIsNA" "zeroIsNA" "zeroIsNA" "zeroIsNA" "stepPreProcessingTMT" "stepPreProcessing" "profilingWorkflow" "profilingWrapper" "main" 
"is.environment" "getClassDef" "FUN" "lapply" "sapply" "sapply" "standardGeneric" "which" "listClassName" "coerceToSimpleList" "asMethod" "as" "coerceToExperimentList" "asMethod" "as" ".nextMethod" "callNextMethod" "doTryCatch" "tryCatchOne" "tryCatchList" "tryCatch" "try" "coerce2" "coerce2" "doTryCatch" "tryCatchOne" "tryCatchList" "tryCatch" "try" ".wrap_in_length_one_list_like_object" ".replace_list_element" "setListElement" "setListElement" "[[<-" "[[<-" "zeroIsNA" "zeroIsNA" "stepPreProcessingTMT" "stepPreProcessing" "profilingWorkflow" "profilingWrapper" "main" 
"is" "callNextMethod" "methods:::loadMethod" "methods:::loadMethod" "updateObject" ".nextMethod" "eval" "eval" "callNextMethod" ".local" "colData" "colData" "rownames" ".local" "colnames" "colnames" "dimnames" "dimnames" "dimnames" "f" "doTryCatch" "tryCatchOne" "tryCatchList" "tryCatch" "try" "standardGeneric" "%in%" "FUN" "vapply" ".getMethErr" ".testMethodsTable" "method" "validityMethod" "isTRUE" "anyStrings" "validObject" "initialize" "initialize" "new" "coerceToExperimentList" "asMethod" "as" ".nextMethod" "callNextMethod" "doTryCatch" "tryCatchOne" "tryCatchList" "tryCatch" "try" "coerce2" "coerce2" "doTryCatch" "tryCatchOne" "tryCatchList" "tryCatch" "try" ".wrap_in_length_one_list_like_object" ".replace_list_element" "setListElement" "setListElement" "[[<-" "[[<-" "zeroIsNA" "zeroIsNA" "stepPreProcessingTMT" "stepPreProcessing" "profilingWorkflow" "profilingWrapper" "main" 
"@<-" ".nextMethod" "callNextMethod" "updateObject" "updateObject" ".nextMethod" "callNextMethod" "updateObject" "updateObject" "METHOD" "updateObject" "updateObject" "rowRanges" "rowRanges" "names" "names" "names" ".local" "rownames" "rownames" "dimnames" "dimnames" "dimnames" "assays" "assays" "assay" "assay" ".zeroIsNA" "zeroIsNA" "zeroIsNA" "zeroIsNA" "zeroIsNA" "stepPreProcessingTMT" "stepPreProcessing" "profilingWorkflow" "profilingWrapper" "main" 
".identC" "possibleExtends" "FUN" "lapply" "sapply" "sapply" "standardGeneric" "which" "listClassName" "coerceToSimpleList" "asMethod" "as" ".nextMethod" "callNextMethod" "doTryCatch" "tryCatchOne" "tryCatchList" "tryCatch" "try" "coerce2" "coerce2" "doTryCatch" "tryCatchOne" "tryCatchList" "tryCatch" "try" ".wrap_in_length_one_list_like_object" ".replace_list_element" "setListElement" "setListElement" "[[<-" "[[<-" "assay<-" "assay<-" ".zeroIsNA" "zeroIsNA" "zeroIsNA" "zeroIsNA" "zeroIsNA" "stepPreProcessingTMT" "stepPreProcessing" "profilingWorkflow" "profilingWrapper" "main" 
"validObject" "initialize" "initialize" "new" "new2" "new_SimpleList_from_list" "coerceToSimpleList" "asMethod" "as" "coerceToExperimentList" "asMethod" "as" ".nextMethod" "callNextMethod" "doTryCatch" "tryCatchOne" "tryCatchList" "tryCatch" "try" "coerce2" "coerce2" "doTryCatch" "tryCatchOne" "tryCatchList" "tryCatch" "try" ".wrap_in_length_one_list_like_object" ".replace_list_element" "setListElement" "setListElement" "[[<-" "[[<-" "zeroIsNA" "zeroIsNA" "stepPreProcessingTMT" "stepPreProcessing" "profilingWorkflow" "profilingWrapper" "main" 
"is" "callNextMethod" "parallel_slot_names" "parallel_slot_names" "slot" "standardGeneric" "NROW" "length" "length" "length" ".nextMethod" "callNextMethod" "doTryCatch" "tryCatchOne" "tryCatchList" "tryCatch" "try" "coerce2" "coerce2" "doTryCatch" "tryCatchOne" "tryCatchList" "tryCatch" "try" ".wrap_in_length_one_list_like_object" ".replace_list_element" "setListElement" "setListElement" "[[<-" "[[<-" "zeroIsNA" "zeroIsNA" "stepPreProcessingTMT" "stepPreProcessing" "profilingWorkflow" "profilingWrapper" "main" 
"getClassDef" "validObject" "initialize" "initialize" "new" ".findNextFromTable" "addNextMethod" "addNextMethod" "callNextMethod" "METHOD" "updateObject" "updateObject" "rowRanges" "rowRanges" "names" "names" "names" ".local" "rownames" "rownames" "dimnames" "dimnames" "dimnames" "assays" "assays" "assay" "assay" ".zeroIsNA" "zeroIsNA" "zeroIsNA" "zeroIsNA" "zeroIsNA" "stepPreProcessingTMT" "stepPreProcessing" "profilingWorkflow" "profilingWrapper" "main" 
"sys.function" "callNextMethod" "parallel_slot_names" "parallel_slot_names" "slot" "standardGeneric" "NROW" "length" "length" "length" "NROW" "standardGeneric" "NROW" "NSBS" "NSBS" "normalizeSingleBracketSubscript" "mergeROWS" "mergeROWS" ".nextMethod" "eval" "eval" "callNextMethod" "[<-" "[<-" ".replace_list_element" "setListElement" "setListElement" "[[<-" "[[<-" "assay<-" "assay<-" ".zeroIsNA" "zeroIsNA" "zeroIsNA" "zeroIsNA" "zeroIsNA" "stepPreProcessingTMT" "stepPreProcessing" "profilingWorkflow" "profilingWrapper" "main" 
".getClassesFromCache" "getClassDef" "is" "callNextMethod" "updateObject" "updateObject" "updateObject" "updateObject" "rowRanges" "rowRanges" "names" "names" "names" ".local" "rownames" "rownames" "dimnames" "dimnames" "dimnames" "f" "doTryCatch" "tryCatchOne" "tryCatchList" "tryCatch" "try" "standardGeneric" "%in%" "FUN" "vapply" ".getMethErr" ".testMethodsTable" "method" "validityMethod" "isTRUE" "anyStrings" "validObject" "initialize" "initialize" "new" "coerceToExperimentList" "asMethod" "as" ".nextMethod" "callNextMethod" "doTryCatch" "tryCatchOne" "tryCatchList" "tryCatch" "try" "coerce2" "coerce2" "doTryCatch" "tryCatchOne" "tryCatchList" "tryCatch" "try" ".wrap_in_length_one_list_like_object" ".replace_list_element" "setListElement" "setListElement" "[[<-" "[[<-" "zeroIsNA" "zeroIsNA" "stepPreProcessingTMT" "stepPreProcessing" "profilingWorkflow" "profilingWrapper" "main" 
"dim" "dim" "NROW" "standardGeneric" "NROW" "NSBS" "NSBS" "normalizeSingleBracketSubscript" "replaceROWS" "replaceROWS" "mergeROWS" "mergeROWS" ".nextMethod" "eval" "eval" "callNextMethod" "[<-" "[<-" ".replace_list_element" "setListElement" "setListElement" "[[<-" "[[<-" "zeroIsNA" "zeroIsNA" "stepPreProcessingTMT" "stepPreProcessing" "profilingWorkflow" "profilingWrapper" "main" 
"match.call" "callNextMethod" "updateObject" "updateObject" ".nextMethod" "eval" "eval" "callNextMethod" ".local" "colData" "colData" "rownames" ".local" "colnames" "colnames" "dimnames" "dimnames" "dimnames" "assays" "assays" "assay" "assay" ".zeroIsNA" "zeroIsNA" "zeroIsNA" "zeroIsNA" "zeroIsNA" "stepPreProcessingTMT" "stepPreProcessing" "profilingWorkflow" "profilingWrapper" "main" 
"stopifnot" "is" "callNextMethod" "doTryCatch" "tryCatchOne" "tryCatchList" "tryCatch" "try" "FUN" "FUN" "lapply" "lapply" "prepare_objects_to_bind" "bindROWS" "bindROWS" "replaceROWS" "replaceROWS" "mergeROWS" "mergeROWS" ".nextMethod" "eval" "eval" "callNextMethod" "[<-" "[<-" ".replace_list_element" "setListElement" "setListElement" "[[<-" "[[<-" "assay<-" "assay<-" ".zeroIsNA" "zeroIsNA" "zeroIsNA" "zeroIsNA" "zeroIsNA" "stepPreProcessingTMT" "stepPreProcessing" "profilingWorkflow" "profilingWrapper" "main" 
"is" ".findInheritedMethods" "selectMethod" ".selectClosestMethod1" "updateObject" "updateObject" "rowRanges" "rowRanges" "names" "names" "names" ".local" "rownames" "rownames" "dimnames" "dimnames" "dimnames" "f" "doTryCatch" "tryCatchOne" "tryCatchList" "tryCatch" "try" "standardGeneric" "%in%" "FUN" "vapply" ".getMethErr" ".testMethodsTable" "method" "validityMethod" "isTRUE" "anyStrings" "validObject" "initialize" "initialize" "new" "coerceToExperimentList" "asMethod" "as" ".nextMethod" "callNextMethod" "doTryCatch" "tryCatchOne" "tryCatchList" "tryCatch" "try" "coerce2" "coerce2" "doTryCatch" "tryCatchOne" "tryCatchList" "tryCatch" "try" ".wrap_in_length_one_list_like_object" ".replace_list_element" "setListElement" "setListElement" "[[<-" "[[<-" "zeroIsNA" "zeroIsNA" "stepPreProcessingTMT" "stepPreProcessing" "profilingWorkflow" "profilingWrapper" "main" 
"sapply_isNULL" "combine_mcols" "bindROWS" "bindROWS" "replaceROWS" "replaceROWS" "mergeROWS" "mergeROWS" ".nextMethod" "eval" "eval" "callNextMethod" "[<-" "[<-" ".replace_list_element" "setListElement" "setListElement" "[[<-" "[[<-" "zeroIsNA" "zeroIsNA" "stepPreProcessingTMT" "stepPreProcessing" "profilingWorkflow" "profilingWrapper" "main" 
"methodsPackageMetaName" "classMetaName" "getClassDef" "FUN" "lapply" "sapply" "sapply" "standardGeneric" "which" "listClassName" "coerceToSimpleList" "asMethod" "as" ".nextMethod" "callNextMethod" "doTryCatch" "tryCatchOne" "tryCatchList" "tryCatch" "try" "coerce2" "coerce2" ".make_endoapply_ans" "endoapply" "assays" "assays" "assay" "assay" ".zeroIsNA" "zeroIsNA" "zeroIsNA" "zeroIsNA" "zeroIsNA" "stepPreProcessingTMT" "stepPreProcessing" "profilingWorkflow" "profilingWrapper" "main" 
"is" "callNextMethod" "methods:::loadMethod" "methods:::loadMethod" "parallel_slot_names" "slot" "standardGeneric" "NROW" "length" "length" "length" "assays_have_expected_dimnames" "assays<-" "assays<-" "assay<-" "assay<-" ".zeroIsNA" "zeroIsNA" "zeroIsNA" "zeroIsNA" "zeroIsNA" "stepPreProcessingTMT" "stepPreProcessing" "profilingWorkflow" "profilingWrapper" "main" 
"initialize" "new" ".findNextFromTable" "addNextMethod" "addNextMethod" "callNextMethod" "METHOD" "updateObject" "updateObject" "rowRanges" "rowRanges" "names" "names" "names" ".local" "rownames" "rownames" "dimnames" "dimnames" "dimnames" "f" "doTryCatch" "tryCatchOne" "tryCatchList" "tryCatch" "try" "standardGeneric" "%in%" "FUN" "vapply" ".getMethErr" ".testMethodsTable" "method" "validityMethod" "isTRUE" "anyStrings" "validObject" "initialize" "initialize" "new" "coerceToExperimentList" "asMethod" "as" ".nextMethod" "callNextMethod" "doTryCatch" "tryCatchOne" "tryCatchList" "tryCatch" "try" "coerce2" "coerce2" "doTryCatch" "tryCatchOne" "tryCatchList" "tryCatch" "try" ".wrap_in_length_one_list_like_object" ".replace_list_element" "setListElement" "setListElement" "[[<-" "[[<-" "zeroIsNA" "zeroIsNA" "stepPreProcessingTMT" "stepPreProcessing" "profilingWorkflow" "profilingWrapper" "main" 
".requirePackage" ".classEnv" "as" "checkSlotAssignment" "methods::slot<-" "asMethod" "as" ".validate_Vector_length" "method" "validityMethod" "isTRUE" "anyStrings" "FUN" "lapply" "lapply" "lapply" "lapply" "sapply" "sapply" ".checkAssaysToInsert" "replaceAssay" "zeroIsNA" "zeroIsNA" "stepPreProcessingTMT" "stepPreProcessing" "profilingWorkflow" "profilingWrapper" "main" 
"getClassDef" "is" ".findMethodInTable" ".quickCoerceSelect" "as" "doTryCatch" "tryCatchOne" "tryCatchList" "tryCatch" "try" "method" "validityMethod" "isTRUE" "anyStrings" "FUN" "lapply" "lapply" "lapply" "lapply" "sapply" "sapply" ".checkAssaysToInsert" "replaceAssay" "zeroIsNA" "zeroIsNA" "stepPreProcessingTMT" "stepPreProcessing" "profilingWorkflow" "profilingWrapper" "main" 
"sys.function" "callNextMethod" "parallel_slot_names" "parallel_slot_names" "slot" "standardGeneric" "NROW" "length" "length" "length" "eval" "eval" "callGeneric" "length" "length" "length" "dim" "dim" "dim" "nrow" "standardGeneric" "nrow" ".valid.SummarizedExperiment.assays_nrow" ".valid.SummarizedExperiment.assays_dim" "method" "validityMethod" "isTRUE" "anyStrings" "FUN" "lapply" "lapply" "lapply" "lapply" "sapply" "sapply" ".checkAssaysToInsert" "replaceAssay" "zeroIsNA" "zeroIsNA" "stepPreProcessingTMT" "stepPreProcessing" "profilingWorkflow" "profilingWrapper" "main" 
"c" ".findInheritedMethods" "selectMethod" ".selectClosestMethod1" "length" "length" "length" "method" "validityMethod" "isTRUE" "anyStrings" "FUN" "lapply" "lapply" "lapply" "lapply" "sapply" "sapply" ".checkAssaysToInsert" "replaceAssay" "zeroIsNA" "zeroIsNA" "stepPreProcessingTMT" "stepPreProcessing" "profilingWorkflow" "profilingWrapper" "main" 
"getSlots" "setDataPart" "methods::slot<-" "asMethod" "as<-" "initialize" "initialize" "new" ".findNextFromTable" "addNextMethod" "addNextMethod" "callNextMethod" "METHOD" "updateObject" "updateObject" "rowRanges" "rowRanges" "names" "names" "names" ".local" "rownames" "rownames" "duplicated" "FUN" "lapply" "lapply" "lapply" "lapply" "sapply" "sapply" ".checkAssaysToInsert" "replaceAssay" "zeroIsNA" "zeroIsNA" "stepPreProcessingTMT" "stepPreProcessing" "profilingWorkflow" "profilingWrapper" "main" 
"FUN" "lapply" ".newSignature" ".findInheritedMethods" ".findNextFromTable" "addNextMethod" "addNextMethod" "callNextMethod" "METHOD" "updateObject" "updateObject" "rowRanges" "rowRanges" "names" "names" "names" ".local" "rownames" "rownames" "duplicated" "FUN" "lapply" "lapply" "lapply" "lapply" "sapply" "sapply" ".checkAssaysToInsert" "replaceAssay" "zeroIsNA" "zeroIsNA" "stepPreProcessingTMT" "stepPreProcessing" "profilingWorkflow" "profilingWrapper" "main" 
".inheritedArgsExpression" ".findInheritedMethods" ".findNextFromTable" "addNextMethod" "addNextMethod" "callNextMethod" "METHOD" "updateObject" "updateObject" "rowRanges" "rowRanges" "names" "names" "names" ".local" "rownames" "rownames" "dimnames" "dimnames" "dimnames" "FUN" "lapply" "lapply" "lapply" "lapply" ".class1" "as" "dimnames" "dimnames" "dimnames" "dimnames" "dimnames" "dimnames" "%||%" "colnames" "colnames" ".updateColDataFromAssays" "replaceAssay" "zeroIsNA" "zeroIsNA" "stepPreProcessingTMT" "stepPreProcessing" "profilingWorkflow" "profilingWrapper" "main" 
"@<-" "updateObject" "updateObject" "METHOD" "updateObject" "updateObject" "rowRanges" "rowRanges" "names" "names" "names" ".local" "rownames" "rownames" "dimnames" "dimnames" "dimnames" "FUN" "lapply" "lapply" "lapply" "lapply" ".class1" "as" "dimnames" "dimnames" "dimnames" "dimnames" "dimnames" "dimnames" "%||%" "colnames" "colnames" ".updateColDataFromAssays" "replaceAssay" "zeroIsNA" "zeroIsNA" "stepPreProcessingTMT" "stepPreProcessing" "profilingWorkflow" "profilingWrapper" "main" 
"get0" "getClassDef" "FUN" "lapply" "sapply" "sapply" "standardGeneric" "which" "S4Vectors:::listClassName" "...elt" "stopifnot" "is" ".coerceToList" "asMethod" "as" "dimnames" "dimnames" "dimnames" "dimnames" "dimnames" "dimnames" "%||%" "colnames" "colnames" ".updateColDataFromAssays" "replaceAssay" "zeroIsNA" "zeroIsNA" "stepPreProcessingTMT" "stepPreProcessing" "profilingWorkflow" "profilingWrapper" "main" 
"exists" ".getMethodsTable" "exists" ".cacheMethodInTable" "cacheMethod" "callNextMethod" "METHOD" "updateObject" "updateObject" "rowRanges" "rowRanges" "names" "names" "names" ".local" "rownames" "rownames" "dimnames" "dimnames" "dimnames" "FUN" "lapply" "lapply" "lapply" "lapply" ".class1" "as" "dimnames" "dimnames" "dimnames" "dimnames" "dimnames" "dimnames" "%||%" "colnames" "colnames" ".updateColDataFromAssays" "replaceAssay" "zeroIsNA" "zeroIsNA" "stepPreProcessingTMT" "stepPreProcessing" "profilingWorkflow" "profilingWrapper" "main" 
"names" "names" ".inheritedArgsExpression" ".findInheritedMethods" ".findNextFromTable" "addNextMethod" "addNextMethod" "callNextMethod" "METHOD" "updateObject" "updateObject" "rowRanges" "rowRanges" "names" "names" "names" ".local" "rownames" "rownames" "dimnames" "dimnames" "dimnames" "FUN" "lapply" "lapply" "lapply" "lapply" ".class1" "as" "dimnames" "dimnames" "dimnames" "dimnames" "dimnames" "dimnames" "%||%" "colnames" "colnames" ".updateColDataFromAssays" "replaceAssay" "zeroIsNA" "zeroIsNA" "stepPreProcessingTMT" "stepPreProcessing" "profilingWorkflow" "profilingWrapper" "main" 
"validObject" "initialize" "initialize" "new" "new2" "newCompressedList0" "relist" "standardGeneric" "relist" ".coerceToList" "asMethod" "as" "coerce2" "coerce2" "doTryCatch" "tryCatchOne" "tryCatchList" "tryCatch" "try" ".wrap_in_length_one_list_like_object" ".replace_list_element" "setListElement" "setListElement" "[[<-" "[[<-" ".updateColDataFromAssays" "replaceAssay" "zeroIsNA" "zeroIsNA" "stepPreProcessingTMT" "stepPreProcessing" "profilingWorkflow" "profilingWrapper" "main" 
"validObject" "initialize" "initialize" "extractROWS" "extractROWS" "replaceROWS" "replaceROWS" "mergeROWS" "mergeROWS" ".nextMethod" "eval" "eval" "callNextMethod" "[<-" "[<-" ".replace_list_element" "setListElement" "setListElement" "[[<-" "[[<-" ".updateColDataFromAssays" "replaceAssay" "zeroIsNA" "zeroIsNA" "stepPreProcessingTMT" "stepPreProcessing" "profilingWorkflow" "profilingWrapper" "main" 
"lapply" "sapply" "sapply" "standardGeneric" "which" "listClassName" ".selectListClassName" "relistToClass" "relistToClass" "relist" "standardGeneric" "relist" ".coerceToList" "asMethod" "as" "coerce2" "coerce2" "doTryCatch" "tryCatchOne" "tryCatchList" "tryCatch" "try" ".wrap_in_length_one_list_like_object" ".replace_list_element" "setListElement" "setListElement" "[[<-" "[[<-" ".updateColDataFromAssays" "replaceAssay" "zeroIsNA" "zeroIsNA" "stepPreProcessingTMT" "stepPreProcessing" "profilingWorkflow" "profilingWrapper" "main" 
"standardGeneric" "end" "NSBS" "NSBS" "normalizeSingleBracketSubscript" "extractROWS" "extractROWS" "extractROWS" "extractROWS" "replaceROWS" "replaceROWS" "mergeROWS" "mergeROWS" ".nextMethod" "eval" "eval" "callNextMethod" "[<-" "[<-" ".replace_list_element" "setListElement" "setListElement" "[[<-" "[[<-" ".updateColDataFromAssays" "replaceAssay" "zeroIsNA" "zeroIsNA" "stepPreProcessingTMT" "stepPreProcessing" "profilingWorkflow" "profilingWrapper" "main" 
"classMetaName" "getClassDef" "FUN" "lapply" "sapply" "sapply" "standardGeneric" "which" "listClassName" ".selectListClassName" "relistToClass" "relistToClass" "relist" "standardGeneric" "relist" ".coerceToList" "asMethod" "as" "coerce2" "coerce2" "doTryCatch" "tryCatchOne" "tryCatchList" "tryCatch" "try" ".wrap_in_length_one_list_like_object" ".replace_list_element" "setListElement" "setListElement" "[[<-" "[[<-" ".updateColDataFromAssays" "replaceAssay" "zeroIsNA" "zeroIsNA" "stepPreProcessingTMT" "stepPreProcessing" "profilingWorkflow" "profilingWrapper" "main" 
"tryCatch" "try" ".start_as_unnamed_integer" ".new_IRanges_from_end_width" ".new_IRanges" "IRanges" "extractROWS" "extractROWS" "replaceROWS" "replaceROWS" "mergeROWS" "mergeROWS" ".nextMethod" "eval" "eval" "callNextMethod" "[<-" "[<-" ".replace_list_element" "setListElement" "setListElement" "[[<-" "[[<-" ".updateColDataFromAssays" "replaceAssay" "zeroIsNA" "zeroIsNA" "stepPreProcessingTMT" "stepPreProcessing" "profilingWorkflow" "profilingWrapper" "main" 
"setNames" "...elt" "stopifnot" "new_DataFrame" "asMethod" "as" "doTryCatch" "tryCatchOne" "tryCatchList" "tryCatch" "try" "S4Vectors::DataFrame" "MultiAssayExperiment:::.sampleMapFromData" "replaceAssay" "zeroIsNA" "zeroIsNA" "stepPreProcessingTMT" "stepPreProcessing" "profilingWorkflow" "profilingWrapper" "main" 
"updateObject" ".nextMethod" "callNextMethod" "updateObject" "updateObject" "updateObject" "updateObject" "rowRanges" "rowRanges" "names" "names" "names" ".local" "rownames" "rownames" "sort" "replaceAssay" "zeroIsNA" "zeroIsNA" "stepPreProcessingTMT" "stepPreProcessing" "profilingWorkflow" "profilingWrapper" "main" 
"getClassDef" "is" ".inheritedArgsExpression" ".findInheritedMethods" "selectMethod" ".selectClosestMethod1" "names" "names" "names" "names" "names" "names" ".local" "rownames" "rownames" "sort" "replaceAssay" "zeroIsNA" "zeroIsNA" "stepPreProcessingTMT" "stepPreProcessing" "profilingWorkflow" "profilingWrapper" "main" 
"getClassDef" "is" ".inheritedArgsExpression" ".findInheritedMethods" "selectMethod" ".selectClosestMethod1" "names" "names" "names" "names" "names" "names" ".local" "rownames" "rownames" "sort" "replaceAssay" "zeroIsNA" "zeroIsNA" "stepPreProcessingTMT" "stepPreProcessing" "profilingWorkflow" "profilingWrapper" "main" 
"getClassDef" "is" ".inheritedArgsExpression" ".findInheritedMethods" "selectMethod" ".selectClosestMethod1" "names" "names" "names" "names" "names" "names" ".local" "rownames" "rownames" "sort" "replaceAssay" "zeroIsNA" "zeroIsNA" "stepPreProcessingTMT" "stepPreProcessing" "profilingWorkflow" "profilingWrapper" "main" 
"getClassDef" "is" ".inheritedArgsExpression" ".findInheritedMethods" "selectMethod" ".selectClosestMethod1" "names" "names" "names" "names" "names" "names" ".local" "rownames" "rownames" "sort" "replaceAssay" "zeroIsNA" "zeroIsNA" "stepPreProcessingTMT" "stepPreProcessing" "profilingWorkflow" "profilingWrapper" "main" 
"getClassDef" "is" ".inheritedArgsExpression" ".findInheritedMethods" "selectMethod" ".selectClosestMethod1" "names" "names" "names" "names" "names" "names" ".local" "rownames" "rownames" "sort" "replaceAssay" "zeroIsNA" "zeroIsNA" "stepPreProcessingTMT" "stepPreProcessing" "profilingWorkflow" "profilingWrapper" "main" 
"getClassDef" "is" ".inheritedArgsExpression" ".findInheritedMethods" "selectMethod" ".selectClosestMethod1" "names" "names" "names" "names" "names" "names" ".local" "rownames" "rownames" "sort" "replaceAssay" "zeroIsNA" "zeroIsNA" "stepPreProcessingTMT" "stepPreProcessing" "profilingWorkflow" "profilingWrapper" "main" 
"getClassDef" "is" ".inheritedArgsExpression" ".findInheritedMethods" "selectMethod" ".selectClosestMethod1" "names" "names" "names" "names" "names" "names" ".local" "rownames" "rownames" "sort" "replaceAssay" "zeroIsNA" "zeroIsNA" "stepPreProcessingTMT" "stepPreProcessing" "profilingWorkflow" "profilingWrapper" "main" 
"getClassDef" "is" ".inheritedArgsExpression" ".findInheritedMethods" "selectMethod" ".selectClosestMethod1" "names" "names" "names" "names" "names" "names" ".local" "rownames" "rownames" "sort" "replaceAssay" "zeroIsNA" "zeroIsNA" "stepPreProcessingTMT" "stepPreProcessing" "profilingWorkflow" "profilingWrapper" "main" 
"getClassDef" "is" ".inheritedArgsExpression" ".findInheritedMethods" "selectMethod" ".selectClosestMethod1" "names" "names" "names" "names" "names" "names" ".local" "rownames" "rownames" "sort" "replaceAssay" "zeroIsNA" "zeroIsNA" "stepPreProcessingTMT" "stepPreProcessing" "profilingWorkflow" "profilingWrapper" "main" 
"getClassDef" "is" ".inheritedArgsExpression" ".findInheritedMethods" "selectMethod" ".selectClosestMethod1" "names" "names" "names" "names" "names" "names" ".local" "rownames" "rownames" "sort" "replaceAssay" "zeroIsNA" "zeroIsNA" "stepPreProcessingTMT" "stepPreProcessing" "profilingWorkflow" "profilingWrapper" "main" 
"getClassDef" "is" ".inheritedArgsExpression" ".findInheritedMethods" "selectMethod" ".selectClosestMethod1" "names" "names" "names" "names" "names" "names" ".local" "rownames" "rownames" "sort" "replaceAssay" "zeroIsNA" "zeroIsNA" "stepPreProcessingTMT" "stepPreProcessing" "profilingWorkflow" "profilingWrapper" "main" 
"getClassDef" "is" ".inheritedArgsExpression" ".findInheritedMethods" "selectMethod" ".selectClosestMethod1" "names" "names" "names" "names" "names" "names" ".local" "rownames" "rownames" "sort" "replaceAssay" "zeroIsNA" "zeroIsNA" "stepPreProcessingTMT" "stepPreProcessing" "profilingWorkflow" "profilingWrapper" "main" 
"getClassDef" "is" ".inheritedArgsExpression" ".findInheritedMethods" "selectMethod" ".selectClosestMethod1" "names" "names" "names" "names" "names" "names" ".local" "rownames" "rownames" "sort" "replaceAssay" "zeroIsNA" "zeroIsNA" "stepPreProcessingTMT" "stepPreProcessing" "profilingWorkflow" "profilingWrapper" "main" 
"getClassDef" "is" ".inheritedArgsExpression" ".findInheritedMethods" "selectMethod" ".selectClosestMethod1" "names" "names" "names" "names" "names" "names" ".local" "rownames" "rownames" "sort" "replaceAssay" "zeroIsNA" "zeroIsNA" "stepPreProcessingTMT" "stepPreProcessing" "profilingWorkflow" "profilingWrapper" "main" 
"getClassDef" "is" ".inheritedArgsExpression" ".findInheritedMethods" "selectMethod" ".selectClosestMethod1" "names" "names" "names" "names" "names" "names" ".local" "rownames" "rownames" "sort" "replaceAssay" "zeroIsNA" "zeroIsNA" "stepPreProcessingTMT" "stepPreProcessing" "profilingWorkflow" "profilingWrapper" "main" 
"getClassDef" "is" ".inheritedArgsExpression" ".findInheritedMethods" "selectMethod" ".selectClosestMethod1" "names" "names" "names" "names" "names" "names" ".local" "rownames" "rownames" "sort" "replaceAssay" "zeroIsNA" "zeroIsNA" "stepPreProcessingTMT" "stepPreProcessing" "profilingWorkflow" "profilingWrapper" "main" 
"getClassDef" "is" ".inheritedArgsExpression" ".findInheritedMethods" "selectMethod" ".selectClosestMethod1" "names" "names" "names" "names" "names" "names" ".local" "rownames" "rownames" "sort" "replaceAssay" "zeroIsNA" "zeroIsNA" "stepPreProcessingTMT" "stepPreProcessing" "profilingWorkflow" "profilingWrapper" "main" 
"getClassDef" "is" ".inheritedArgsExpression" ".findInheritedMethods" "selectMethod" ".selectClosestMethod1" "names" "names" "names" "names" "names" "names" ".local" "rownames" "rownames" "sort" "replaceAssay" "zeroIsNA" "zeroIsNA" "stepPreProcessingTMT" "stepPreProcessing" "profilingWorkflow" "profilingWrapper" "main" 
"getClassDef" "is" ".inheritedArgsExpression" ".findInheritedMethods" "selectMethod" ".selectClosestMethod1" "names" "names" "names" "names" "names" "names" ".local" "rownames" "rownames" "sort" "replaceAssay" "zeroIsNA" "zeroIsNA" "stepPreProcessingTMT" "stepPreProcessing" "profilingWorkflow" "profilingWrapper" "main" 
"getClassDef" "is" ".inheritedArgsExpression" ".findInheritedMethods" "selectMethod" ".selectClosestMethod1" "names" "names" "names" "names" "names" "names" ".local" "rownames" "rownames" "sort" "replaceAssay" "zeroIsNA" "zeroIsNA" "stepPreProcessingTMT" "stepPreProcessing" "profilingWorkflow" "profilingWrapper" "main" 
"getClassDef" "is" ".inheritedArgsExpression" ".findInheritedMethods" "selectMethod" ".selectClosestMethod1" "names" "names" "names" "names" "names" "names" ".local" "rownames" "rownames" "sort" "replaceAssay" "zeroIsNA" "zeroIsNA" "stepPreProcessingTMT" "stepPreProcessing" "profilingWorkflow" "profilingWrapper" "main" 
"getClassDef" "is" ".inheritedArgsExpression" ".findInheritedMethods" "selectMethod" ".selectClosestMethod1" "names" "names" "names" "names" "names" "names" ".local" "rownames" "rownames" "sort" "replaceAssay" "zeroIsNA" "zeroIsNA" "stepPreProcessingTMT" "stepPreProcessing" "profilingWorkflow" "profilingWrapper" "main" 
"getClassDef" "is" ".inheritedArgsExpression" ".findInheritedMethods" "selectMethod" ".selectClosestMethod1" "names" "names" "names" "names" "names" "names" ".local" "rownames" "rownames" "sort" "replaceAssay" "zeroIsNA" "zeroIsNA" "stepPreProcessingTMT" "stepPreProcessing" "profilingWorkflow" "profilingWrapper" "main" 
"getClassDef" "is" ".inheritedArgsExpression" ".findInheritedMethods" "selectMethod" ".selectClosestMethod1" "names" "names" "names" "names" "names" "names" ".local" "rownames" "rownames" "sort" "replaceAssay" "zeroIsNA" "zeroIsNA" "stepPreProcessingTMT" "stepPreProcessing" "profilingWorkflow" "profilingWrapper" "main" 
"getClassDef" "is" ".inheritedArgsExpression" ".findInheritedMethods" "selectMethod" ".selectClosestMethod1" "names" "names" "names" "names" "names" "names" ".local" "rownames" "rownames" "sort" "replaceAssay" "zeroIsNA" "zeroIsNA" "stepPreProcessingTMT" "stepPreProcessing" "profilingWorkflow" "profilingWrapper" "main" 
"getClassDef" "is" ".inheritedArgsExpression" ".findInheritedMethods" "selectMethod" ".selectClosestMethod1" "names" "names" "names" "names" "names" "names" ".local" "rownames" "rownames" "sort" "replaceAssay" "zeroIsNA" "zeroIsNA" "stepPreProcessingTMT" "stepPreProcessing" "profilingWorkflow" "profilingWrapper" "main" 
"getClassDef" "is" ".inheritedArgsExpression" ".findInheritedMethods" "selectMethod" ".selectClosestMethod1" "names" "names" "names" "names" "names" "names" ".local" "rownames" "rownames" "sort" "replaceAssay" "zeroIsNA" "zeroIsNA" "stepPreProcessingTMT" "stepPreProcessing" "profilingWorkflow" "profilingWrapper" "main" 
"getClassDef" "is" ".inheritedArgsExpression" ".findInheritedMethods" "selectMethod" ".selectClosestMethod1" "names" "names" "names" "names" "names" "names" ".local" "rownames" "rownames" "sort" "replaceAssay" "zeroIsNA" "zeroIsNA" "stepPreProcessingTMT" "stepPreProcessing" "profilingWorkflow" "profilingWrapper" "main" 
"getClassDef" "is" ".inheritedArgsExpression" ".findInheritedMethods" "selectMethod" ".selectClosestMethod1" "names" "names" "names" "names" "names" "names" ".local" "rownames" "rownames" "sort" "replaceAssay" "zeroIsNA" "zeroIsNA" "stepPreProcessingTMT" "stepPreProcessing" "profilingWorkflow" "profilingWrapper" "main" 
"getClassDef" "is" ".inheritedArgsExpression" ".findInheritedMethods" "selectMethod" ".selectClosestMethod1" "names" "names" "names" "names" "names" "names" ".local" "rownames" "rownames" "sort" "replaceAssay" "zeroIsNA" "zeroIsNA" "stepPreProcessingTMT" "stepPreProcessing" "profilingWorkflow" "profilingWrapper" "main" 
"getClassDef" "is" ".inheritedArgsExpression" ".findInheritedMethods" "selectMethod" ".selectClosestMethod1" "names" "names" "names" "names" "names" "names" ".local" "rownames" "rownames" "sort" "replaceAssay" "zeroIsNA" "zeroIsNA" "stepPreProcessingTMT" "stepPreProcessing" "profilingWorkflow" "profilingWrapper" "main" 
"getClassDef" "is" ".inheritedArgsExpression" ".findInheritedMethods" "selectMethod" ".selectClosestMethod1" "names" "names" "names" "names" "names" "names" ".local" "rownames" "rownames" "sort" "replaceAssay" "zeroIsNA" "zeroIsNA" "stepPreProcessingTMT" "stepPreProcessing" "profilingWorkflow" "profilingWrapper" "main" 
"getClassDef" "is" ".inheritedArgsExpression" ".findInheritedMethods" "selectMethod" ".selectClosestMethod1" "names" "names" "names" "names" "names" "names" ".local" "rownames" "rownames" "sort" "replaceAssay" "zeroIsNA" "zeroIsNA" "stepPreProcessingTMT" "stepPreProcessing" "profilingWorkflow" "profilingWrapper" "main" 
"getClassDef" "is" ".inheritedArgsExpression" ".findInheritedMethods" "selectMethod" ".selectClosestMethod1" "names" "names" "names" "names" "names" "names" ".local" "rownames" "rownames" "sort" "replaceAssay" "zeroIsNA" "zeroIsNA" "stepPreProcessingTMT" "stepPreProcessing" "profilingWorkflow" "profilingWrapper" "main" 
"getClassDef" "is" ".inheritedArgsExpression" ".findInheritedMethods" "selectMethod" ".selectClosestMethod1" "names" "names" "names" "names" "names" "names" ".local" "rownames" "rownames" "sort" "replaceAssay" "zeroIsNA" "zeroIsNA" "stepPreProcessingTMT" "stepPreProcessing" "profilingWorkflow" "profilingWrapper" "main" 
"getClassDef" "is" ".inheritedArgsExpression" ".findInheritedMethods" "selectMethod" ".selectClosestMethod1" "names" "names" "names" "names" "names" "names" ".local" "rownames" "rownames" "sort" "replaceAssay" "zeroIsNA" "zeroIsNA" "stepPreProcessingTMT" "stepPreProcessing" "profilingWorkflow" "profilingWrapper" "main" 
"getClassDef" "is" ".inheritedArgsExpression" ".findInheritedMethods" "selectMethod" ".selectClosestMethod1" "names" "names" "names" "names" "names" "names" ".local" "rownames" "rownames" "sort" "replaceAssay" "zeroIsNA" "zeroIsNA" "stepPreProcessingTMT" "stepPreProcessing" "profilingWorkflow" "profilingWrapper" "main" 
"getClassDef" "is" ".inheritedArgsExpression" ".findInheritedMethods" "selectMethod" ".selectClosestMethod1" "names" "names" "names" "names" "names" "names" ".local" "rownames" "rownames" "sort" "replaceAssay" "zeroIsNA" "zeroIsNA" "stepPreProcessingTMT" "stepPreProcessing" "profilingWorkflow" "profilingWrapper" "main" 
"getClassDef" "is" ".inheritedArgsExpression" ".findInheritedMethods" "selectMethod" ".selectClosestMethod1" "names" "names" "names" "names" "names" "names" ".local" "rownames" "rownames" "sort" "replaceAssay" "zeroIsNA" "zeroIsNA" "stepPreProcessingTMT" "stepPreProcessing" "profilingWorkflow" "profilingWrapper" "main" 
"getClassDef" "is" ".inheritedArgsExpression" ".findInheritedMethods" "selectMethod" ".selectClosestMethod1" "names" "names" "names" "names" "names" "names" ".local" "rownames" "rownames" "sort" "replaceAssay" "zeroIsNA" "zeroIsNA" "stepPreProcessingTMT" "stepPreProcessing" "profilingWorkflow" "profilingWrapper" "main" 
".identC" "<Anonymous>" "METHOD" "updateObject" "updateObject" "rowRanges" "rowRanges" "names" "names" "names" ".local" "rownames" "rownames" "sort" "replaceAssay" "zeroIsNA" "zeroIsNA" "stepPreProcessingTMT" "stepPreProcessing" "profilingWorkflow" "profilingWrapper" "main" 
"exists" ".getMethodsTable" "as" "initialize" "initialize" "new" ".findNextFromTable" "addNextMethod" "addNextMethod" "callNextMethod" "METHOD" "updateObject" "updateObject" "rowRanges" "rowRanges" "names" "names" "names" ".local" "rownames" "rownames" "sort" "replaceAssay" "zeroIsNA" "zeroIsNA" "stepPreProcessingTMT" "stepPreProcessing" "profilingWorkflow" "profilingWrapper" "main" 
"isFALSE" "<Anonymous>" "updateObject" "updateObject" "updateObject" "updateObject" "rowRanges" "rowRanges" "names" "names" "names" ".local" "rownames" "rownames" "sort" "replaceAssay" "zeroIsNA" "zeroIsNA" "stepPreProcessingTMT" "stepPreProcessing" "profilingWorkflow" "profilingWrapper" "main" 
"as.character" "as.character" "structure" "asS4" ".asS4" ".newSignature" ".findInheritedMethods" ".findNextFromTable" "addNextMethod" "addNextMethod" "callNextMethod" "METHOD" "updateObject" "updateObject" "rowRanges" "rowRanges" "names" "names" "names" ".local" "rownames" "rownames" "sort" "replaceAssay" "zeroIsNA" "zeroIsNA" "stepPreProcessingTMT" "stepPreProcessing" "profilingWorkflow" "profilingWrapper" "main" 
"getClass" "<Anonymous>" "updateObject" "updateObject" "rowRanges" "rowRanges" "mcols" "mcols" "mcols" "FUN" "lapply" "lapply" "lapply" "lapply" "List" "rowData" "rowData" "colnames" "sapply" ".checkFilterVariables" "filterFeaturesWithFormula" ".local" "filterFeatures" "filterFeatures" "withCallingHandlers" "suppressMessages" ".filterPSMTMT" "stepPreProcessingTMT" "stepPreProcessing" "profilingWorkflow" "profilingWrapper" "main" 
"is" ".selectClosestMethod1" "updateObject" "updateObject" "rowRanges" "rowRanges" "mcols" "mcols" "mcols" "FUN" "lapply" "lapply" "lapply" "lapply" "List" "rowData" "rowData" "colnames" "sapply" ".checkFilterVariables" "filterFeaturesWithFormula" ".local" "filterFeatures" "filterFeatures" "withCallingHandlers" "suppressMessages" ".filterPSMTMT" "stepPreProcessingTMT" "stepPreProcessing" "profilingWorkflow" "profilingWrapper" "main" 
"getClassDef" "possibleExtends" "<Anonymous>" ".nextMethod" "callNextMethod" "updateObject" "updateObject" "names<-" "names<-" "names<-" "names<-" ".coerceToList" "<Anonymous>" "CharacterList" "colnames" "colnames" "sapply" ".checkFilterVariables" "filterFeaturesWithFormula" ".local" "filterFeatures" "filterFeatures" "withCallingHandlers" "suppressMessages" ".filterPSMTMT" "stepPreProcessingTMT" "stepPreProcessing" "profilingWorkflow" "profilingWrapper" "main" 
".matchSigLength" ".findMethodInTable" "selectMethod" ".selectClosestMethod1" "names" "names" "names" ".local" "elementMetadata" "elementMetadata" "mcols" "mcols" "mcols" "mcols" ".nextMethod" "eval" "eval" "callNextMethod" ".local" "rowData" "rowData" "FUN" "lapply" "lapply" "lapply" "lapply" "filterFeaturesWithFormula" ".local" "filterFeatures" "filterFeatures" "withCallingHandlers" "suppressMessages" ".filterPSMTMT" "stepPreProcessingTMT" "stepPreProcessing" "profilingWorkflow" "profilingWrapper" "main" 
"methods:::loadMethod" "methods:::loadMethod" "updateObject" "METHOD" "updateObject" "updateObject" "rowRanges" "rowRanges" "mcols" "mcols" "mcols" ".nextMethod" "eval" "eval" "callNextMethod" ".local" "rowData" "rowData" "FUN" "lapply" "lapply" "lapply" "lapply" "filterFeaturesWithFormula" ".local" "filterFeatures" "filterFeatures" "withCallingHandlers" "suppressMessages" ".filterPSMTMT" "stepPreProcessingTMT" "stepPreProcessing" "profilingWorkflow" "profilingWrapper" "main" 
"@<-" ".nextMethod" "callNextMethod" "updateObject" "updateObject" ".nextMethod" "callNextMethod" "METHOD" "updateObject" "updateObject" "rowRanges" "rowRanges" "mcols" "mcols" "mcols" ".nextMethod" "eval" "eval" "callNextMethod" ".local" "rowData" "rowData" "FUN" "lapply" "lapply" "lapply" "lapply" "filterFeaturesWithFormula" ".local" "filterFeatures" "filterFeatures" "withCallingHandlers" "suppressMessages" ".filterPSMTMT" "stepPreProcessingTMT" "stepPreProcessing" "profilingWorkflow" "profilingWrapper" "main" 
"f_new" "f_rhs<-" "f_interp" "f_rhs" "lazyeval::f_eval" "doTryCatch" "tryCatchOne" "tryCatchList" "tryCatch" "FUN" "lapply" "lapply" "lapply" "lapply" "filterFeaturesWithFormula" ".local" "filterFeatures" "filterFeatures" "withCallingHandlers" "suppressMessages" ".filterPSMTMT" "stepPreProcessingTMT" "stepPreProcessing" "profilingWorkflow" "profilingWrapper" "main" 
"isNamespaceLoaded" "packageDescription" "withCallingHandlers" "suppressWarnings" "packageVersion" "updateObject" "updateObject" "[" "[" "<Anonymous>" "mapply" "eval" "eval" "eval" "standardGeneric" "mapply" "mendoapply" ".subsetROWS" ".local" "subsetByRow" "subsetByRow" "subsetByRow" "subsetByRow" ".local" ".nextMethod" "eval" "eval" "callNextMethod" "[" "[" "filterFeaturesWithFormula" ".local" "filterFeatures" "filterFeatures" "withCallingHandlers" "suppressMessages" ".filterPSMTMT" "stepPreProcessingTMT" "stepPreProcessing" "profilingWorkflow" "profilingWrapper" "main" 
".nextMethod" "callNextMethod" "methods:::loadMethod" "methods:::loadMethod" "updateObject" ".nextMethod" "callNextMethod" ".nextMethod" "callNextMethod" ".nextMethod" "callNextMethod" "updateObject" "updateObject" "[" "[" "<Anonymous>" "mapply" "eval" "eval" "eval" "standardGeneric" "mapply" "mendoapply" ".subsetROWS" ".local" "subsetByRow" "subsetByRow" "subsetByRow" "subsetByRow" ".local" ".nextMethod" "eval" "eval" "callNextMethod" "[" "[" "filterFeaturesWithFormula" ".local" "filterFeatures" "filterFeatures" "withCallingHandlers" "suppressMessages" ".filterPSMTMT" "stepPreProcessingTMT" "stepPreProcessing" "profilingWorkflow" "profilingWrapper" "main" 
"methods::new" "asMethod" "as" ".validate_Vector_length" "method" "validityMethod" "isTRUE" "anyStrings" "validObject" "updateObject" "[" "[" "<Anonymous>" "mapply" "eval" "eval" "eval" "standardGeneric" "mapply" "mendoapply" ".subsetROWS" ".local" "subsetByRow" "subsetByRow" "subsetByRow" "subsetByRow" ".local" ".nextMethod" "eval" "eval" "callNextMethod" "[" "[" "filterFeaturesWithFormula" ".local" "filterFeatures" "filterFeatures" "withCallingHandlers" "suppressMessages" ".filterPSMTMT" "stepPreProcessingTMT" "stepPreProcessing" "profilingWorkflow" "profilingWrapper" "main" 
"length" "is" "callNextMethod" "[" "[" "<Anonymous>" "mapply" "eval" "eval" "eval" "standardGeneric" "mapply" "mendoapply" ".subsetROWS" ".local" "subsetByRow" "subsetByRow" "subsetByRow" "subsetByRow" ".local" ".nextMethod" "eval" "eval" "callNextMethod" "[" "[" "filterFeaturesWithFormula" ".local" "filterFeatures" "filterFeatures" "withCallingHandlers" "suppressMessages" ".filterPSMTMT" "stepPreProcessingTMT" "stepPreProcessing" "profilingWorkflow" "profilingWrapper" "main" 
"standardGeneric" "NROW" "NSBS" "NSBS" "normalizeSingleBracketSubscript" "FUN" "FUN" "lapply" "lapply" "extractROWS" "extractROWS" "METHOD" "extractROWS" "extractROWS" "subset_along_ROWS" ".nextMethod" "eval" "eval" "callNextMethod" "[" "[" ".nextMethod" "callNextMethod" "[" "[" "<Anonymous>" "mapply" "eval" "eval" "eval" "standardGeneric" "mapply" "mendoapply" ".subsetROWS" ".local" "subsetByRow" "subsetByRow" "subsetByRow" "subsetByRow" ".local" ".nextMethod" "eval" "eval" "callNextMethod" "[" "[" "filterFeaturesWithFormula" ".local" "filterFeatures" "filterFeatures" "withCallingHandlers" "suppressMessages" ".filterPSMTMT" "stepPreProcessingTMT" "stepPreProcessing" "profilingWorkflow" "profilingWrapper" "main" 
"length" "length" ".findInheritedMethods" ".findNextFromTable" "addNextMethod" "addNextMethod" "callNextMethod" "METHOD" "updateObject" "updateObject" "rowRanges" "rowRanges" "names" "names" "names" ".local" "rownames" "rownames" "<Anonymous>" "mapply" "eval" "eval" "eval" "standardGeneric" "mapply" "mendoapply" ".subsetROWS" ".local" "subsetByRow" "subsetByRow" "subsetByRow" "subsetByRow" ".local" ".nextMethod" "eval" "eval" "callNextMethod" "[" "[" "filterFeaturesWithFormula" ".local" "filterFeatures" "filterFeatures" "withCallingHandlers" "suppressMessages" ".filterPSMTMT" "stepPreProcessingTMT" "stepPreProcessing" "profilingWorkflow" "profilingWrapper" "main" 
".getClassesFromCache" "getClassDef" "is" "callNextMethod" "methods:::loadMethod" "methods:::loadMethod" "updateObject" ".nextMethod" "callNextMethod" "METHOD" "updateObject" "updateObject" ".nextMethod" "callNextMethod" "updateObject" "updateObject" "[" "[" "<Anonymous>" "mapply" "eval" "eval" "eval" "standardGeneric" "mapply" "mendoapply" ".subsetROWS" ".local" "subsetByRow" "subsetByRow" "subsetByRow" "subsetByRow" ".local" ".nextMethod" "eval" "eval" "callNextMethod" "[" "[" "filterFeaturesWithFormula" ".local" "filterFeatures" "filterFeatures" "withCallingHandlers" "suppressMessages" ".filterPSMTMT" "stepPreProcessingTMT" "stepPreProcessing" "profilingWorkflow" "profilingWrapper" "main" 
"FUN" "FUN" "lapply" "lapply" "extractROWS" "extractROWS" "METHOD" "extractROWS" "extractROWS" "subset_along_ROWS" ".nextMethod" "eval" "eval" "callNextMethod" "[" "[" ".nextMethod" "callNextMethod" "[" "[" "<Anonymous>" "mapply" "eval" "eval" "eval" "standardGeneric" "mapply" "mendoapply" ".subsetROWS" ".local" "subsetByRow" "subsetByRow" "subsetByRow" "subsetByRow" ".local" ".nextMethod" "eval" "eval" "callNextMethod" "[" "[" "filterFeaturesWithFormula" ".local" "filterFeatures" "filterFeatures" "withCallingHandlers" "suppressMessages" ".filterPSMTMT" "stepPreProcessingTMT" "stepPreProcessing" "profilingWorkflow" "profilingWrapper" "main" 
"[[" "setPackageSlot" "extends" ".inheritedArgsExpression" ".findInheritedMethods" ".findNextFromTable" "addNextMethod" "addNextMethod" "callNextMethod" ".nextMethod" "callNextMethod" "updateObject" "updateObject" "[" "[" "<Anonymous>" "mapply" "eval" "eval" "eval" "standardGeneric" "mapply" "mendoapply" ".subsetROWS" ".local" "subsetByRow" "subsetByRow" "subsetByRow" "subsetByRow" ".local" ".nextMethod" "eval" "eval" "callNextMethod" "[" "[" "filterFeaturesWithFormula" ".local" "filterFeatures" "filterFeatures" "withCallingHandlers" "suppressMessages" ".filterPSMTMT" "stepPreProcessingTMT" "stepPreProcessing" "profilingWorkflow" "profilingWrapper" "main" 
"%||%" "getNamespace" ".requirePackage" ".classEnv" "as" "length" "length" "length" "dim" "dim" "dim" "nrow" "standardGeneric" "nrow" ".valid.SummarizedExperiment.assays_nrow" ".valid.SummarizedExperiment.assays_dim" "method" "validityMethod" "isTRUE" "anyStrings" "validObject" "updateObject" "[" "[" "<Anonymous>" "mapply" "eval" "eval" "eval" "standardGeneric" "mapply" "mendoapply" ".subsetROWS" ".local" "subsetByRow" "subsetByRow" "subsetByRow" "subsetByRow" ".local" ".nextMethod" "eval" "eval" "callNextMethod" "[" "[" "filterFeaturesWithFormula" ".local" "filterFeatures" "filterFeatures" "withCallingHandlers" "suppressMessages" ".filterPSMTMT" "stepPreProcessingTMT" "stepPreProcessing" "profilingWorkflow" "profilingWrapper" "main" 
"isTRUEorFALSE" "updateObject" ".nextMethod" "callNextMethod" "updateObject" "updateObject" ".local" "ranges" "ranges" "length" "length" "length" "NROW" "standardGeneric" "NROW" ".valid.CompressedList.partitioning" "method" "validityMethod" "isTRUE" "anyStrings" "validObject" "initialize" "initialize" "METHOD" "extractROWS" "extractROWS" "subset_along_ROWS" ".nextMethod" "eval" "eval" "callNextMethod" "[" "[" ".nextMethod" "callNextMethod" "[" "[" "<Anonymous>" "mapply" "eval" "eval" "eval" "standardGeneric" "mapply" "mendoapply" ".subsetROWS" ".local" "subsetByRow" "subsetByRow" "subsetByRow" "subsetByRow" ".local" ".nextMethod" "eval" "eval" "callNextMethod" "[" "[" "filterFeaturesWithFormula" ".local" "filterFeatures" "filterFeatures" "withCallingHandlers" "suppressMessages" ".filterPSMTMT" "stepPreProcessingTMT" "stepPreProcessing" "profilingWorkflow" "profilingWrapper" "main" 
"assign" ".nextMethod" "callNextMethod" "methods:::loadMethod" "methods:::loadMethod" "updateObject" ".nextMethod" "callNextMethod" ".nextMethod" "callNextMethod" "updateObject" "updateObject" "[" "[" "<Anonymous>" "mapply" "eval" "eval" "eval" "standardGeneric" "mapply" "mendoapply" ".subsetROWS" ".local" "subsetByRow" "subsetByRow" "subsetByRow" "subsetByRow" ".local" ".nextMethod" "eval" "eval" "callNextMethod" "[" "[" "filterFeaturesWithFormula" ".local" "filterFeatures" "filterFeatures" "withCallingHandlers" "suppressMessages" ".filterPSMTMT" "stepPreProcessingTMT" "stepPreProcessing" "profilingWorkflow" "profilingWrapper" "main" 
"getClassDef" "is" "callNextMethod" "methods:::loadMethod" "methods:::loadMethod" "updateObject" "extractROWS" "extractROWS" "[" "[" "[" "[" "<Anonymous>" "mapply" "eval" "eval" "eval" "standardGeneric" "mapply" "mendoapply" ".subsetROWS" ".local" "subsetByRow" "subsetByRow" "subsetByRow" "subsetByRow" ".local" ".nextMethod" "eval" "eval" "callNextMethod" "[" "[" "filterFeaturesWithFormula" ".local" "filterFeatures" "filterFeatures" "withCallingHandlers" "suppressMessages" ".filterPSMTMT" "stepPreProcessingTMT" "stepPreProcessing" "profilingWorkflow" "profilingWrapper" "main" 
"topenv" "getClassDef" "FUN" "lapply" "sapply" "sapply" "standardGeneric" "which" "listClassName" "coerceToSimpleList" "asMethod" "as" ".nextMethod" "callNextMethod" "doTryCatch" "tryCatchOne" "tryCatchList" "tryCatch" "try" "coerce2" "coerce2" ".make_endoapply_ans" "endoapply" ".class1" "as" ".extract_Assays_subset" "[" "[" ".nextMethod" "callNextMethod" "[" "[" "<Anonymous>" "mapply" "eval" "eval" "eval" "standardGeneric" "mapply" "mendoapply" ".subsetROWS" ".local" "subsetByRow" "subsetByRow" "subsetByRow" "subsetByRow" ".local" ".nextMethod" "eval" "eval" "callNextMethod" "[" "[" "filterFeaturesWithFormula" ".local" "filterFeatures" "filterFeatures" "withCallingHandlers" "suppressMessages" ".filterPSMTMT" "stepPreProcessingTMT" "stepPreProcessing" "profilingWorkflow" "profilingWrapper" "main" 
".identC" "is" "callNextMethod" "methods:::loadMethod" "methods:::loadMethod" "updateObject" ".nextMethod" "callNextMethod" ".nextMethod" "callNextMethod" ".nextMethod" "callNextMethod" "updateObject" "updateObject" "[" "[" "<Anonymous>" "mapply" "eval" "eval" "eval" "standardGeneric" "mapply" "mendoapply" ".subsetROWS" ".local" "subsetByRow" "subsetByRow" "subsetByRow" "subsetByRow" ".local" ".nextMethod" "eval" "eval" "callNextMethod" "[" "[" "filterFeaturesWithFormula" ".local" "filterFeatures" "filterFeatures" "withCallingHandlers" "suppressMessages" ".filterPSMTMT" "stepPreProcessingTMT" "stepPreProcessing" "profilingWorkflow" "profilingWrapper" "main" 
"setPackageSlot" "extends" ".inheritedArgsExpression" ".findInheritedMethods" "selectMethod" ".selectClosestMethod1" "extractROWS" "extractROWS" "subset_along_ROWS" ".nextMethod" "eval" "eval" "callNextMethod" "[" "[" ".nextMethod" "callNextMethod" "[" "[" "<Anonymous>" "mapply" "eval" "eval" "eval" "standardGeneric" "mapply" "mendoapply" ".subsetROWS" ".local" "subsetByRow" "subsetByRow" "subsetByRow" "subsetByRow" ".local" ".nextMethod" "eval" "eval" "callNextMethod" "[" "[" "filterFeaturesWithFormula" ".local" "filterFeatures" "filterFeatures" "withCallingHandlers" "suppressMessages" ".filterPSMTMT" "stepPreProcessingTMT" "stepPreProcessing" "profilingWorkflow" "profilingWrapper" "main" 
"assign" ".nextMethod" "callNextMethod" "methods:::loadMethod" "methods:::loadMethod" "updateObject" ".nextMethod" "callNextMethod" "updateObject" "updateObject" "METHOD" "updateObject" "updateObject" "rowRanges" "rowRanges" "names" "names" "names" ".local" "rownames" "rownames" "<Anonymous>" "mapply" "eval" "eval" "eval" "standardGeneric" "mapply" "mendoapply" ".subsetROWS" ".local" "subsetByRow" "subsetByRow" "subsetByRow" "subsetByRow" ".local" ".nextMethod" "eval" "eval" "callNextMethod" "[" "[" "filterFeaturesWithFormula" ".local" "filterFeatures" "filterFeatures" "withCallingHandlers" "suppressMessages" ".filterPSMTMT" "stepPreProcessingTMT" "stepPreProcessing" "profilingWorkflow" "profilingWrapper" "main" 
"as<-" "initialize" "initialize" "new" ".findNextFromTable" "addNextMethod" "addNextMethod" "callNextMethod" "METHOD" "updateObject" "updateObject" ".nextMethod" "callNextMethod" "updateObject" "updateObject" "[" "[" "<Anonymous>" "mapply" "eval" "eval" "eval" "standardGeneric" "mapply" "mendoapply" ".subsetROWS" ".local" "subsetByRow" "subsetByRow" "subsetByRow" "subsetByRow" ".local" ".nextMethod" "eval" "eval" "callNextMethod" "[" "[" "filterFeaturesWithFormula" ".local" "filterFeatures" "filterFeatures" "withCallingHandlers" "suppressMessages" ".filterPSMTMT" "stepPreProcessingTMT" "stepPreProcessing" "profilingWorkflow" "profilingWrapper" "main" 
"%||%" "getNamespace" ".requirePackage" ".classEnv" "validObject" "initialize" "initialize" "new" "new2" "METHOD" "extractROWS" "extractROWS" "subset_along_ROWS" ".nextMethod" "eval" "eval" "callNextMethod" "[" "[" ".nextMethod" "callNextMethod" "[" "[" "<Anonymous>" "mapply" "eval" "eval" "eval" "standardGeneric" "mapply" "mendoapply" ".subsetROWS" ".local" "subsetByRow" "subsetByRow" "subsetByRow" "subsetByRow" ".local" ".nextMethod" "eval" "eval" "callNextMethod" "[" "[" "filterFeaturesWithFormula" ".local" "filterFeatures" "filterFeatures" "withCallingHandlers" "suppressMessages" ".filterPSMTMT" "stepPreProcessingTMT" "stepPreProcessing" "profilingWorkflow" "profilingWrapper" "main" 
"strsplit" "lapply" ".make_numeric_version" "package_version" "packageVersion" "updateObject" "updateObject" "[" "[" "<Anonymous>" "mapply" "eval" "eval" "eval" "standardGeneric" "mapply" "mendoapply" ".subsetROWS" ".local" "subsetByRow" "subsetByRow" "subsetByRow" "subsetByRow" ".local" ".nextMethod" "eval" "eval" "callNextMethod" "[" "[" "filterFeaturesWithFormula" ".local" "filterFeatures" "filterFeatures" "withCallingHandlers" "suppressMessages" ".filterPSMTMT" "stepPreProcessingTMT" "stepPreProcessing" "profilingWorkflow" "profilingWrapper" "main" 
".getClassesFromCache" "getClassDef" "getClass" "checkSlotAssignment" "methods::slot<-" "asMethod" "as" ".valid.SummarizedExperiment.assays_nrow" ".valid.SummarizedExperiment.assays_dim" "method" "validityMethod" "isTRUE" "anyStrings" "validObject" "updateObject" "[" "[" "<Anonymous>" "mapply" "eval" "eval" "eval" "standardGeneric" "mapply" "mendoapply" ".subsetROWS" ".local" "subsetByRow" "subsetByRow" "subsetByRow" "subsetByRow" ".local" ".nextMethod" "eval" "eval" "callNextMethod" "[" "[" "filterFeaturesWithFormula" ".local" "filterFeatures" "filterFeatures" "withCallingHandlers" "suppressMessages" ".filterPSMTMT" "stepPreProcessingTMT" "stepPreProcessing" "profilingWorkflow" "profilingWrapper" "main" 
"topenv" "getClassDef" "extends" ".inheritedArgsExpression" ".findInheritedMethods" "selectMethod" ".selectClosestMethod1" "length" "length" "length" ".validate_Vector_names" "method" "validityMethod" "isTRUE" "anyStrings" "validObject" "initialize" "initialize" "METHOD" "extractROWS" "extractROWS" "subset_along_ROWS" ".nextMethod" "eval" "eval" "callNextMethod" "[" "[" ".nextMethod" "callNextMethod" "[" "[" "<Anonymous>" "mapply" "eval" "eval" "eval" "standardGeneric" "mapply" "mendoapply" ".subsetROWS" ".local" "subsetByRow" "subsetByRow" "subsetByRow" "subsetByRow" ".local" ".nextMethod" "eval" "eval" "callNextMethod" "[" "[" "filterFeaturesWithFormula" ".local" "filterFeatures" "filterFeatures" "withCallingHandlers" "suppressMessages" ".filterPSMTMT" "stepPreProcessingTMT" "stepPreProcessing" "profilingWorkflow" "profilingWrapper" "main" 
"is" "callNextMethod" "updateObject" "updateObject" ".nextMethod" "callNextMethod" ".nextMethod" "callNextMethod" "updateObject" "updateObject" "[" "[" "<Anonymous>" "mapply" "eval" "eval" "eval" "standardGeneric" "mapply" "mendoapply" ".subsetROWS" ".local" "subsetByRow" "subsetByRow" "subsetByRow" "subsetByRow" ".local" ".nextMethod" "eval" "eval" "callNextMethod" "[" "[" "filterFeaturesWithFormula" ".local" "filterFeatures" "filterFeatures" "withCallingHandlers" "suppressMessages" ".filterPSMTMT" "stepPreProcessingTMT" "stepPreProcessing" "profilingWorkflow" "profilingWrapper" "main" 
"grepl" ".make_numeric_version" "numeric_version" "as.numeric_version" "Ops.numeric_version" "method" "validityMethod" "isTRUE" "anyStrings" "validObject" "updateObject" "[" "[" "<Anonymous>" "mapply" "eval" "eval" "eval" "standardGeneric" "mapply" "mendoapply" ".subsetROWS" ".local" "subsetByRow" "subsetByRow" "subsetByRow" "subsetByRow" ".local" ".nextMethod" "eval" "eval" "callNextMethod" "[" "[" "filterFeaturesWithFormula" ".local" "filterFeatures" "filterFeatures" "withCallingHandlers" "suppressMessages" ".filterPSMTMT" "stepPreProcessingTMT" "stepPreProcessing" "profilingWorkflow" "profilingWrapper" "main" 
"match" "match" "selfmatch" "selfmatch" "is.factor" ".normargIntegerOrFactor" "duplicatedIntegerPairs" ".unique_classes" "lowestListElementClass" "coerceToSimpleList" "asMethod" "as" ".nextMethod" "callNextMethod" "doTryCatch" "tryCatchOne" "tryCatchList" "tryCatch" "try" "coerce2" "coerce2" ".make_endoapply_ans" "endoapply" ".class1" "as" ".extract_Assays_subset" "[" "[" ".nextMethod" "callNextMethod" "[" "[" "<Anonymous>" "mapply" "eval" "eval" "eval" "standardGeneric" "mapply" "mendoapply" ".subsetROWS" ".local" "subsetByRow" "subsetByRow" "subsetByRow" "subsetByRow" ".local" ".nextMethod" "eval" "eval" "callNextMethod" "[" "[" "filterFeaturesWithFormula" ".local" "filterFeatures" "filterFeatures" "withCallingHandlers" "suppressMessages" ".filterPSMTMT" "stepPreProcessingTMT" "stepPreProcessing" "profilingWorkflow" "profilingWrapper" "main" 
"stopifnot" "is" "callNextMethod" "methods:::loadMethod" "methods:::loadMethod" "updateObject" ".nextMethod" "eval" "eval" "callNextMethod" ".local" "colData" "colData" "rownames" ".local" "colnames" "colnames" "dimnames" "dimnames" "dimnames" "f" "doTryCatch" "tryCatchOne" "tryCatchList" "tryCatch" "try" "standardGeneric" "%in%" "FUN" "vapply" ".getMethErr" ".testMethodsTable" "method" "validityMethod" "isTRUE" "anyStrings" "validObject" "initialize" "initialize" "new" "coerceToExperimentList" "asMethod" "as" ".nextMethod" "callNextMethod" "doTryCatch" "tryCatchOne" "tryCatchList" "tryCatch" "try" "coerce2" "coerce2" ".make_endoapply_ans" "mendoapply" ".subsetROWS" ".local" "subsetByRow" "subsetByRow" "subsetByRow" "subsetByRow" ".local" ".nextMethod" "eval" "eval" "callNextMethod" "[" "[" "filterFeaturesWithFormula" ".local" "filterFeatures" "filterFeatures" "withCallingHandlers" "suppressMessages" ".filterPSMTMT" "stepPreProcessingTMT" "stepPreProcessing" "profilingWorkflow" "profilingWrapper" "main" 
"callNextMethod" "METHOD" "updateObject" "updateObject" "rowRanges" "rowRanges" "names" "names" "names" ".local" "rownames" "rownames" "dimnames" "dimnames" "dimnames" "f" "doTryCatch" "tryCatchOne" "tryCatchList" "tryCatch" "try" "standardGeneric" "%in%" "FUN" "vapply" ".getMethErr" ".testMethodsTable" "method" "validityMethod" "isTRUE" "anyStrings" "validObject" "initialize" "initialize" "new" "coerceToExperimentList" "asMethod" "as" ".nextMethod" "callNextMethod" "doTryCatch" "tryCatchOne" "tryCatchList" "tryCatch" "try" "coerce2" "coerce2" ".make_endoapply_ans" "mendoapply" ".subsetROWS" ".local" "subsetByRow" "subsetByRow" "subsetByRow" "subsetByRow" ".local" ".nextMethod" "eval" "eval" "callNextMethod" "[" "[" "filterFeaturesWithFormula" ".local" "filterFeatures" "filterFeatures" "withCallingHandlers" "suppressMessages" ".filterPSMTMT" "stepPreProcessingTMT" "stepPreProcessing" "profilingWorkflow" "profilingWrapper" "main" 
".nextMethod" "callNextMethod" "updateObject" "updateObject" ".nextMethod" "eval" "eval" "callNextMethod" ".local" "colData" "colData" "rownames" ".local" "colnames" "colnames" "dimnames" "dimnames" "dimnames" "f" "doTryCatch" "tryCatchOne" "tryCatchList" "tryCatch" "try" "standardGeneric" "%in%" "FUN" "vapply" ".getMethErr" ".testMethodsTable" "method" "validityMethod" "isTRUE" "anyStrings" "validObject" "initialize" "initialize" "new" "coerceToExperimentList" "asMethod" "as" ".nextMethod" "callNextMethod" "doTryCatch" "tryCatchOne" "tryCatchList" "tryCatch" "try" "coerce2" "coerce2" ".make_endoapply_ans" "mendoapply" ".subsetROWS" ".local" "subsetByRow" "subsetByRow" "subsetByRow" "subsetByRow" ".local" ".nextMethod" "eval" "eval" "callNextMethod" "[" "[" "filterFeaturesWithFormula" ".local" "filterFeatures" "filterFeatures" "withCallingHandlers" "suppressMessages" ".filterPSMTMT" "stepPreProcessingTMT" "stepPreProcessing" "profilingWorkflow" "profilingWrapper" "main" 
"...elt" "stopifnot" "is" "callNextMethod" "methods:::loadMethod" "methods:::loadMethod" "updateObject" "METHOD" "updateObject" "updateObject" "rowRanges" "rowRanges" "names" "names" "names" ".local" "rownames" "rownames" "dimnames" "dimnames" "dimnames" "f" "doTryCatch" "tryCatchOne" "tryCatchList" "tryCatch" "try" "standardGeneric" "%in%" "FUN" "vapply" ".getMethErr" ".testMethodsTable" "method" "validityMethod" "isTRUE" "anyStrings" "validObject" "initialize" "initialize" "new" "coerceToExperimentList" "asMethod" "as" ".nextMethod" "callNextMethod" "doTryCatch" "tryCatchOne" "tryCatchList" "tryCatch" "try" "coerce2" "coerce2" ".make_endoapply_ans" "mendoapply" ".subsetROWS" ".local" "subsetByRow" "subsetByRow" "subsetByRow" "subsetByRow" ".local" ".nextMethod" "eval" "eval" "callNextMethod" "[" "[" "filterFeaturesWithFormula" ".local" "filterFeatures" "filterFeatures" "withCallingHandlers" "suppressMessages" ".filterPSMTMT" "stepPreProcessingTMT" "stepPreProcessing" "profilingWorkflow" "profilingWrapper" "main" 
".nextMethod" "callNextMethod" "METHOD" "updateObject" "updateObject" "rowRanges" "rowRanges" "names" "names" "names" ".local" "rownames" "rownames" "dimnames" "dimnames" "dimnames" "f" "doTryCatch" "tryCatchOne" "tryCatchList" "tryCatch" "try" "standardGeneric" "%in%" "FUN" "vapply" ".getMethErr" ".testMethodsTable" "method" "validityMethod" "isTRUE" "anyStrings" "validObject" "initialize" "initialize" "new" "coerceToExperimentList" "asMethod" "as" ".nextMethod" "callNextMethod" "doTryCatch" "tryCatchOne" "tryCatchList" "tryCatch" "try" "coerce2" "coerce2" ".make_endoapply_ans" "mendoapply" ".subsetROWS" ".local" "subsetByRow" "subsetByRow" "subsetByRow" "subsetByRow" ".local" ".nextMethod" "eval" "eval" "callNextMethod" "[" "[" "filterFeaturesWithFormula" ".local" "filterFeatures" "filterFeatures" "withCallingHandlers" "suppressMessages" ".filterPSMTMT" "stepPreProcessingTMT" "stepPreProcessing" "profilingWorkflow" "profilingWrapper" "main" 
"updateObject" "updateObject" "updateObject" "METHOD" "updateObject" "updateObject" "rowRanges" "rowRanges" "names" "names" "names" ".local" "rownames" "rownames" "dimnames" "dimnames" "dimnames" "f" "doTryCatch" "tryCatchOne" "tryCatchList" "tryCatch" "try" "standardGeneric" "%in%" "FUN" "vapply" ".getMethErr" ".testMethodsTable" "method" "validityMethod" "isTRUE" "anyStrings" "validObject" "initialize" "initialize" "new" "coerceToExperimentList" "asMethod" "as" ".nextMethod" "callNextMethod" "doTryCatch" "tryCatchOne" "tryCatchList" "tryCatch" "try" "coerce2" "coerce2" ".make_endoapply_ans" "mendoapply" ".subsetROWS" ".local" "subsetByRow" "subsetByRow" "subsetByRow" "subsetByRow" ".local" ".nextMethod" "eval" "eval" "callNextMethod" "[" "[" "filterFeaturesWithFormula" ".local" "filterFeatures" "filterFeatures" "withCallingHandlers" "suppressMessages" ".filterPSMTMT" "stepPreProcessingTMT" "stepPreProcessing" "profilingWorkflow" "profilingWrapper" "main" 
"is" "callNextMethod" "methods:::loadMethod" "methods:::loadMethod" "updateObject" "updateObject" "updateObject" "rowRanges" "rowRanges" "names" "names" "names" ".local" "rownames" "rownames" "dimnames" "dimnames" "dimnames" "f" "doTryCatch" "tryCatchOne" "tryCatchList" "tryCatch" "try" "standardGeneric" "%in%" "FUN" "vapply" ".getMethErr" ".testMethodsTable" "method" "validityMethod" "isTRUE" "anyStrings" "validObject" "initialize" "initialize" "new" "coerceToExperimentList" "asMethod" "as" ".nextMethod" "callNextMethod" "doTryCatch" "tryCatchOne" "tryCatchList" "tryCatch" "try" "coerce2" "coerce2" ".make_endoapply_ans" "mendoapply" ".subsetROWS" ".local" "subsetByRow" "subsetByRow" "subsetByRow" "subsetByRow" ".local" ".nextMethod" "eval" "eval" "callNextMethod" "[" "[" "filterFeaturesWithFormula" ".local" "filterFeatures" "filterFeatures" "withCallingHandlers" "suppressMessages" ".filterPSMTMT" "stepPreProcessingTMT" "stepPreProcessing" "profilingWorkflow" "profilingWrapper" "main" 
".getClassesFromCache" "getClassDef" "validObject" "initialize" "initialize" "new" ".findNextFromTable" "addNextMethod" "addNextMethod" "callNextMethod" "METHOD" "updateObject" "updateObject" "rowRanges" "rowRanges" "names" "names" "names" ".local" "rownames" "rownames" "dimnames" "dimnames" "dimnames" "f" "doTryCatch" "tryCatchOne" "tryCatchList" "tryCatch" "try" "standardGeneric" "%in%" "FUN" "vapply" ".getMethErr" ".testMethodsTable" "method" "validityMethod" "isTRUE" "anyStrings" "validObject" "initialize" "initialize" "new" "coerceToExperimentList" "asMethod" "as" ".nextMethod" "callNextMethod" "doTryCatch" "tryCatchOne" "tryCatchList" "tryCatch" "try" "coerce2" "coerce2" ".make_endoapply_ans" "mendoapply" ".subsetROWS" ".local" "subsetByRow" "subsetByRow" "subsetByRow" "subsetByRow" ".local" ".nextMethod" "eval" "eval" "callNextMethod" "[" "[" "filterFeaturesWithFormula" ".local" "filterFeatures" "filterFeatures" "withCallingHandlers" "suppressMessages" ".filterPSMTMT" "stepPreProcessingTMT" "stepPreProcessing" "profilingWorkflow" "profilingWrapper" "main" 
"updateObject" "updateObject" "updateObject" "updateObject" "rowRanges" "rowRanges" "names" "names" "names" ".local" "rownames" "rownames" "dimnames" "dimnames" "dimnames" "FUN" "lapply" "lapply" "lapply" "lapply" ".class1" "as" "dimnames" "dimnames" "dimnames" "dimnames" "dimnames" "dimnames" "%||%" "colnames" "colnames" "experiments<-" "experiments<-" "subsetByRow" "subsetByRow" ".local" ".nextMethod" "eval" "eval" "callNextMethod" "[" "[" "filterFeaturesWithFormula" ".local" "filterFeatures" "filterFeatures" "withCallingHandlers" "suppressMessages" ".filterPSMTMT" "stepPreProcessingTMT" "stepPreProcessing" "profilingWorkflow" "profilingWrapper" "main" 
"new" "updateObject" "updateObject" "updateObject" "updateObject" "METHOD" "updateObject" "updateObject" "rowRanges" "rowRanges" "names" "names" "names" ".local" "rownames" "rownames" "dimnames" "dimnames" "dimnames" "FUN" "lapply" "lapply" "lapply" "lapply" ".class1" "as" "dimnames" "dimnames" "dimnames" "dimnames" "dimnames" "dimnames" "%||%" "colnames" "colnames" "experiments<-" "experiments<-" "subsetByRow" "subsetByRow" ".local" ".nextMethod" "eval" "eval" "callNextMethod" "[" "[" "filterFeaturesWithFormula" ".local" "filterFeatures" "filterFeatures" "withCallingHandlers" "suppressMessages" ".filterPSMTMT" "stepPreProcessingTMT" "stepPreProcessing" "profilingWorkflow" "profilingWrapper" "main" 
"length" "length" ".matchSigLength" ".cacheMethodInTable" "cacheMethod" "callNextMethod" "METHOD" "updateObject" "updateObject" "rowRanges" "rowRanges" "names" "names" "names" ".local" "rownames" "rownames" "dimnames" "dimnames" "dimnames" "FUN" "lapply" "lapply" "lapply" "lapply" ".class1" "as" "dimnames" "dimnames" "dimnames" "dimnames" "dimnames" "dimnames" "%||%" "colnames" "colnames" "experiments<-" "experiments<-" "subsetByRow" "subsetByRow" ".local" ".nextMethod" "eval" "eval" "callNextMethod" "[" "[" "filterFeaturesWithFormula" ".local" "filterFeatures" "filterFeatures" "withCallingHandlers" "suppressMessages" ".filterPSMTMT" "stepPreProcessingTMT" "stepPreProcessing" "profilingWorkflow" "profilingWrapper" "main" 
"validObject" "initialize" "initialize" "new" ".findNextFromTable" "addNextMethod" "addNextMethod" "callNextMethod" "METHOD" "updateObject" "updateObject" "rowRanges" "rowRanges" "names" "names" "names" ".local" "rownames" "rownames" "dimnames" "dimnames" "dimnames" "FUN" "lapply" "lapply" "lapply" "lapply" ".class1" "as" "dimnames" "dimnames" "dimnames" "dimnames" "dimnames" "dimnames" "%||%" "colnames" "colnames" "experiments<-" "experiments<-" "subsetByRow" "subsetByRow" ".local" ".nextMethod" "eval" "eval" "callNextMethod" "[" "[" "filterFeaturesWithFormula" ".local" "filterFeatures" "filterFeatures" "withCallingHandlers" "suppressMessages" ".filterPSMTMT" "stepPreProcessingTMT" "stepPreProcessing" "profilingWorkflow" "profilingWrapper" "main" 
".findInheritedMethods" "selectMethod" ".selectClosestMethod1" "updateObject" "updateObject" "rowRanges" "rowRanges" "names" "names" "names" ".local" "rownames" "rownames" "dimnames" "dimnames" "dimnames" "FUN" "lapply" "lapply" "lapply" "lapply" ".class1" "as" "dimnames" "dimnames" "dimnames" "dimnames" "dimnames" "dimnames" "%||%" "colnames" "colnames" "experiments<-" "experiments<-" "subsetByRow" "subsetByRow" ".local" ".nextMethod" "eval" "eval" "callNextMethod" "[" "[" "filterFeaturesWithFormula" ".local" "filterFeatures" "filterFeatures" "withCallingHandlers" "suppressMessages" ".filterPSMTMT" "stepPreProcessingTMT" "stepPreProcessing" "profilingWorkflow" "profilingWrapper" "main" 
"getClassDef" "FUN" "lapply" "sapply" "sapply" "standardGeneric" "which" "listClassName" ".selectListClassName" "relistToClass" "relistToClass" "relist" "standardGeneric" "relist" ".coerceToList" "asMethod" "as" "dimnames" "dimnames" "dimnames" "dimnames" "dimnames" "dimnames" "%||%" "colnames" "colnames" "experiments<-" "experiments<-" "subsetByRow" "subsetByRow" ".local" ".nextMethod" "eval" "eval" "callNextMethod" "[" "[" "filterFeaturesWithFormula" ".local" "filterFeatures" "filterFeatures" "withCallingHandlers" "suppressMessages" ".filterPSMTMT" "stepPreProcessingTMT" "stepPreProcessing" "profilingWorkflow" "profilingWrapper" "main" 
"updateObject" "elementMetadata" "elementMetadata" "mcols" "mcols" ".validate_Vector_mcols" "method" "validityMethod" "isTRUE" "anyStrings" "validObject" "initialize" "initialize" "new" "new2" ".new_Hits" "new_Hits" "Hits" "initialize" "initialize" "new" "AssayLink" "FUN" "lapply" "lapply" "lapply" "lapply" "endoapply" ".pruneAssayLinks" "[" "[" "filterFeaturesWithFormula" ".local" "filterFeatures" "filterFeatures" "withCallingHandlers" "suppressMessages" ".filterPSMTMT" "stepPreProcessingTMT" "stepPreProcessing" "profilingWorkflow" "profilingWrapper" "main" 
"updateObject" "updateObject" "updateObject" "updateObject" "rowRanges" "rowRanges" "names" "names" "names" ".local" "rownames" "rownames" "standardGeneric" "%in%" ".checkLinksInHits" ".validAssayLink" ".validAssayLinks" ".pruneAssayLinks" "[" "[" "filterFeaturesWithFormula" ".local" "filterFeatures" "filterFeatures" "withCallingHandlers" "suppressMessages" ".filterPSMTMT" "stepPreProcessingTMT" "stepPreProcessing" "profilingWorkflow" "profilingWrapper" "main" 
"isFALSE" "validObject" "initialize" "initialize" "new" ".findNextFromTable" "addNextMethod" "addNextMethod" "callNextMethod" "METHOD" "updateObject" "updateObject" "rowRanges" "rowRanges" "names" "names" "names" ".local" "rownames" "rownames" "standardGeneric" "%in%" ".checkLinksInHits" ".validAssayLink" ".validAssayLinks" ".pruneAssayLinks" "[" "[" "filterFeaturesWithFormula" ".local" "filterFeatures" "filterFeatures" "withCallingHandlers" "suppressMessages" ".filterPSMTMT" "stepPreProcessingTMT" "stepPreProcessing" "profilingWorkflow" "profilingWrapper" "main" 
".nextMethod" "callNextMethod" "methods:::loadMethod" "methods:::loadMethod" "colData" "standardGeneric" "nrow" "ncol" "standardGeneric" "ncol" "FUN" "FUN" "FUN" "vapply" "dims" "dims" ".filterAssayTMT" "stepPreProcessingTMT" "stepPreProcessing" "profilingWorkflow" "profilingWrapper" "main" 
"as<-" "initialize" "initialize" "new" ".findNextFromTable" "addNextMethod" "addNextMethod" "callNextMethod" "METHOD" "updateObject" "updateObject" "rowRanges" "rowRanges" "names" "names" "names" ".local" "rownames" "rownames" "dimnames" "dimnames" "dimnames" "FUN" "lapply" "lapply" "lapply" "lapply" ".class1" "as" "dimnames" "dimnames" "dimnames" "dimnames" "dimnames" "dimnames" "%||%" "colnames" "colnames" "experiments<-" "experiments<-" "subsetByAssay" "subsetByAssay" ".local" ".nextMethod" "eval" "eval" "callNextMethod" "[" "[" ".filterAssayTMT" "stepPreProcessingTMT" "stepPreProcessing" "profilingWorkflow" "profilingWrapper" "main" 
"@<-" ".nextMethod" "callNextMethod" "updateObject" "updateObject" ".nextMethod" "eval" "eval" "callNextMethod" ".local" "colData" "colData" "rownames" ".local" "colnames" "colnames" "dimnames" "dimnames" "dimnames" "FUN" "lapply" "lapply" "lapply" "lapply" ".class1" "as" "dimnames" "dimnames" "dimnames" "dimnames" "dimnames" "dimnames" "%||%" "colnames" "colnames" "experiments<-" "experiments<-" "subsetByAssay" "subsetByAssay" ".local" ".nextMethod" "eval" "eval" "callNextMethod" "[" "[" ".filterAssayTMT" "stepPreProcessingTMT" "stepPreProcessing" "profilingWorkflow" "profilingWrapper" "main" 
"stopifnot" "is" "callNextMethod" "updateObject" "updateObject" "updateObject" "updateObject" "rowRanges" "rowRanges" "names" "names" "names" ".local" "rownames" "rownames" "dimnames" "dimnames" "dimnames" "FUN" "lapply" "lapply" "lapply" "lapply" ".class1" "as" "dimnames" "dimnames" "dimnames" "dimnames" "dimnames" "dimnames" "%||%" "colnames" "colnames" "experiments<-" "experiments<-" "subsetByAssay" "subsetByAssay" ".local" ".nextMethod" "eval" "eval" "callNextMethod" "[" "[" ".filterAssayTMT" "stepPreProcessingTMT" "stepPreProcessing" "profilingWorkflow" "profilingWrapper" "main" 
".findInheritedMethods" ".findNextFromTable" "addNextMethod" "addNextMethod" "callNextMethod" "METHOD" "updateObject" "updateObject" "rowRanges" "rowRanges" "names" "names" "names" ".local" "rownames" "rownames" "dimnames" "dimnames" "dimnames" "FUN" "lapply" "lapply" "lapply" "lapply" ".class1" "as" "dimnames" "dimnames" "dimnames" "dimnames" "dimnames" "dimnames" "%||%" "colnames" "colnames" "experiments<-" "experiments<-" "subsetByAssay" "subsetByAssay" ".local" ".nextMethod" "eval" "eval" "callNextMethod" "[" "[" ".filterAssayTMT" "stepPreProcessingTMT" "stepPreProcessing" "profilingWorkflow" "profilingWrapper" "main" 
"updateObject" "updateObject" "rowRanges" "rowRanges" "names" "names" "names" ".local" "rownames" "rownames" "dimnames" "dimnames" "dimnames" "FUN" "lapply" "lapply" "lapply" "lapply" ".class1" "as" "dimnames" "dimnames" "dimnames" "dimnames" "dimnames" "dimnames" "%||%" "colnames" "colnames" "experiments<-" "experiments<-" "subsetByAssay" "subsetByAssay" ".local" ".nextMethod" "eval" "eval" "callNextMethod" "[" "[" ".filterAssayTMT" "stepPreProcessingTMT" "stepPreProcessing" "profilingWorkflow" "profilingWrapper" "main" 
"FUN" "lapply" "sapply" "sapply" "standardGeneric" "which" "listClassName" ".selectListClassName" "relistToClass" "relistToClass" "relist" "standardGeneric" "relist" ".coerceToList" "asMethod" "as" "colnames" "colnames" "experiments<-" "experiments<-" "subsetByAssay" "subsetByAssay" ".local" ".nextMethod" "eval" "eval" "callNextMethod" "[" "[" ".filterAssayTMT" "stepPreProcessingTMT" "stepPreProcessing" "profilingWorkflow" "profilingWrapper" "main" 
"structure" "value[[3]]" "tryCatchOne" "tryCatchList" "tryCatch" "try" "coerce2" "coerce2" ".make_endoapply_ans" "endoapply" ".pruneAssayLinks" "[" "[" ".filterAssayTMT" "stepPreProcessingTMT" "stepPreProcessing" "profilingWorkflow" "profilingWrapper" "main" 
"initialize" "initialize" "new" ".findNextFromTable" "addNextMethod" "addNextMethod" "callNextMethod" "METHOD" "updateObject" "updateObject" "rowRanges" "rowRanges" "names" "names" "names" ".local" "rownames" "rownames" "standardGeneric" "%in%" ".checkLinksInHits" ".validAssayLink" ".validAssayLinks" ".pruneAssayLinks" "[" "[" ".filterAssayTMT" "stepPreProcessingTMT" "stepPreProcessing" "profilingWorkflow" "profilingWrapper" "main" 
"c" ".findInheritedMethods" "selectMethod" ".selectClosestMethod1" "updateObject" "updateObject" "rowRanges" "rowRanges" "names" "names" "names" ".local" "rownames" "rownames" "standardGeneric" "%in%" ".checkLinksInHits" ".validAssayLink" ".validAssayLinks" ".pruneAssayLinks" "[" "[" ".filterAssayTMT" "stepPreProcessingTMT" "stepPreProcessing" "profilingWorkflow" "profilingWrapper" "main" 
".local" "elementMetadata" "elementMetadata" "mcols" "mcols" "mcols" "mcols" ".nextMethod" "eval" "eval" "callNextMethod" ".local" "rowData" "rowData" "colnames" "FUN" "lapply" "lapply" "lapply" "lapply" ".dotargsAsList" "CharacterList" "rowDataNames" "unlist" "computeSCR" ".filterSCRTMT" "stepPreProcessingTMT" "stepPreProcessing" "profilingWorkflow" "profilingWrapper" "main" 
"stopifnot" "is" "callNextMethod" "methods:::loadMethod" "methods:::loadMethod" "updateObject" "METHOD" "updateObject" "updateObject" "rowRanges" "rowRanges" "mcols" "mcols" "mcols" ".nextMethod" "eval" "eval" "callNextMethod" ".local" "rowData" "rowData" "colnames" "FUN" "lapply" "lapply" "lapply" "lapply" ".dotargsAsList" "CharacterList" "rowDataNames" "unlist" "computeSCR" ".filterSCRTMT" "stepPreProcessingTMT" "stepPreProcessing" "profilingWorkflow" "profilingWrapper" "main" 
"get0" "getClassDef" "FUN" "lapply" "sapply" "sapply" "standardGeneric" "which" "listClassName" ".selectListClassName" "relistToClass" "relistToClass" "relist" "standardGeneric" "relist" ".coerceToList" "<Anonymous>" "CharacterList" "rowDataNames" "unlist" "computeSCR" ".filterSCRTMT" "stepPreProcessingTMT" "stepPreProcessing" "profilingWorkflow" "profilingWrapper" "main" 
"apply" "computeSCR" ".filterSCRTMT" "stepPreProcessingTMT" "stepPreProcessing" "profilingWorkflow" "profilingWrapper" "main" 
".identC" "possibleExtends" "checkSlotAssignment" "methods::slot<-" "asMethod" "as" "replaceCOLS" "replaceCOLS" "[<-" "[<-" "computeSCR" ".filterSCRTMT" "stepPreProcessingTMT" "stepPreProcessing" "profilingWorkflow" "profilingWrapper" "main" 
"@<-" ".findInheritedMethods" "selectMethod" ".selectClosestMethod1" "updateObject" "updateObject" "rowRanges" "rowRanges" "names" "names" "names" ".local" "rownames" "rownames" "dimnames" "dimnames" "dimnames" "assays" "assays" "assay" "assay" "computeSCR" ".filterSCRTMT" "stepPreProcessingTMT" "stepPreProcessing" "profilingWorkflow" "profilingWrapper" "main" 
"FUN" "lapply" "sapply" "sapply" "standardGeneric" "which" "listClassName" "coerceToSimpleList" "asMethod" "as" ".nextMethod" "callNextMethod" "doTryCatch" "tryCatchOne" "tryCatchList" "tryCatch" "try" "coerce2" "coerce2" ".make_endoapply_ans" "endoapply" "assays" "assays" "assay" "assay" "computeSCR" ".filterSCRTMT" "stepPreProcessingTMT" "stepPreProcessing" "profilingWorkflow" "profilingWrapper" "main" 
"is" "callNextMethod" "updateObject" "updateObject" "updateObject" "updateObject" "rowRanges" "rowRanges" "<Anonymous>" "unsafe_replaceSlots" "BiocGenerics:::replaceSlots" "mcols<-" "mcols<-" "rowData<-" "rowData<-" "computeSCR" ".filterSCRTMT" "stepPreProcessingTMT" "stepPreProcessing" "profilingWorkflow" "profilingWrapper" "main" 
"aperm.default" "aperm" "apply" "computeSCR" ".filterSCRTMT" "stepPreProcessingTMT" "stepPreProcessing" "profilingWorkflow" "profilingWrapper" "main" 
"selectMethod" ".selectClosestMethod1" "names" "names" "names" ".local" "elementMetadata" "elementMetadata" "mcols" "mcols" "mcols" "mcols" ".nextMethod" "eval" "eval" "callNextMethod" ".local" "rowData" "rowData" "computeSCR" ".filterSCRTMT" "stepPreProcessingTMT" "stepPreProcessing" "profilingWorkflow" "profilingWrapper" "main" 
"sys.call" "callNextMethod" "doTryCatch" "tryCatchOne" "tryCatchList" "tryCatch" "try" "FUN" "FUN" "lapply" "lapply" "prepare_objects_to_bind" "bindROWS" "bindROWS" "mergeROWS" "mergeROWS" ".nextMethod" "eval" "eval" "callNextMethod" "[<-" "[<-" "replaceCOLS" "replaceCOLS" "[<-" "[<-" "computeSCR" ".filterSCRTMT" "stepPreProcessingTMT" "stepPreProcessing" "profilingWorkflow" "profilingWrapper" "main" 
"stopifnot" "is" "callNextMethod" "methods:::loadMethod" "methods:::loadMethod" "updateObject" ".nextMethod" "eval" "eval" "callNextMethod" ".local" "colData" "colData" "rownames" ".local" "colnames" "colnames" "dimnames" "dimnames" "dimnames" "assays" "assays" "assay" "assay" "computeSCR" ".filterSCRTMT" "stepPreProcessingTMT" "stepPreProcessing" "profilingWorkflow" "profilingWrapper" "main" 
"as.character" "as.character" "structure" "asS4" ".asS4" ".newSignature" ".findInheritedMethods" ".findNextFromTable" "addNextMethod" "addNextMethod" "callNextMethod" "METHOD" "updateObject" "updateObject" "rowRanges" "rowRanges" "mcols" "mcols" "mcols" ".nextMethod" "eval" "eval" "callNextMethod" ".local" "rowData" "rowData" "computeSCR" ".filterSCRTMT" "stepPreProcessingTMT" "stepPreProcessing" "profilingWorkflow" "profilingWrapper" "main" 
"validObject" "initialize" "initialize" "new" "new2" "NativeNSBS" "NSBS" "NSBS" "normalizeSingleBracketSubscript" "extractCOLS" "extractCOLS" "[" "[" "computeSCR" ".filterSCRTMT" "stepPreProcessingTMT" "stepPreProcessing" "profilingWorkflow" "profilingWrapper" "main" 
"eval" "callNextMethod" ".local" "colData" "colData" "rownames" ".local" "colnames" "colnames" "dimnames" "dimnames" "dimnames" "assays" "assays" "assay" "assay" "computeSCR" ".filterSCRTMT" "stepPreProcessingTMT" "stepPreProcessing" "profilingWorkflow" "profilingWrapper" "main" 
".identC" "possibleExtends" "<Anonymous>" ".nextMethod" "callNextMethod" "updateObject" "updateObject" "updateObject" "updateObject" "updateObject" "updateObject" "rowRanges" "rowRanges" "<Anonymous>" "unsafe_replaceSlots" "BiocGenerics:::replaceSlots" "mcols<-" "mcols<-" "rowData<-" "rowData<-" "computeSCR" ".filterSCRTMT" "stepPreProcessingTMT" "stepPreProcessing" "profilingWorkflow" "profilingWrapper" "main" 
"apply" "computeSCR" ".filterSCRTMT" "stepPreProcessingTMT" "stepPreProcessing" "profilingWorkflow" "profilingWrapper" "main" 
"standardGeneric" "NROW" "length" "length" "length" "NROW" "standardGeneric" "NROW" "NSBS" "NSBS" "normalizeSingleBracketSubscript" "mergeROWS" "mergeROWS" ".nextMethod" "eval" "eval" "callNextMethod" "[<-" "[<-" "replaceCOLS" "replaceCOLS" "[<-" "[<-" "computeSCR" ".filterSCRTMT" "stepPreProcessingTMT" "stepPreProcessing" "profilingWorkflow" "profilingWrapper" "main" 
"validObject" "initialize" "initialize" "new" ".findNextFromTable" "addNextMethod" "addNextMethod" "callNextMethod" "METHOD" "updateObject" "updateObject" "rowRanges" "rowRanges" "names" "names" "names" ".local" "rownames" "rownames" "dimnames" "dimnames" "dimnames" "assays" "assays" "assay" "assay" "computeSCR" ".filterSCRTMT" "stepPreProcessingTMT" "stepPreProcessing" "profilingWorkflow" "profilingWrapper" "main" 
"min" ".newSignature" ".findInheritedMethods" "selectMethod" ".selectClosestMethod1" "updateObject" "updateObject" "rowRanges" "rowRanges" "mcols" "mcols" "mcols" ".nextMethod" "eval" "eval" "callNextMethod" ".local" "rowData" "rowData" "computeSCR" ".filterSCRTMT" "stepPreProcessingTMT" "stepPreProcessing" "profilingWorkflow" "profilingWrapper" "main" 
"[" "computeSCR" ".filterSCRTMT" "stepPreProcessingTMT" "stepPreProcessing" "profilingWorkflow" "profilingWrapper" "main" 
".findNextFromTable" "addNextMethod" "addNextMethod" "callNextMethod" "METHOD" "updateObject" "updateObject" "rowRanges" "rowRanges" "names" "names" "names" ".local" "rownames" "rownames" "dimnames" "dimnames" "dimnames" "assays" "assays" "assay" "assay" "computeSCR" ".filterSCRTMT" "stepPreProcessingTMT" "stepPreProcessing" "profilingWorkflow" "profilingWrapper" "main" 
"parallel_slot_names" "slot" "standardGeneric" "NROW" "length" "length" "length" "NROW" "standardGeneric" "NROW" "...elt" "stopifnot" "replaceROWS" "replaceROWS" "mergeROWS" "mergeROWS" ".nextMethod" "eval" "eval" "callNextMethod" "[<-" "[<-" "replaceCOLS" "replaceCOLS" "[<-" "[<-" "computeSCR" ".filterSCRTMT" "stepPreProcessingTMT" "stepPreProcessing" "profilingWorkflow" "profilingWrapper" "main" 
"is" "callNextMethod" "updateObject" "updateObject" ".nextMethod" "callNextMethod" "updateObject" "updateObject" "updateObject" "updateObject" "rowRanges" "rowRanges" "mcols" "mcols" "mcols" "FUN" "lapply" "lapply" "lapply" "lapply" "List" "rowData" "rowData" "colnames" "sapply" ".checkFilterVariables" "filterFeaturesWithFormula" ".local" "filterFeatures" "filterFeatures" "withCallingHandlers" "suppressMessages" ".filterSCRTMT" "stepPreProcessingTMT" "stepPreProcessing" "profilingWorkflow" "profilingWrapper" "main" 
"getClassDef" "is" "callNextMethod" "methods:::loadMethod" "methods:::loadMethod" "updateObject" "updateObject" "updateObject" "rowRanges" "rowRanges" "mcols" "mcols" "mcols" "FUN" "lapply" "lapply" "lapply" "lapply" "List" "rowData" "rowData" "colnames" "sapply" ".checkFilterVariables" "filterFeaturesWithFormula" ".local" "filterFeatures" "filterFeatures" "withCallingHandlers" "suppressMessages" ".filterSCRTMT" "stepPreProcessingTMT" "stepPreProcessing" "profilingWorkflow" "profilingWrapper" "main" 
".getClassesFromCache" "getClassDef" "validObject" "initialize" "initialize" "new" "new2" "newCompressedList0" "relist" "standardGeneric" "relist" ".coerceToList" "<Anonymous>" "CharacterList" "colnames" "colnames" "sapply" ".checkFilterVariables" "filterFeaturesWithFormula" ".local" "filterFeatures" "filterFeatures" "withCallingHandlers" "suppressMessages" ".filterSCRTMT" "stepPreProcessingTMT" "stepPreProcessing" "profilingWorkflow" "profilingWrapper" "main" 
"get0" "getPackageName" "%||%" "isTRUE" "getClassDef" "is" "rownames<-" "standardGeneric" "rownames<-" ".local" "elementMetadata" "elementMetadata" "mcols" "mcols" "mcols" "mcols" ".nextMethod" "eval" "eval" "callNextMethod" ".local" "rowData" "rowData" "FUN" "lapply" "lapply" "lapply" "lapply" "filterFeaturesWithFormula" ".local" "filterFeatures" "filterFeatures" "withCallingHandlers" "suppressMessages" ".filterSCRTMT" "stepPreProcessingTMT" "stepPreProcessing" "profilingWorkflow" "profilingWrapper" "main" 
".findNextFromTable" "addNextMethod" "addNextMethod" "callNextMethod" "METHOD" "updateObject" "updateObject" "rowRanges" "rowRanges" "mcols" "mcols" "mcols" ".nextMethod" "eval" "eval" "callNextMethod" ".local" "rowData" "rowData" "FUN" "lapply" "lapply" "lapply" "lapply" "filterFeaturesWithFormula" ".local" "filterFeatures" "filterFeatures" "withCallingHandlers" "suppressMessages" ".filterSCRTMT" "stepPreProcessingTMT" "stepPreProcessing" "profilingWorkflow" "profilingWrapper" "main" 
"paste0" "listClassName" "coerceToSimpleList" "asMethod" "as" ".nextMethod" "callNextMethod" "doTryCatch" "tryCatchOne" "tryCatchList" "tryCatch" "try" "coerce2" "coerce2" ".make_endoapply_ans" "endoapply" "updateObject" "updateObject" ".nextMethod" "callNextMethod" ".nextMethod" "callNextMethod" "updateObject" "updateObject" "[" "[" "<Anonymous>" "mapply" "eval" "eval" "eval" "standardGeneric" "mapply" "mendoapply" ".subsetROWS" ".local" "subsetByRow" "subsetByRow" "subsetByRow" "subsetByRow" ".local" ".nextMethod" "eval" "eval" "callNextMethod" "[" "[" "filterFeaturesWithFormula" ".local" "filterFeatures" "filterFeatures" "withCallingHandlers" "suppressMessages" ".filterSCRTMT" "stepPreProcessingTMT" "stepPreProcessing" "profilingWorkflow" "profilingWrapper" "main" 
".findMethodInTable" ".quickCoerceSelect" "as" "checkSlotAssignment" "methods::slot<-" "asMethod" "as" "method" "validityMethod" "isTRUE" "anyStrings" "validObject" "updateObject" "[" "[" "<Anonymous>" "mapply" "eval" "eval" "eval" "standardGeneric" "mapply" "mendoapply" ".subsetROWS" ".local" "subsetByRow" "subsetByRow" "subsetByRow" "subsetByRow" ".local" ".nextMethod" "eval" "eval" "callNextMethod" "[" "[" "filterFeaturesWithFormula" ".local" "filterFeatures" "filterFeatures" "withCallingHandlers" "suppressMessages" ".filterSCRTMT" "stepPreProcessingTMT" "stepPreProcessing" "profilingWorkflow" "profilingWrapper" "main" 
"callNextMethod" "methods:::loadMethod" "methods:::loadMethod" "coerce2" ".make_endoapply_ans" "endoapply" ".class1" "as" ".extract_Assays_subset" "[" "[" ".nextMethod" "callNextMethod" "[" "[" "<Anonymous>" "mapply" "eval" "eval" "eval" "standardGeneric" "mapply" "mendoapply" ".subsetROWS" ".local" "subsetByRow" "subsetByRow" "subsetByRow" "subsetByRow" ".local" ".nextMethod" "eval" "eval" "callNextMethod" "[" "[" "filterFeaturesWithFormula" ".local" "filterFeatures" "filterFeatures" "withCallingHandlers" "suppressMessages" ".filterSCRTMT" "stepPreProcessingTMT" "stepPreProcessing" "profilingWorkflow" "profilingWrapper" "main" 
"updateObject" ".nextMethod" "callNextMethod" ".nextMethod" "callNextMethod" ".nextMethod" "callNextMethod" "updateObject" "updateObject" "[" "[" "<Anonymous>" "mapply" "eval" "eval" "eval" "standardGeneric" "mapply" "mendoapply" ".subsetROWS" ".local" "subsetByRow" "subsetByRow" "subsetByRow" "subsetByRow" ".local" ".nextMethod" "eval" "eval" "callNextMethod" "[" "[" "filterFeaturesWithFormula" ".local" "filterFeatures" "filterFeatures" "withCallingHandlers" "suppressMessages" ".filterSCRTMT" "stepPreProcessingTMT" "stepPreProcessing" "profilingWorkflow" "profilingWrapper" "main" 
"@<-" ".findInheritedMethods" "selectMethod" ".selectClosestMethod1" "extractROWS" "extractROWS" "subset_along_ROWS" ".nextMethod" "eval" "eval" "callNextMethod" "[" "[" ".nextMethod" "callNextMethod" "[" "[" "<Anonymous>" "mapply" "eval" "eval" "eval" "standardGeneric" "mapply" "mendoapply" ".subsetROWS" ".local" "subsetByRow" "subsetByRow" "subsetByRow" "subsetByRow" ".local" ".nextMethod" "eval" "eval" "callNextMethod" "[" "[" "filterFeaturesWithFormula" ".local" "filterFeatures" "filterFeatures" "withCallingHandlers" "suppressMessages" ".filterSCRTMT" "stepPreProcessingTMT" "stepPreProcessing" "profilingWorkflow" "profilingWrapper" "main" 
"isTRUE" "getClassDef" "FUN" "lapply" "sapply" "sapply" "standardGeneric" "which" "listClassName" "coerceToSimpleList" "asMethod" "as" ".nextMethod" "callNextMethod" "doTryCatch" "tryCatchOne" "tryCatchList" "tryCatch" "try" "coerce2" "coerce2" ".make_endoapply_ans" "endoapply" ".class1" "as" ".extract_Assays_subset" "[" "[" ".nextMethod" "callNextMethod" "[" "[" "<Anonymous>" "mapply" "eval" "eval" "eval" "standardGeneric" "mapply" "mendoapply" ".subsetROWS" ".local" "subsetByRow" "subsetByRow" "subsetByRow" "subsetByRow" ".local" ".nextMethod" "eval" "eval" "callNextMethod" "[" "[" "filterFeaturesWithFormula" ".local" "filterFeatures" "filterFeatures" "withCallingHandlers" "suppressMessages" ".filterSCRTMT" "stepPreProcessingTMT" "stepPreProcessing" "profilingWorkflow" "profilingWrapper" "main" 
"validityMethod" "isTRUE" "anyStrings" "validObject" "updateObject" "updateObject" "updateObject" "updateObject" "updateObject" ".nextMethod" "callNextMethod" "updateObject" "updateObject" "[" "[" "<Anonymous>" "mapply" "eval" "eval" "eval" "standardGeneric" "mapply" "mendoapply" ".subsetROWS" ".local" "subsetByRow" "subsetByRow" "subsetByRow" "subsetByRow" ".local" ".nextMethod" "eval" "eval" "callNextMethod" "[" "[" "filterFeaturesWithFormula" ".local" "filterFeatures" "filterFeatures" "withCallingHandlers" "suppressMessages" ".filterSCRTMT" "stepPreProcessingTMT" "stepPreProcessing" "profilingWorkflow" "profilingWrapper" "main" 
".identC" "extends" ".inheritedArgsExpression" ".findInheritedMethods" "selectMethod" ".selectClosestMethod1" "length" "length" "length" "NROW" "standardGeneric" "NROW" "NSBS" "NSBS" "normalizeSingleBracketSubscript" "METHOD" "extractROWS" "extractROWS" "subset_along_ROWS" ".nextMethod" "eval" "eval" "callNextMethod" "[" "[" ".nextMethod" "callNextMethod" "[" "[" "<Anonymous>" "mapply" "eval" "eval" "eval" "standardGeneric" "mapply" "mendoapply" ".subsetROWS" ".local" "subsetByRow" "subsetByRow" "subsetByRow" "subsetByRow" ".local" ".nextMethod" "eval" "eval" "callNextMethod" "[" "[" "filterFeaturesWithFormula" ".local" "filterFeatures" "filterFeatures" "withCallingHandlers" "suppressMessages" ".filterSCRTMT" "stepPreProcessingTMT" "stepPreProcessing" "profilingWorkflow" "profilingWrapper" "main" 
"updateObject" "METHOD" "updateObject" "updateObject" "rowRanges" "rowRanges" "names" "names" "names" ".local" "rownames" "rownames" "<Anonymous>" "mapply" "eval" "eval" "eval" "standardGeneric" "mapply" "mendoapply" ".subsetROWS" ".local" "subsetByRow" "subsetByRow" "subsetByRow" "subsetByRow" ".local" ".nextMethod" "eval" "eval" "callNextMethod" "[" "[" "filterFeaturesWithFormula" ".local" "filterFeatures" "filterFeatures" "withCallingHandlers" "suppressMessages" ".filterSCRTMT" "stepPreProcessingTMT" "stepPreProcessing" "profilingWorkflow" "profilingWrapper" "main" 
"try" "validObject" "updateObject" "METHOD" "updateObject" "updateObject" ".nextMethod" "callNextMethod" "updateObject" "updateObject" "[" "[" "<Anonymous>" "mapply" "eval" "eval" "eval" "standardGeneric" "mapply" "mendoapply" ".subsetROWS" ".local" "subsetByRow" "subsetByRow" "subsetByRow" "subsetByRow" ".local" ".nextMethod" "eval" "eval" "callNextMethod" "[" "[" "filterFeaturesWithFormula" ".local" "filterFeatures" "filterFeatures" "withCallingHandlers" "suppressMessages" ".filterSCRTMT" "stepPreProcessingTMT" "stepPreProcessing" "profilingWorkflow" "profilingWrapper" "main" 
".newSignature" ".findInheritedMethods" "selectMethod" ".selectClosestMethod1" "names" "names" "names" "extractROWS" "initialize" "initialize" "new" "new2" "METHOD" "extractROWS" "extractROWS" "subset_along_ROWS" ".nextMethod" "eval" "eval" "callNextMethod" "[" "[" ".nextMethod" "callNextMethod" "[" "[" "<Anonymous>" "mapply" "eval" "eval" "eval" "standardGeneric" "mapply" "mendoapply" ".subsetROWS" ".local" "subsetByRow" "subsetByRow" "subsetByRow" "subsetByRow" ".local" ".nextMethod" "eval" "eval" "callNextMethod" "[" "[" "filterFeaturesWithFormula" ".local" "filterFeatures" "filterFeatures" "withCallingHandlers" "suppressMessages" ".filterSCRTMT" "stepPreProcessingTMT" "stepPreProcessing" "profilingWorkflow" "profilingWrapper" "main" 
".getClassesFromCache" "getClassDef" "validObject" "updateObject" ".nextMethod" "callNextMethod" "updateObject" "updateObject" "updateObject" "updateObject" "[" "[" "<Anonymous>" "mapply" "eval" "eval" "eval" "standardGeneric" "mapply" "mendoapply" ".subsetROWS" ".local" "subsetByRow" "subsetByRow" "subsetByRow" "subsetByRow" ".local" ".nextMethod" "eval" "eval" "callNextMethod" "[" "[" "filterFeaturesWithFormula" ".local" "filterFeatures" "filterFeatures" "withCallingHandlers" "suppressMessages" ".filterSCRTMT" "stepPreProcessingTMT" "stepPreProcessing" "profilingWorkflow" "profilingWrapper" "main" 
"is" "callNextMethod" "methods:::loadMethod" "methods:::loadMethod" "updateObject" "elementMetadata" "elementMetadata" "mcols" "mcols" ".validate_Vector_parallel_slots" "method" "validityMethod" "isTRUE" "anyStrings" "validObject" "updateObject" "[" "[" "<Anonymous>" "mapply" "eval" "eval" "eval" "standardGeneric" "mapply" "mendoapply" ".subsetROWS" ".local" "subsetByRow" "subsetByRow" "subsetByRow" "subsetByRow" ".local" ".nextMethod" "eval" "eval" "callNextMethod" "[" "[" "filterFeaturesWithFormula" ".local" "filterFeatures" "filterFeatures" "withCallingHandlers" "suppressMessages" ".filterSCRTMT" "stepPreProcessingTMT" "stepPreProcessing" "profilingWorkflow" "profilingWrapper" "main" 
"normalizeSingleBracketSubscript" "FUN" "FUN" "lapply" "lapply" "extractROWS" "extractROWS" "METHOD" "extractROWS" "extractROWS" "subset_along_ROWS" ".nextMethod" "eval" "eval" "callNextMethod" "[" "[" ".nextMethod" "callNextMethod" "[" "[" "<Anonymous>" "mapply" "eval" "eval" "eval" "standardGeneric" "mapply" "mendoapply" ".subsetROWS" ".local" "subsetByRow" "subsetByRow" "subsetByRow" "subsetByRow" ".local" ".nextMethod" "eval" "eval" "callNextMethod" "[" "[" "filterFeaturesWithFormula" ".local" "filterFeatures" "filterFeatures" "withCallingHandlers" "suppressMessages" ".filterSCRTMT" "stepPreProcessingTMT" "stepPreProcessing" "profilingWorkflow" "profilingWrapper" "main" 
"getClassDef" "is" ".findMethodInTable" ".quickCoerceSelect" "as<-" "initialize" "initialize" "new" ".findNextFromTable" "addNextMethod" "addNextMethod" "callNextMethod" ".nextMethod" "callNextMethod" "updateObject" "updateObject" "[" "[" "<Anonymous>" "mapply" "eval" "eval" "eval" "standardGeneric" "mapply" "mendoapply" ".subsetROWS" ".local" "subsetByRow" "subsetByRow" "subsetByRow" "subsetByRow" ".local" ".nextMethod" "eval" "eval" "callNextMethod" "[" "[" "filterFeaturesWithFormula" ".local" "filterFeatures" "filterFeatures" "withCallingHandlers" "suppressMessages" ".filterSCRTMT" "stepPreProcessingTMT" "stepPreProcessing" "profilingWorkflow" "profilingWrapper" "main" 
"assign" ".nextMethod" "callNextMethod" "methods:::loadMethod" "methods:::loadMethod" "updateObject" "colData" "colData" "standardGeneric" "nrow" "ncol" "standardGeneric" "ncol" "dim" "dim" "dim" "doTryCatch" "tryCatchOne" "tryCatchList" "tryCatch" "try" "method" "validityMethod" "isTRUE" "anyStrings" "validObject" "updateObject" "[" "[" "<Anonymous>" "mapply" "eval" "eval" "eval" "standardGeneric" "mapply" "mendoapply" ".subsetROWS" ".local" "subsetByRow" "subsetByRow" "subsetByRow" "subsetByRow" ".local" ".nextMethod" "eval" "eval" "callNextMethod" "[" "[" "filterFeaturesWithFormula" ".local" "filterFeatures" "filterFeatures" "withCallingHandlers" "suppressMessages" ".filterSCRTMT" "stepPreProcessingTMT" "stepPreProcessing" "profilingWorkflow" "profilingWrapper" "main" 
"setPackageSlot" "extends" ".inheritedArgsExpression" ".findInheritedMethods" "selectMethod" ".selectClosestMethod1" "length" "length" "length" ".validate_Vector_parallel_slots" "method" "validityMethod" "isTRUE" "anyStrings" "validObject" "initialize" "initialize" "METHOD" "extractROWS" "extractROWS" "subset_along_ROWS" ".nextMethod" "eval" "eval" "callNextMethod" "[" "[" ".nextMethod" "callNextMethod" "[" "[" "<Anonymous>" "mapply" "eval" "eval" "eval" "standardGeneric" "mapply" "mendoapply" ".subsetROWS" ".local" "subsetByRow" "subsetByRow" "subsetByRow" "subsetByRow" ".local" ".nextMethod" "eval" "eval" "callNextMethod" "[" "[" "filterFeaturesWithFormula" ".local" "filterFeatures" "filterFeatures" "withCallingHandlers" "suppressMessages" ".filterSCRTMT" "stepPreProcessingTMT" "stepPreProcessing" "profilingWorkflow" "profilingWrapper" "main" 
"@<-" ".local" "metadata<-" "metadata<-" ".make_endoapply_ans" "endoapply" "updateObject" "updateObject" ".nextMethod" "callNextMethod" ".nextMethod" "callNextMethod" "updateObject" "updateObject" "[" "[" "<Anonymous>" "mapply" "eval" "eval" "eval" "standardGeneric" "mapply" "mendoapply" ".subsetROWS" ".local" "subsetByRow" "subsetByRow" "subsetByRow" "subsetByRow" ".local" ".nextMethod" "eval" "eval" "callNextMethod" "[" "[" "filterFeaturesWithFormula" ".local" "filterFeatures" "filterFeatures" "withCallingHandlers" "suppressMessages" ".filterSCRTMT" "stepPreProcessingTMT" "stepPreProcessing" "profilingWorkflow" "profilingWrapper" "main" 
"isTRUEorFALSE" "updateObject" ".nextMethod" "callNextMethod" "updateObject" "updateObject" ".nextMethod" "eval" "eval" "callNextMethod" ".local" "colData" "colData" "standardGeneric" "nrow" "ncol" "standardGeneric" "ncol" "method" "validityMethod" "isTRUE" "anyStrings" "validObject" "updateObject" "[" "[" "<Anonymous>" "mapply" "eval" "eval" "eval" "standardGeneric" "mapply" "mendoapply" ".subsetROWS" ".local" "subsetByRow" "subsetByRow" "subsetByRow" "subsetByRow" ".local" ".nextMethod" "eval" "eval" "callNextMethod" "[" "[" "filterFeaturesWithFormula" ".local" "filterFeatures" "filterFeatures" "withCallingHandlers" "suppressMessages" ".filterSCRTMT" "stepPreProcessingTMT" "stepPreProcessing" "profilingWorkflow" "profilingWrapper" "main" 
"lapply" "sapply" "sapply" "standardGeneric" "which" "listClassName" "coerceToSimpleList" "asMethod" "as" ".nextMethod" "callNextMethod" "doTryCatch" "tryCatchOne" "tryCatchList" "tryCatch" "try" "coerce2" "coerce2" ".make_endoapply_ans" "endoapply" ".class1" "as" ".extract_Assays_subset" "[" "[" ".nextMethod" "callNextMethod" "[" "[" "<Anonymous>" "mapply" "eval" "eval" "eval" "standardGeneric" "mapply" "mendoapply" ".subsetROWS" ".local" "subsetByRow" "subsetByRow" "subsetByRow" "subsetByRow" ".local" ".nextMethod" "eval" "eval" "callNextMethod" "[" "[" "filterFeaturesWithFormula" ".local" "filterFeatures" "filterFeatures" "withCallingHandlers" "suppressMessages" ".filterSCRTMT" "stepPreProcessingTMT" "stepPreProcessing" "profilingWorkflow" "profilingWrapper" "main" 
"updateObject" "updateObject" "updateObject" ".nextMethod" "callNextMethod" "updateObject" "updateObject" "[" "[" "<Anonymous>" "mapply" "eval" "eval" "eval" "standardGeneric" "mapply" "mendoapply" ".subsetROWS" ".local" "subsetByRow" "subsetByRow" "subsetByRow" "subsetByRow" ".local" ".nextMethod" "eval" "eval" "callNextMethod" "[" "[" "filterFeaturesWithFormula" ".local" "filterFeatures" "filterFeatures" "withCallingHandlers" "suppressMessages" ".filterSCRTMT" "stepPreProcessingTMT" "stepPreProcessing" "profilingWorkflow" "profilingWrapper" "main" 
"structure" "asS4" ".asS4" ".newSignature" ".findInheritedMethods" "selectMethod" ".selectClosestMethod1" "length" "length" "length" "NROW" "standardGeneric" "NROW" "NSBS" "NSBS" "normalizeSingleBracketSubscript" "METHOD" "extractROWS" "extractROWS" "subset_along_ROWS" ".nextMethod" "eval" "eval" "callNextMethod" "[" "[" ".nextMethod" "callNextMethod" "[" "[" "<Anonymous>" "mapply" "eval" "eval" "eval" "standardGeneric" "mapply" "mendoapply" ".subsetROWS" ".local" "subsetByRow" "subsetByRow" "subsetByRow" "subsetByRow" ".local" ".nextMethod" "eval" "eval" "callNextMethod" "[" "[" "filterFeaturesWithFormula" ".local" "filterFeatures" "filterFeatures" "withCallingHandlers" "suppressMessages" ".filterSCRTMT" "stepPreProcessingTMT" "stepPreProcessing" "profilingWorkflow" "profilingWrapper" "main" 
".getClassesFromCache" "getClassDef" "extends" "FUN" "lapply" "sapply" "sapply" "new_SimpleList_from_list" "coerceToSimpleList" "asMethod" "as" "coerceToExperimentList" "asMethod" "as" ".nextMethod" "callNextMethod" "doTryCatch" "tryCatchOne" "tryCatchList" "tryCatch" "try" "coerce2" "coerce2" ".make_endoapply_ans" "mendoapply" ".subsetROWS" ".local" "subsetByRow" "subsetByRow" "subsetByRow" "subsetByRow" ".local" ".nextMethod" "eval" "eval" "callNextMethod" "[" "[" "filterFeaturesWithFormula" ".local" "filterFeatures" "filterFeatures" "withCallingHandlers" "suppressMessages" ".filterSCRTMT" "stepPreProcessingTMT" "stepPreProcessing" "profilingWorkflow" "profilingWrapper" "main" 
"is" "callNextMethod" "methods:::loadMethod" "methods:::loadMethod" "updateObject" ".nextMethod" "eval" "eval" "callNextMethod" ".local" "colData" "colData" "rownames" ".local" "colnames" "colnames" "dimnames" "dimnames" "dimnames" "f" "doTryCatch" "tryCatchOne" "tryCatchList" "tryCatch" "try" "standardGeneric" "%in%" "FUN" "vapply" ".getMethErr" ".testMethodsTable" "method" "validityMethod" "isTRUE" "anyStrings" "validObject" "initialize" "initialize" "new" "coerceToExperimentList" "asMethod" "as" ".nextMethod" "callNextMethod" "doTryCatch" "tryCatchOne" "tryCatchList" "tryCatch" "try" "coerce2" "coerce2" ".make_endoapply_ans" "mendoapply" ".subsetROWS" ".local" "subsetByRow" "subsetByRow" "subsetByRow" "subsetByRow" ".local" ".nextMethod" "eval" "eval" "callNextMethod" "[" "[" "filterFeaturesWithFormula" ".local" "filterFeatures" "filterFeatures" "withCallingHandlers" "suppressMessages" ".filterSCRTMT" "stepPreProcessingTMT" "stepPreProcessing" "profilingWorkflow" "profilingWrapper" "main" 
".findNextFromTable" "addNextMethod" "addNextMethod" "callNextMethod" "METHOD" "updateObject" "updateObject" "rowRanges" "rowRanges" "names" "names" "names" ".local" "rownames" "rownames" "dimnames" "dimnames" "dimnames" "f" "doTryCatch" "tryCatchOne" "tryCatchList" "tryCatch" "try" "standardGeneric" "%in%" "FUN" "vapply" ".getMethErr" ".testMethodsTable" "method" "validityMethod" "isTRUE" "anyStrings" "validObject" "initialize" "initialize" "new" "coerceToExperimentList" "asMethod" "as" ".nextMethod" "callNextMethod" "doTryCatch" "tryCatchOne" "tryCatchList" "tryCatch" "try" "coerce2" "coerce2" ".make_endoapply_ans" "mendoapply" ".subsetROWS" ".local" "subsetByRow" "subsetByRow" "subsetByRow" "subsetByRow" ".local" ".nextMethod" "eval" "eval" "callNextMethod" "[" "[" "filterFeaturesWithFormula" ".local" "filterFeatures" "filterFeatures" "withCallingHandlers" "suppressMessages" ".filterSCRTMT" "stepPreProcessingTMT" "stepPreProcessing" "profilingWorkflow" "profilingWrapper" "main" 
"callNextMethod" "methods:::loadMethod" "methods:::loadMethod" "updateObject" "updateObject" "updateObject" "METHOD" "updateObject" "updateObject" "rowRanges" "rowRanges" "names" "names" "names" ".local" "rownames" "rownames" "dimnames" "dimnames" "dimnames" "f" "doTryCatch" "tryCatchOne" "tryCatchList" "tryCatch" "try" "standardGeneric" "%in%" "FUN" "vapply" ".getMethErr" ".testMethodsTable" "method" "validityMethod" "isTRUE" "anyStrings" "validObject" "initialize" "initialize" "new" "coerceToExperimentList" "asMethod" "as" ".nextMethod" "callNextMethod" "doTryCatch" "tryCatchOne" "tryCatchList" "tryCatch" "try" "coerce2" "coerce2" ".make_endoapply_ans" "mendoapply" ".subsetROWS" ".local" "subsetByRow" "subsetByRow" "subsetByRow" "subsetByRow" ".local" ".nextMethod" "eval" "eval" "callNextMethod" "[" "[" "filterFeaturesWithFormula" ".local" "filterFeatures" "filterFeatures" "withCallingHandlers" "suppressMessages" ".filterSCRTMT" "stepPreProcessingTMT" "stepPreProcessing" "profilingWorkflow" "profilingWrapper" "main" 
"eval" "callNextMethod" ".local" "colData" "colData" "rownames" ".local" "colnames" "colnames" "dimnames" "dimnames" "dimnames" "f" "doTryCatch" "tryCatchOne" "tryCatchList" "tryCatch" "try" "standardGeneric" "%in%" "FUN" "vapply" ".getMethErr" ".testMethodsTable" "method" "validityMethod" "isTRUE" "anyStrings" "validObject" "initialize" "initialize" "new" "coerceToExperimentList" "asMethod" "as" ".nextMethod" "callNextMethod" "doTryCatch" "tryCatchOne" "tryCatchList" "tryCatch" "try" "coerce2" "coerce2" ".make_endoapply_ans" "mendoapply" ".subsetROWS" ".local" "subsetByRow" "subsetByRow" "subsetByRow" "subsetByRow" ".local" ".nextMethod" "eval" "eval" "callNextMethod" "[" "[" "filterFeaturesWithFormula" ".local" "filterFeatures" "filterFeatures" "withCallingHandlers" "suppressMessages" ".filterSCRTMT" "stepPreProcessingTMT" "stepPreProcessing" "profilingWorkflow" "profilingWrapper" "main" 
".sigLabel" ".findMethodInTable" ".quickCoerceSelect" "as" "initialize" "initialize" "new" ".findNextFromTable" "addNextMethod" "addNextMethod" "callNextMethod" "METHOD" "updateObject" "updateObject" "rowRanges" "rowRanges" "names" "names" "names" ".local" "rownames" "rownames" "dimnames" "dimnames" "dimnames" "f" "doTryCatch" "tryCatchOne" "tryCatchList" "tryCatch" "try" "standardGeneric" "%in%" "FUN" "vapply" ".getMethErr" ".testMethodsTable" "method" "validityMethod" "isTRUE" "anyStrings" "validObject" "initialize" "initialize" "new" "coerceToExperimentList" "asMethod" "as" ".nextMethod" "callNextMethod" "doTryCatch" "tryCatchOne" "tryCatchList" "tryCatch" "try" "coerce2" "coerce2" ".make_endoapply_ans" "mendoapply" ".subsetROWS" ".local" "subsetByRow" "subsetByRow" "subsetByRow" "subsetByRow" ".local" ".nextMethod" "eval" "eval" "callNextMethod" "[" "[" "filterFeaturesWithFormula" ".local" "filterFeatures" "filterFeatures" "withCallingHandlers" "suppressMessages" ".filterSCRTMT" "stepPreProcessingTMT" "stepPreProcessing" "profilingWorkflow" "profilingWrapper" "main" 
"updateObject" ".nextMethod" "callNextMethod" "updateObject" "updateObject" "updateObject" "updateObject" "METHOD" "updateObject" "updateObject" "rowRanges" "rowRanges" "names" "names" "names" ".local" "rownames" "rownames" "dimnames" "dimnames" "dimnames" "f" "doTryCatch" "tryCatchOne" "tryCatchList" "tryCatch" "try" "standardGeneric" "%in%" "FUN" "vapply" ".getMethErr" ".testMethodsTable" "method" "validityMethod" "isTRUE" "anyStrings" "validObject" "initialize" "initialize" "new" "coerceToExperimentList" "asMethod" "as" ".nextMethod" "callNextMethod" "doTryCatch" "tryCatchOne" "tryCatchList" "tryCatch" "try" "coerce2" "coerce2" ".make_endoapply_ans" "mendoapply" ".subsetROWS" ".local" "subsetByRow" "subsetByRow" "subsetByRow" "subsetByRow" ".local" ".nextMethod" "eval" "eval" "callNextMethod" "[" "[" "filterFeaturesWithFormula" ".local" "filterFeatures" "filterFeatures" "withCallingHandlers" "suppressMessages" ".filterSCRTMT" "stepPreProcessingTMT" "stepPreProcessing" "profilingWorkflow" "profilingWrapper" "main" 
"<Anonymous>" ".nextMethod" "callNextMethod" "updateObject" "updateObject" ".nextMethod" "callNextMethod" "METHOD" "updateObject" "updateObject" "rowRanges" "rowRanges" "names" "names" "names" ".local" "rownames" "rownames" "dimnames" "dimnames" "dimnames" "FUN" "lapply" "lapply" "lapply" "lapply" ".class1" "as" "dimnames" "dimnames" "dimnames" "dimnames" "dimnames" "dimnames" "%||%" "colnames" "colnames" "experiments<-" "experiments<-" "subsetByRow" "subsetByRow" ".local" ".nextMethod" "eval" "eval" "callNextMethod" "[" "[" "filterFeaturesWithFormula" ".local" "filterFeatures" "filterFeatures" "withCallingHandlers" "suppressMessages" ".filterSCRTMT" "stepPreProcessingTMT" "stepPreProcessing" "profilingWorkflow" "profilingWrapper" "main" 
"getClassDef" "is" "callNextMethod" "METHOD" "updateObject" "updateObject" "rowRanges" "rowRanges" "names" "names" "names" ".local" "rownames" "rownames" "dimnames" "dimnames" "dimnames" "FUN" "lapply" "lapply" "lapply" "lapply" ".class1" "as" "dimnames" "dimnames" "dimnames" "dimnames" "dimnames" "dimnames" "%||%" "colnames" "colnames" "experiments<-" "experiments<-" "subsetByRow" "subsetByRow" ".local" ".nextMethod" "eval" "eval" "callNextMethod" "[" "[" "filterFeaturesWithFormula" ".local" "filterFeatures" "filterFeatures" "withCallingHandlers" "suppressMessages" ".filterSCRTMT" "stepPreProcessingTMT" "stepPreProcessing" "profilingWorkflow" "profilingWrapper" "main" 
"getClassDef" "FUN" "lapply" "sapply" "sapply" "standardGeneric" "which" "S4Vectors:::listClassName" "...elt" "stopifnot" "is" ".coerceToList" "asMethod" "as" "dimnames" "dimnames" "dimnames" "dimnames" "dimnames" "dimnames" "%||%" "colnames" "colnames" "experiments<-" "experiments<-" "subsetByRow" "subsetByRow" ".local" ".nextMethod" "eval" "eval" "callNextMethod" "[" "[" "filterFeaturesWithFormula" ".local" "filterFeatures" "filterFeatures" "withCallingHandlers" "suppressMessages" ".filterSCRTMT" "stepPreProcessingTMT" "stepPreProcessing" "profilingWorkflow" "profilingWrapper" "main" 
"initialize" "initialize" "new" ".findNextFromTable" "addNextMethod" "addNextMethod" "callNextMethod" "METHOD" "updateObject" "updateObject" "rowRanges" "rowRanges" "names" "names" "names" ".local" "rownames" "rownames" "dimnames" "dimnames" "dimnames" "FUN" "lapply" "lapply" "lapply" "lapply" ".class1" "as" "dimnames" "dimnames" "dimnames" "dimnames" "dimnames" "dimnames" "%||%" "colnames" "colnames" "experiments<-" "experiments<-" "subsetByRow" "subsetByRow" ".local" ".nextMethod" "eval" "eval" "callNextMethod" "[" "[" "filterFeaturesWithFormula" ".local" "filterFeatures" "filterFeatures" "withCallingHandlers" "suppressMessages" ".filterSCRTMT" "stepPreProcessingTMT" "stepPreProcessing" "profilingWorkflow" "profilingWrapper" "main" 
"sys.function" "callNextMethod" "METHOD" "updateObject" "updateObject" "rowRanges" "rowRanges" "names" "names" "names" ".local" "rownames" "rownames" "dimnames" "dimnames" "dimnames" "FUN" "lapply" "lapply" "lapply" "lapply" ".class1" "as" "dimnames" "dimnames" "dimnames" "dimnames" "dimnames" "dimnames" "%||%" "colnames" "colnames" "experiments<-" "experiments<-" "subsetByRow" "subsetByRow" ".local" ".nextMethod" "eval" "eval" "callNextMethod" "[" "[" "filterFeaturesWithFormula" ".local" "filterFeatures" "filterFeatures" "withCallingHandlers" "suppressMessages" ".filterSCRTMT" "stepPreProcessingTMT" "stepPreProcessing" "profilingWorkflow" "profilingWrapper" "main" 
"sapply" "standardGeneric" "which" "listClassName" ".selectListClassName" "relistToClass" "relistToClass" "relist" "standardGeneric" "relist" ".coerceToList" "asMethod" "as" "colnames" "colnames" "experiments<-" "experiments<-" "subsetByRow" "subsetByRow" ".local" ".nextMethod" "eval" "eval" "callNextMethod" "[" "[" "filterFeaturesWithFormula" ".local" "filterFeatures" "filterFeatures" "withCallingHandlers" "suppressMessages" ".filterSCRTMT" "stepPreProcessingTMT" "stepPreProcessing" "profilingWorkflow" "profilingWrapper" "main" 
"isTRUE" "anyStrings" "validObject" "initialize" "initialize" "new" "new2" "SimpleList" "coerce2" "coerce2" ".make_endoapply_ans" "endoapply" ".pruneAssayLinks" "[" "[" "filterFeaturesWithFormula" ".local" "filterFeatures" "filterFeatures" "withCallingHandlers" "suppressMessages" ".filterSCRTMT" "stepPreProcessingTMT" "stepPreProcessing" "profilingWorkflow" "profilingWrapper" "main" 
"@<-" ".nextMethod" "callNextMethod" "updateObject" "updateObject" "updateObject" "updateObject" "rowRanges" "rowRanges" "names" "names" "names" ".local" "rownames" "rownames" "standardGeneric" "%in%" ".checkLinksInHits" ".validAssayLink" ".validAssayLinks" ".pruneAssayLinks" "[" "[" "filterFeaturesWithFormula" ".local" "filterFeatures" "filterFeatures" "withCallingHandlers" "suppressMessages" ".filterSCRTMT" "stepPreProcessingTMT" "stepPreProcessing" "profilingWorkflow" "profilingWrapper" "main" 
"is" "callNextMethod" "methods:::loadMethod" "methods:::loadMethod" "updateObject" "updateObject" "updateObject" "rowRanges" "rowRanges" "names" "names" "names" ".local" "rownames" "rownames" "standardGeneric" "%in%" ".checkLinksInHits" ".validAssayLink" ".validAssayLinks" ".pruneAssayLinks" "[" "[" "filterFeaturesWithFormula" ".local" "filterFeatures" "filterFeatures" "withCallingHandlers" "suppressMessages" ".filterSCRTMT" "stepPreProcessingTMT" "stepPreProcessing" "profilingWorkflow" "profilingWrapper" "main" 
"vapply" ".eligibleSuperClasses" ".findInheritedMethods" "selectMethod" ".selectClosestMethod1" "names" "names" "names" ".local" "elementMetadata" "elementMetadata" "mcols" "mcols" "mcols" "mcols" ".nextMethod" "eval" "eval" "callNextMethod" ".local" "rowData" "rowData" "colnames" "FUN" "lapply" "lapply" "lapply" "lapply" ".dotargsAsList" "CharacterList" "rowDataNames" "unlist" "%in%" "pep2qvalue" ".filterFDRTMT" "stepPreProcessingTMT" "stepPreProcessing" "profilingWorkflow" "profilingWrapper" "main" 
"doTryCatch" "tryCatchOne" "tryCatchList" "tryCatch" "try" "validObject" "initialize" "initialize" "new" ".findNextFromTable" "addNextMethod" "addNextMethod" "callNextMethod" "METHOD" "updateObject" "updateObject" "rowRanges" "rowRanges" "mcols" "mcols" "mcols" ".nextMethod" "eval" "eval" "callNextMethod" ".local" "rowData" "rowData" "colnames" "FUN" "lapply" "lapply" "lapply" "lapply" ".dotargsAsList" "CharacterList" "rowDataNames" "unlist" "%in%" "pep2qvalue" ".filterFDRTMT" "stepPreProcessingTMT" "stepPreProcessing" "profilingWorkflow" "profilingWrapper" "main" 
"length" "length" ".getBestMethods" ".findInheritedMethods" "selectMethod" ".selectClosestMethod1" "updateObject" "updateObject" "rowRanges" "rowRanges" "mcols" "mcols" "mcols" "FUN" "lapply" "lapply" "lapply" "lapply" "List" "rowData" "rowData" "rbindRowData" "pep2qvalue" ".filterFDRTMT" "stepPreProcessingTMT" "stepPreProcessing" "profilingWorkflow" "profilingWrapper" "main" 
"extends" ".inheritedArgsExpression" ".findInheritedMethods" "selectMethod" ".selectClosestMethod1" "names" "names" "names" ".local" "elementMetadata" "elementMetadata" "mcols" "mcols" "mcols" "mcols" "FUN" "lapply" "lapply" "lapply" "lapply" "List" "rowData" "rowData" "rbindRowData" "pep2qvalue" ".filterFDRTMT" "stepPreProcessingTMT" "stepPreProcessing" "profilingWorkflow" "profilingWrapper" "main" 
"class" "updateObject" "updateObject" ".nextMethod" "callNextMethod" "METHOD" "updateObject" "updateObject" "rowRanges" "rowRanges" "mcols" "mcols" "mcols" "FUN" "lapply" "lapply" "lapply" "lapply" "List" "rowData" "rowData" "rbindRowData" "pep2qvalue" ".filterFDRTMT" "stepPreProcessingTMT" "stepPreProcessing" "profilingWorkflow" "profilingWrapper" "main" 
"callNextMethod" "methods:::loadMethod" "methods:::loadMethod" "updateObject" "updateObject" "updateObject" "updateObject" "updateObject" "rowRanges" "rowRanges" "mcols" "mcols" "mcols" ".nextMethod" "eval" "eval" "callNextMethod" ".local" "rowData" "rowData" "colnames" "FUN" "lapply" "lapply" "lapply" "lapply" ".dotargsAsList" "CharacterList" "rowDataNames" "rbindRowData" "pep2qvalue" ".filterFDRTMT" "stepPreProcessingTMT" "stepPreProcessing" "profilingWorkflow" "profilingWrapper" "main" 
"is" "callNextMethod" "methods:::loadMethod" "methods:::loadMethod" "updateObject" ".nextMethod" "callNextMethod" "METHOD" "updateObject" "updateObject" "rowRanges" "rowRanges" "mcols" "mcols" "mcols" ".nextMethod" "eval" "eval" "callNextMethod" ".local" "rowData" "rowData" "colnames" "FUN" "lapply" "lapply" "lapply" "lapply" ".dotargsAsList" "CharacterList" "rowDataNames" "rbindRowData" "pep2qvalue" ".filterFDRTMT" "stepPreProcessingTMT" "stepPreProcessing" "profilingWorkflow" "profilingWrapper" "main" 
"callNextMethod" "methods:::loadMethod" "methods:::loadMethod" "updateObject" ".nextMethod" "callNextMethod" "updateObject" "updateObject" "updateObject" "updateObject" "rowRanges" "rowRanges" "mcols" "mcols" "mcols" ".nextMethod" "eval" "eval" "callNextMethod" ".local" "rowData" "rowData" "colnames" "FUN" "lapply" "lapply" "lapply" "lapply" ".dotargsAsList" "CharacterList" "rowDataNames" "rbindRowData" "pep2qvalue" ".filterFDRTMT" "stepPreProcessingTMT" "stepPreProcessing" "profilingWorkflow" "profilingWrapper" "main" 
"@<-" ".local" "metadata<-" "metadata<-" "DataFrame" "IRanges" "extractROWS" "extractROWS" "subset_along_ROWS" "[" "[" "rbindRowData" "pep2qvalue" ".filterFDRTMT" "stepPreProcessingTMT" "stepPreProcessing" "profilingWorkflow" "profilingWrapper" "main" 
".getClassesFromCache" "getClassDef" "validObject" "initialize" "initialize" "new" "new2" "new_DataFrame" "asMethod" "as" "doTryCatch" "tryCatchOne" "tryCatchList" "tryCatch" "try" "DataFrame" "cbind" "cbind" "eval" "eval" "eval" "standardGeneric" "cbind" "FUN" "lapply" "lapply" "rbindRowData" "pep2qvalue" ".filterFDRTMT" "stepPreProcessingTMT" "stepPreProcessing" "profilingWorkflow" "profilingWrapper" "main" 
"is.na" "isTRUEorFALSE" "elementMetadata" "elementMetadata" "FUN" "FUN" "lapply" "lapply" "combine_mcols" "DataFrame" "cbind" "cbind" "eval" "eval" "eval" "standardGeneric" "cbind" "FUN" "lapply" "lapply" "rbindRowData" "pep2qvalue" ".filterFDRTMT" "stepPreProcessingTMT" "stepPreProcessing" "profilingWorkflow" "profilingWrapper" "main" 
"tryCatch" "try" "DataFrame" "cbind" "cbind" "eval" "eval" "eval" "standardGeneric" "cbind" "FUN" "lapply" "lapply" "rbindRowData" "pep2qvalue" ".filterFDRTMT" "stepPreProcessingTMT" "stepPreProcessing" "profilingWorkflow" "profilingWrapper" "main" 
"eval" "match.arg" "sort.int" "sort.default" "sort" "methods:::.selectDotsMethod" "standardGeneric" "cbind" "FUN" "lapply" "lapply" "rbindRowData" "pep2qvalue" ".filterFDRTMT" "stepPreProcessingTMT" "stepPreProcessing" "profilingWorkflow" "profilingWrapper" "main" 
"list" "mget" ".findInheritedMethods" "selectMethod" ".nextMethod" "callNextMethod" "[[" "[[" "FUN" "lapply" "lapply" "FUN" "lapply" "lapply" ".combine_DFrame_rows" "bindROWS" "bindROWS" "rbind" "eval" "eval" "eval" "standardGeneric" "<Anonymous>" "do.call" "do.call" "rbindRowData" "pep2qvalue" ".filterFDRTMT" "stepPreProcessingTMT" "stepPreProcessing" "profilingWorkflow" "profilingWrapper" "main" 
".getGenericFromCacheTable" ".getGenericFromCache" ".getGeneric" "getGeneric" "selectMethod" ".nextMethod" "callNextMethod" "[[" "[[" "FUN" "lapply" "lapply" "FUN" "lapply" "lapply" ".combine_DFrame_rows" "bindROWS" "bindROWS" "rbind" "eval" "eval" "eval" "standardGeneric" "<Anonymous>" "do.call" "do.call" "rbindRowData" "pep2qvalue" ".filterFDRTMT" "stepPreProcessingTMT" "stepPreProcessing" "profilingWorkflow" "profilingWrapper" "main" 
".getClassesFromCache" "getClassDef" "FUN" "vapply" ".preprocess_objects_to_bind" "bindROWS2" "doTryCatch" "tryCatchOne" "tryCatchList" "tryCatch" "FUN" "lapply" "lapply" ".combine_DFrame_rows" "bindROWS" "bindROWS" "rbind" "eval" "eval" "eval" "standardGeneric" "<Anonymous>" "do.call" "do.call" "rbindRowData" "pep2qvalue" ".filterFDRTMT" "stepPreProcessingTMT" "stepPreProcessing" "profilingWorkflow" "profilingWrapper" "main" 
"stopifnot" "is" ".inheritedArgsExpression" ".findInheritedMethods" "selectMethod" ".nextMethod" "callNextMethod" "[[" "[[" "FUN" "lapply" "lapply" "FUN" "lapply" "lapply" ".combine_DFrame_rows" "bindROWS" "bindROWS" "rbind" "eval" "eval" "eval" "standardGeneric" "<Anonymous>" "do.call" "do.call" "rbindRowData" "pep2qvalue" ".filterFDRTMT" "stepPreProcessingTMT" "stepPreProcessing" "profilingWorkflow" "profilingWrapper" "main" 
"...elt" "stopifnot" "is" "callNextMethod" "[[" "[[" "FUN" "lapply" "lapply" "FUN" "lapply" "lapply" ".combine_DFrame_rows" "bindROWS" "bindROWS" "rbind" "eval" "eval" "eval" "standardGeneric" "<Anonymous>" "do.call" "do.call" "rbindRowData" "pep2qvalue" ".filterFDRTMT" "stepPreProcessingTMT" "stepPreProcessing" "profilingWorkflow" "profilingWrapper" "main" 
".preprocess_objects_to_bind" "bindROWS2" "doTryCatch" "tryCatchOne" "tryCatchList" "tryCatch" "FUN" "lapply" "lapply" ".combine_DFrame_rows" "bindROWS" "bindROWS" "rbind" "eval" "eval" "eval" "standardGeneric" "<Anonymous>" "do.call" "do.call" "rbindRowData" "pep2qvalue" ".filterFDRTMT" "stepPreProcessingTMT" "stepPreProcessing" "profilingWorkflow" "profilingWrapper" "main" 
".findInheritedMethods" "selectMethod" ".nextMethod" "callNextMethod" "[[" "[[" "FUN" "lapply" "lapply" "FUN" "lapply" "lapply" ".combine_DFrame_rows" "bindROWS" "bindROWS" "rbind" "eval" "eval" "eval" "standardGeneric" "<Anonymous>" "do.call" "do.call" "rbindRowData" "pep2qvalue" ".filterFDRTMT" "stepPreProcessingTMT" "stepPreProcessing" "profilingWorkflow" "profilingWrapper" "main" 
"stopifnot" "is" "callNextMethod" "[[" "[[" "FUN" "lapply" "lapply" "FUN" "lapply" "lapply" ".combine_DFrame_rows" "bindROWS" "bindROWS" "rbind" "eval" "eval" "eval" "standardGeneric" "<Anonymous>" "do.call" "do.call" "rbindRowData" "pep2qvalue" ".filterFDRTMT" "stepPreProcessingTMT" "stepPreProcessing" "profilingWorkflow" "profilingWrapper" "main" 
"methods:::loadMethod" "methods:::loadMethod" "[[" "FUN" "lapply" "lapply" "FUN" "lapply" "lapply" ".combine_DFrame_rows" "bindROWS" "bindROWS" "rbind" "eval" "eval" "eval" "standardGeneric" "<Anonymous>" "do.call" "do.call" "rbindRowData" "pep2qvalue" ".filterFDRTMT" "stepPreProcessingTMT" "stepPreProcessing" "profilingWorkflow" "profilingWrapper" "main" 
"vapply" ".preprocess_objects_to_bind" "bindROWS2" "doTryCatch" "tryCatchOne" "tryCatchList" "tryCatch" "FUN" "lapply" "lapply" ".combine_DFrame_rows" "bindROWS" "bindROWS" "rbind" "eval" "eval" "eval" "standardGeneric" "<Anonymous>" "do.call" "do.call" "rbindRowData" "pep2qvalue" ".filterFDRTMT" "stepPreProcessingTMT" "stepPreProcessing" "profilingWorkflow" "profilingWrapper" "main" 
"[[" "setPackageSlot" "extends" ".inheritedArgsExpression" ".findInheritedMethods" "selectMethod" ".nextMethod" "callNextMethod" "[[" "[[" "FUN" "lapply" "lapply" "FUN" "lapply" "lapply" ".combine_DFrame_rows" "bindROWS" "bindROWS" "rbind" "eval" "eval" "eval" "standardGeneric" "<Anonymous>" "do.call" "do.call" "rbindRowData" "pep2qvalue" ".filterFDRTMT" "stepPreProcessingTMT" "stepPreProcessing" "profilingWorkflow" "profilingWrapper" "main" 
".findInheritedMethods" "selectMethod" ".nextMethod" "callNextMethod" "[[" "[[" "FUN" "lapply" "lapply" "FUN" "lapply" "lapply" ".combine_DFrame_rows" "bindROWS" "bindROWS" "rbind" "eval" "eval" "eval" "standardGeneric" "<Anonymous>" "do.call" "do.call" "rbindRowData" "pep2qvalue" ".filterFDRTMT" "stepPreProcessingTMT" "stepPreProcessing" "profilingWorkflow" "profilingWrapper" "main" 
"is" "callNextMethod" "methods:::loadMethod" "methods:::loadMethod" "[[" "FUN" "lapply" "lapply" "FUN" "lapply" "lapply" ".combine_DFrame_rows" "bindROWS" "bindROWS" "rbind" "eval" "eval" "eval" "standardGeneric" "<Anonymous>" "do.call" "do.call" "rbindRowData" "pep2qvalue" ".filterFDRTMT" "stepPreProcessingTMT" "stepPreProcessing" "profilingWorkflow" "profilingWrapper" "main" 
".findInheritedMethods" "selectMethod" ".nextMethod" "callNextMethod" "[[" "[[" "FUN" "lapply" "lapply" "FUN" "lapply" "lapply" ".combine_DFrame_rows" "bindROWS" "bindROWS" "rbind" "eval" "eval" "eval" "standardGeneric" "<Anonymous>" "do.call" "do.call" "rbindRowData" "pep2qvalue" ".filterFDRTMT" "stepPreProcessingTMT" "stepPreProcessing" "profilingWorkflow" "profilingWrapper" "main" 
"selectMethod" ".nextMethod" "callNextMethod" "[[" "[[" "FUN" "lapply" "lapply" "FUN" "lapply" "lapply" ".combine_DFrame_rows" "bindROWS" "bindROWS" "rbind" "eval" "eval" "eval" "standardGeneric" "<Anonymous>" "do.call" "do.call" "rbindRowData" "pep2qvalue" ".filterFDRTMT" "stepPreProcessingTMT" "stepPreProcessing" "profilingWorkflow" "profilingWrapper" "main" 
"stopifnot" "is" ".inheritedArgsExpression" ".findInheritedMethods" "selectMethod" ".nextMethod" "callNextMethod" "[[" "[[" "FUN" "lapply" "lapply" "FUN" "lapply" "lapply" ".combine_DFrame_rows" "bindROWS" "bindROWS" "rbind" "eval" "eval" "eval" "standardGeneric" "<Anonymous>" "do.call" "do.call" "rbindRowData" "pep2qvalue" ".filterFDRTMT" "stepPreProcessingTMT" "stepPreProcessing" "profilingWorkflow" "profilingWrapper" "main" 
"exists" ".getGenericFromCacheTable" ".getGenericFromCache" ".getGeneric" "getGeneric" "selectMethod" ".nextMethod" "callNextMethod" "[[" "[[" "FUN" "lapply" "lapply" "FUN" "lapply" "lapply" ".combine_DFrame_rows" "bindROWS" "bindROWS" "rbind" "eval" "eval" "eval" "standardGeneric" "<Anonymous>" "do.call" "do.call" "rbindRowData" "pep2qvalue" ".filterFDRTMT" "stepPreProcessingTMT" "stepPreProcessing" "profilingWorkflow" "profilingWrapper" "main" 
".identC" "is" ".findMethodInTable" "selectMethod" ".nextMethod" "callNextMethod" "[[" "[[" "FUN" "lapply" "lapply" "FUN" "lapply" "lapply" ".combine_DFrame_rows" "bindROWS" "bindROWS" "rbind" "eval" "eval" "eval" "standardGeneric" "<Anonymous>" "do.call" "do.call" "rbindRowData" "pep2qvalue" ".filterFDRTMT" "stepPreProcessingTMT" "stepPreProcessing" "profilingWorkflow" "profilingWrapper" "main" 
"getClass" "<Anonymous>" ".findInheritedMethods" "selectMethod" ".nextMethod" "callNextMethod" "[[" "[[" "FUN" "lapply" "lapply" "FUN" "lapply" "lapply" ".combine_DFrame_rows" "bindROWS" "bindROWS" "rbind" "eval" "eval" "eval" "standardGeneric" "<Anonymous>" "do.call" "do.call" "rbindRowData" "pep2qvalue" ".filterFDRTMT" "stepPreProcessingTMT" "stepPreProcessing" "profilingWorkflow" "profilingWrapper" "main" 
"get" ".getGenericSigLength" ".matchSigLength" ".findMethodInTable" "selectMethod" ".nextMethod" "callNextMethod" "[[" "[[" "FUN" "lapply" "lapply" "FUN" "lapply" "lapply" ".combine_DFrame_rows" "bindROWS" "bindROWS" "rbind" "eval" "eval" "eval" "standardGeneric" "<Anonymous>" "do.call" "do.call" "rbindRowData" "pep2qvalue" ".filterFDRTMT" "stepPreProcessingTMT" "stepPreProcessing" "profilingWorkflow" "profilingWrapper" "main" 
"FUN" "vapply" ".preprocess_objects_to_bind" "bindROWS2" "doTryCatch" "tryCatchOne" "tryCatchList" "tryCatch" "FUN" "lapply" "lapply" ".combine_DFrame_rows" "bindROWS" "bindROWS" "rbind" "eval" "eval" "eval" "standardGeneric" "<Anonymous>" "do.call" "do.call" "rbindRowData" "pep2qvalue" ".filterFDRTMT" "stepPreProcessingTMT" "stepPreProcessing" "profilingWorkflow" "profilingWrapper" "main" 
"sys.function" "callNextMethod" "[[" "[[" "FUN" "lapply" "lapply" "FUN" "lapply" "lapply" ".combine_DFrame_rows" "bindROWS" "bindROWS" "rbind" "eval" "eval" "eval" "standardGeneric" "<Anonymous>" "do.call" "do.call" "rbindRowData" "pep2qvalue" ".filterFDRTMT" "stepPreProcessingTMT" "stepPreProcessing" "profilingWorkflow" "profilingWrapper" "main" 
"get" ".getGenericSigLength" ".matchSigLength" ".findMethodInTable" "selectMethod" ".nextMethod" "callNextMethod" "[[" "[[" "FUN" "lapply" "lapply" "FUN" "lapply" "lapply" ".combine_DFrame_rows" "bindROWS" "bindROWS" "rbind" "eval" "eval" "eval" "standardGeneric" "<Anonymous>" "do.call" "do.call" "rbindRowData" "pep2qvalue" ".filterFDRTMT" "stepPreProcessingTMT" "stepPreProcessing" "profilingWorkflow" "profilingWrapper" "main" 
"getClassDef" "extends" ".inheritedArgsExpression" ".findInheritedMethods" "selectMethod" ".nextMethod" "callNextMethod" "[[" "[[" "FUN" "lapply" "lapply" "FUN" "lapply" "lapply" ".combine_DFrame_rows" "bindROWS" "bindROWS" "rbind" "eval" "eval" "eval" "standardGeneric" "<Anonymous>" "do.call" "do.call" "rbindRowData" "pep2qvalue" ".filterFDRTMT" "stepPreProcessingTMT" "stepPreProcessing" "profilingWorkflow" "profilingWrapper" "main" 
"getClassDef" "is" "FUN" "lapply" "lapply" "bindROWS" "bindROWS" "bindROWS2" "doTryCatch" "tryCatchOne" "tryCatchList" "tryCatch" "FUN" "lapply" "lapply" ".combine_DFrame_rows" "bindROWS" "bindROWS" "rbind" "eval" "eval" "eval" "standardGeneric" "<Anonymous>" "do.call" "do.call" "rbindRowData" "pep2qvalue" ".filterFDRTMT" "stepPreProcessingTMT" "stepPreProcessing" "profilingWorkflow" "profilingWrapper" "main" 
"is" ".findMethodInTable" "selectMethod" ".nextMethod" "callNextMethod" "[[" "[[" "FUN" "lapply" "lapply" "FUN" "lapply" "lapply" ".combine_DFrame_rows" "bindROWS" "bindROWS" "rbind" "eval" "eval" "eval" "standardGeneric" "<Anonymous>" "do.call" "do.call" "rbindRowData" "pep2qvalue" ".filterFDRTMT" "stepPreProcessingTMT" "stepPreProcessing" "profilingWorkflow" "profilingWrapper" "main" 
"getGeneric" "selectMethod" ".nextMethod" "callNextMethod" "[[" "[[" "FUN" "lapply" "lapply" "FUN" "lapply" "lapply" ".combine_DFrame_rows" "bindROWS" "bindROWS" "rbind" "eval" "eval" "eval" "standardGeneric" "<Anonymous>" "do.call" "do.call" "rbindRowData" "pep2qvalue" ".filterFDRTMT" "stepPreProcessingTMT" "stepPreProcessing" "profilingWorkflow" "profilingWrapper" "main" 
"extends" ".inheritedArgsExpression" ".findInheritedMethods" "selectMethod" ".nextMethod" "callNextMethod" "[[" "[[" "FUN" "lapply" "lapply" "FUN" "lapply" "lapply" ".combine_DFrame_rows" "bindROWS" "bindROWS" "rbind" "eval" "eval" "eval" "standardGeneric" "<Anonymous>" "do.call" "do.call" "rbindRowData" "pep2qvalue" ".filterFDRTMT" "stepPreProcessingTMT" "stepPreProcessing" "profilingWorkflow" "profilingWrapper" "main" 
"getListElement" "getListElement" "getListElement" "getListElement" "<Anonymous>" ".nextMethod" "callNextMethod" "[[" "[[" "FUN" "lapply" "lapply" "FUN" "lapply" "lapply" ".combine_DFrame_rows" "bindROWS" "bindROWS" "rbind" "eval" "eval" "eval" "standardGeneric" "<Anonymous>" "do.call" "do.call" "rbindRowData" "pep2qvalue" ".filterFDRTMT" "stepPreProcessingTMT" "stepPreProcessing" "profilingWorkflow" "profilingWrapper" "main" 
"strsplit" "lengths" ".fillSignatures" ".findInheritedMethods" "selectMethod" ".nextMethod" "callNextMethod" "[[" "[[" "FUN" "lapply" "lapply" "FUN" "lapply" "lapply" ".combine_DFrame_rows" "bindROWS" "bindROWS" "rbind" "eval" "eval" "eval" "standardGeneric" "<Anonymous>" "do.call" "do.call" "rbindRowData" "pep2qvalue" ".filterFDRTMT" "stepPreProcessingTMT" "stepPreProcessing" "profilingWorkflow" "profilingWrapper" "main" 
".sigLabel" ".findMethodInTable" "selectMethod" ".nextMethod" "callNextMethod" "[[" "[[" "FUN" "lapply" "lapply" "FUN" "lapply" "lapply" ".combine_DFrame_rows" "bindROWS" "bindROWS" "rbind" "eval" "eval" "eval" "standardGeneric" "<Anonymous>" "do.call" "do.call" "rbindRowData" "pep2qvalue" ".filterFDRTMT" "stepPreProcessingTMT" "stepPreProcessing" "profilingWorkflow" "profilingWrapper" "main" 
"stopifnot" "is" ".findMethodInTable" "selectMethod" ".nextMethod" "callNextMethod" "[[" "[[" "FUN" "lapply" "lapply" "FUN" "lapply" "lapply" ".combine_DFrame_rows" "bindROWS" "bindROWS" "rbind" "eval" "eval" "eval" "standardGeneric" "<Anonymous>" "do.call" "do.call" "rbindRowData" "pep2qvalue" ".filterFDRTMT" "stepPreProcessingTMT" "stepPreProcessing" "profilingWorkflow" "profilingWrapper" "main" 
"normalizeDoubleBracketSubscript" "getListElement" "getListElement" "getListElement" "getListElement" "<Anonymous>" ".nextMethod" "callNextMethod" "[[" "[[" "FUN" "lapply" "lapply" "FUN" "lapply" "lapply" ".combine_DFrame_rows" "bindROWS" "bindROWS" "rbind" "eval" "eval" "eval" "standardGeneric" "<Anonymous>" "do.call" "do.call" "rbindRowData" "pep2qvalue" ".filterFDRTMT" "stepPreProcessingTMT" "stepPreProcessing" "profilingWorkflow" "profilingWrapper" "main" 
"stopifnot" "is" ".inheritedArgsExpression" ".findInheritedMethods" "selectMethod" ".nextMethod" "callNextMethod" "[[" "[[" "FUN" "lapply" "lapply" "FUN" "lapply" "lapply" ".combine_DFrame_rows" "bindROWS" "bindROWS" "rbind" "eval" "eval" "eval" "standardGeneric" "<Anonymous>" "do.call" "do.call" "rbindRowData" "pep2qvalue" ".filterFDRTMT" "stepPreProcessingTMT" "stepPreProcessing" "profilingWorkflow" "profilingWrapper" "main" 
"FUN" "lapply" "lapply" "FUN" "lapply" "lapply" ".combine_DFrame_rows" "bindROWS" "bindROWS" "rbind" "eval" "eval" "eval" "standardGeneric" "<Anonymous>" "do.call" "do.call" "rbindRowData" "pep2qvalue" ".filterFDRTMT" "stepPreProcessingTMT" "stepPreProcessing" "profilingWorkflow" "profilingWrapper" "main" 
"normalizeDoubleBracketSubscript" "getListElement" "getListElement" "getListElement" "getListElement" "<Anonymous>" ".nextMethod" "callNextMethod" "[[" "[[" "FUN" "lapply" "lapply" "FUN" "lapply" "lapply" ".combine_DFrame_rows" "bindROWS" "bindROWS" "rbind" "eval" "eval" "eval" "standardGeneric" "<Anonymous>" "do.call" "do.call" "rbindRowData" "pep2qvalue" ".filterFDRTMT" "stepPreProcessingTMT" "stepPreProcessing" "profilingWorkflow" "profilingWrapper" "main" 
"[[" "setPackageSlot" "extends" ".inheritedArgsExpression" ".findInheritedMethods" "selectMethod" ".nextMethod" "callNextMethod" "[[" "[[" "FUN" "lapply" "lapply" "FUN" "lapply" "lapply" ".combine_DFrame_rows" "bindROWS" "bindROWS" "rbind" "eval" "eval" "eval" "standardGeneric" "<Anonymous>" "do.call" "do.call" "rbindRowData" "pep2qvalue" ".filterFDRTMT" "stepPreProcessingTMT" "stepPreProcessing" "profilingWorkflow" "profilingWrapper" "main" 
"vapply" ".newSignature" ".findInheritedMethods" "selectMethod" ".nextMethod" "callNextMethod" "[[" "[[" "FUN" "lapply" "lapply" "FUN" "lapply" "lapply" ".combine_DFrame_rows" "bindROWS" "bindROWS" "rbind" "eval" "eval" "eval" "standardGeneric" "<Anonymous>" "do.call" "do.call" "rbindRowData" "pep2qvalue" ".filterFDRTMT" "stepPreProcessingTMT" "stepPreProcessing" "profilingWorkflow" "profilingWrapper" "main" 
"seq_along" ".inheritedArgsExpression" ".findInheritedMethods" "selectMethod" ".nextMethod" "callNextMethod" "[[" "[[" "FUN" "lapply" "lapply" "FUN" "lapply" "lapply" ".combine_DFrame_rows" "bindROWS" "bindROWS" "rbind" "eval" "eval" "eval" "standardGeneric" "<Anonymous>" "do.call" "do.call" "rbindRowData" "pep2qvalue" ".filterFDRTMT" "stepPreProcessingTMT" "stepPreProcessing" "profilingWorkflow" "profilingWrapper" "main" 
".findInheritedMethods" "selectMethod" ".nextMethod" "callNextMethod" "[[" "[[" "FUN" "lapply" "lapply" "FUN" "lapply" "lapply" ".combine_DFrame_rows" "bindROWS" "bindROWS" "rbind" "eval" "eval" "eval" "standardGeneric" "<Anonymous>" "do.call" "do.call" "rbindRowData" "pep2qvalue" ".filterFDRTMT" "stepPreProcessingTMT" "stepPreProcessing" "profilingWorkflow" "profilingWrapper" "main" 
"FUN" "vapply" ".preprocess_objects_to_bind" "bindROWS2" "doTryCatch" "tryCatchOne" "tryCatchList" "tryCatch" "FUN" "lapply" "lapply" ".combine_DFrame_rows" "bindROWS" "bindROWS" "rbind" "eval" "eval" "eval" "standardGeneric" "<Anonymous>" "do.call" "do.call" "rbindRowData" "pep2qvalue" ".filterFDRTMT" "stepPreProcessingTMT" "stepPreProcessing" "profilingWorkflow" "profilingWrapper" "main" 
"getClassDef" "is" ".inheritedArgsExpression" ".findInheritedMethods" "selectMethod" ".nextMethod" "callNextMethod" "[[" "[[" "FUN" "lapply" "lapply" "FUN" "lapply" "lapply" ".combine_DFrame_rows" "bindROWS" "bindROWS" "rbind" "eval" "eval" "eval" "standardGeneric" "<Anonymous>" "do.call" "do.call" "rbindRowData" "pep2qvalue" ".filterFDRTMT" "stepPreProcessingTMT" "stepPreProcessing" "profilingWorkflow" "profilingWrapper" "main" 
"getListElement" "getListElement" "getListElement" "getListElement" "<Anonymous>" ".nextMethod" "callNextMethod" "[[" "[[" "FUN" "lapply" "lapply" "FUN" "lapply" "lapply" ".combine_DFrame_rows" "bindROWS" "bindROWS" "rbind" "eval" "eval" "eval" "standardGeneric" "<Anonymous>" "do.call" "do.call" "rbindRowData" "pep2qvalue" ".filterFDRTMT" "stepPreProcessingTMT" "stepPreProcessing" "profilingWorkflow" "profilingWrapper" "main" 
"callNextMethod" "[[" "[[" "FUN" "lapply" "lapply" "FUN" "lapply" "lapply" ".combine_DFrame_rows" "bindROWS" "bindROWS" "rbind" "eval" "eval" "eval" "standardGeneric" "<Anonymous>" "do.call" "do.call" "rbindRowData" "pep2qvalue" ".filterFDRTMT" "stepPreProcessingTMT" "stepPreProcessing" "profilingWorkflow" "profilingWrapper" "main" 
"getMethodsForDispatch" "selectMethod" ".nextMethod" "callNextMethod" "[[" "[[" "FUN" "lapply" "lapply" "FUN" "lapply" "lapply" ".combine_DFrame_rows" "bindROWS" "bindROWS" "rbind" "eval" "eval" "eval" "standardGeneric" "<Anonymous>" "do.call" "do.call" "rbindRowData" "pep2qvalue" ".filterFDRTMT" "stepPreProcessingTMT" "stepPreProcessing" "profilingWorkflow" "profilingWrapper" "main" 
"getListElement" "getListElement" "getListElement" "<Anonymous>" ".nextMethod" "callNextMethod" "[[" "[[" "FUN" "lapply" "lapply" "FUN" "lapply" "lapply" ".combine_DFrame_rows" "bindROWS" "bindROWS" "rbind" "eval" "eval" "eval" "standardGeneric" "<Anonymous>" "do.call" "do.call" "rbindRowData" "pep2qvalue" ".filterFDRTMT" "stepPreProcessingTMT" "stepPreProcessing" "profilingWorkflow" "profilingWrapper" "main" 
".newSignature" ".findInheritedMethods" "selectMethod" ".nextMethod" "callNextMethod" "[[" "[[" "unname" "pep2qvalue" ".filterFDRTMT" "stepPreProcessingTMT" "stepPreProcessing" "profilingWorkflow" "profilingWrapper" "main" 
"get0" "getClassDef" "extends" ".inheritedArgsExpression" ".findInheritedMethods" ".findNextFromTable" "addNextMethod" "addNextMethod" "callNextMethod" "METHOD" "updateObject" "updateObject" "rowRanges" "rowRanges" "mcols" "mcols" "mcols" ".nextMethod" "eval" "eval" "callNextMethod" ".local" "rowData" "rowData" "pep2qvalue" ".filterFDRTMT" "stepPreProcessingTMT" "stepPreProcessing" "profilingWorkflow" "profilingWrapper" "main" 
"getClassDef" "is" "callNextMethod" "METHOD" "updateObject" "updateObject" "rowRanges" "rowRanges" "names" "names" "names" ".local" "rownames" "rownames" "paste0" "pep2qvalue" ".filterFDRTMT" "stepPreProcessingTMT" "stepPreProcessing" "profilingWorkflow" "profilingWrapper" "main" 
"tryCatch" "try" "validObject" "initialize" "initialize" "new" "new2" "NativeNSBS" "NSBS" "NSBS" "normalizeSingleBracketSubscript" "extractROWS" "extractROWS" "standardGeneric" "NROW" "...elt" "stopifnot" "replaceROWS" "replaceROWS" "mergeROWS" "mergeROWS" ".nextMethod" "eval" "eval" "callNextMethod" "[<-" "[<-" "replaceCOLS" "replaceCOLS" "[<-" "[<-" "pep2qvalue" ".filterFDRTMT" "stepPreProcessingTMT" "stepPreProcessing" "profilingWorkflow" "profilingWrapper" "main" 
"is" "callNextMethod" "methods:::loadMethod" "methods:::loadMethod" "updateObject" "updateObject" "updateObject" "METHOD" "updateObject" "updateObject" "rowRanges" "rowRanges" "mcols" "mcols" "mcols" ".nextMethod" "eval" "eval" "callNextMethod" ".local" "rowData" "rowData" "pep2qvalue" ".filterFDRTMT" "stepPreProcessingTMT" "stepPreProcessing" "profilingWorkflow" "profilingWrapper" "main" 
"stopifnot" "is" ".inheritedArgsExpression" ".findInheritedMethods" "selectMethod" ".selectClosestMethod1" "updateObject" "updateObject" "rowRanges" "rowRanges" "names" "names" "names" ".local" "rownames" "rownames" "paste0" "pep2qvalue" ".filterFDRTMT" "stepPreProcessingTMT" "stepPreProcessing" "profilingWorkflow" "profilingWrapper" "main" 
"attributes" "structure" "simpleWarning" "doWithOneRestart" "withOneRestart" "withRestarts" ".signalSimpleWarning" "min" "withCallingHandlers" "suppressWarnings" "NSBS" "NSBS" "normalizeSingleBracketSubscript" "replaceROWS" "replaceROWS" "mergeROWS" "mergeROWS" ".nextMethod" "eval" "eval" "callNextMethod" "[<-" "[<-" "replaceCOLS" "replaceCOLS" "[<-" "[<-" "pep2qvalue" ".filterFDRTMT" "stepPreProcessingTMT" "stepPreProcessing" "profilingWorkflow" "profilingWrapper" "main" 
"getClassDef" "getClass" "<Anonymous>" ".nextMethod" "callNextMethod" "updateObject" "updateObject" ".nextMethod" "callNextMethod" "updateObject" "updateObject" "updateObject" "updateObject" "rowRanges" "rowRanges" "mcols" "mcols" "mcols" ".nextMethod" "eval" "eval" "callNextMethod" ".local" "rowData" "rowData" "pep2qvalue" ".filterFDRTMT" "stepPreProcessingTMT" "stepPreProcessing" "profilingWorkflow" "profilingWrapper" "main" 
"isTRUEorFALSE" "normalizeDoubleBracketSubscript" "getListElement" "getListElement" "getListElement" "getListElement" "[[" "[[" "[[" "[[" "rownames" "paste0" "pep2qvalue" ".filterFDRTMT" "stepPreProcessingTMT" "stepPreProcessing" "profilingWorkflow" "profilingWrapper" "main" 
"standardGeneric" "NROW" "length" "length" "length" "NROW" "standardGeneric" "NROW" "mergeROWS" "mergeROWS" ".nextMethod" "eval" "eval" "callNextMethod" "[<-" "[<-" "replaceCOLS" "replaceCOLS" "[<-" "[<-" "pep2qvalue" ".filterFDRTMT" "stepPreProcessingTMT" "stepPreProcessing" "profilingWorkflow" "profilingWrapper" "main" 
"NROW" "NSBS" "NSBS" "normalizeSingleBracketSubscript" "FUN" "FUN" "lapply" "lapply" "extractROWS" "extractROWS" "[" "[" "pep2qvalue" ".filterFDRTMT" "stepPreProcessingTMT" "stepPreProcessing" "profilingWorkflow" "profilingWrapper" "main" 
".findInheritedMethods" ".findNextFromTable" "addNextMethod" "addNextMethod" "callNextMethod" "METHOD" "updateObject" "updateObject" "rowRanges" "rowRanges" "<Anonymous>" "unsafe_replaceSlots" "BiocGenerics:::replaceSlots" "mcols<-" "mcols<-" "rowData<-" "rowData<-" "pep2qvalue" ".filterFDRTMT" "stepPreProcessingTMT" "stepPreProcessing" "profilingWorkflow" "profilingWrapper" "main" 
"dim" "dim" "withCallingHandlers" "suppressWarnings" "NSBS" "NSBS" "normalizeSingleBracketSubscript" ".nextMethod" "eval" "eval" "callNextMethod" "[<-" "[<-" "replaceCOLS" "replaceCOLS" "[<-" "[<-" "pep2qvalue" ".filterFDRTMT" "stepPreProcessingTMT" "stepPreProcessing" "profilingWorkflow" "profilingWrapper" "main" 
".local" "filterFeatures" "filterFeatures" "withCallingHandlers" "suppressMessages" ".filterFDRTMT" "stepPreProcessingTMT" "stepPreProcessing" "profilingWorkflow" "profilingWrapper" "main" 
"match.arg" ".local" "elementMetadata" "elementMetadata" "mcols" "mcols" "mcols" "mcols" "FUN" "lapply" "lapply" "lapply" "lapply" "List" "rowData" "rowData" "colnames" "sapply" ".checkFilterVariables" "filterFeaturesWithFormula" ".local" "filterFeatures" "filterFeatures" "withCallingHandlers" "suppressMessages" ".filterFDRTMT" "stepPreProcessingTMT" "stepPreProcessing" "profilingWorkflow" "profilingWrapper" "main" 
"paste" ".sigLabel" ".findMethodInTable" "selectMethod" ".selectClosestMethod1" "names" "names" "names" ".local" "elementMetadata" "elementMetadata" "mcols" "mcols" "mcols" "mcols" "FUN" "lapply" "lapply" "lapply" "lapply" "List" "rowData" "rowData" "colnames" "sapply" ".checkFilterVariables" "filterFeaturesWithFormula" ".local" "filterFeatures" "filterFeatures" "withCallingHandlers" "suppressMessages" ".filterFDRTMT" "stepPreProcessingTMT" "stepPreProcessing" "profilingWorkflow" "profilingWrapper" "main" 
"is" "callNextMethod" "updateObject" "updateObject" "METHOD" "updateObject" "updateObject" "rowRanges" "rowRanges" "mcols" "mcols" "mcols" ".nextMethod" "eval" "eval" "callNextMethod" ".local" "rowData" "rowData" "FUN" "lapply" "lapply" "lapply" "lapply" "filterFeaturesWithFormula" ".local" "filterFeatures" "filterFeatures" "withCallingHandlers" "suppressMessages" ".filterFDRTMT" "stepPreProcessingTMT" "stepPreProcessing" "profilingWorkflow" "profilingWrapper" "main" 
"sys.function" "callNextMethod" "methods:::loadMethod" "methods:::loadMethod" "updateObject" "updateObject" "updateObject" "rowRanges" "rowRanges" "mcols" "mcols" "mcols" ".nextMethod" "eval" "eval" "callNextMethod" ".local" "rowData" "rowData" "FUN" "lapply" "lapply" "lapply" "lapply" "filterFeaturesWithFormula" ".local" "filterFeatures" "filterFeatures" "withCallingHandlers" "suppressMessages" ".filterFDRTMT" "stepPreProcessingTMT" "stepPreProcessing" "profilingWorkflow" "profilingWrapper" "main" 
"validObject" "initialize" "initialize" "new" ".findNextFromTable" "addNextMethod" "addNextMethod" "callNextMethod" "METHOD" "updateObject" "updateObject" "rowRanges" "rowRanges" "mcols" "mcols" "mcols" ".nextMethod" "eval" "eval" "callNextMethod" ".local" "rowData" "rowData" "FUN" "lapply" "lapply" "lapply" "lapply" "filterFeaturesWithFormula" ".local" "filterFeatures" "filterFeatures" "withCallingHandlers" "suppressMessages" ".filterFDRTMT" "stepPreProcessingTMT" "stepPreProcessing" "profilingWorkflow" "profilingWrapper" "main" 
"get" "disableValidity" "validityMethod" "isTRUE" "anyStrings" "validObject" "updateObject" "updateObject" "updateObject" ".nextMethod" "callNextMethod" "updateObject" "updateObject" "[" "[" "<Anonymous>" "mapply" "eval" "eval" "eval" "standardGeneric" "mapply" "mendoapply" ".subsetROWS" ".local" "subsetByRow" "subsetByRow" "subsetByRow" "subsetByRow" ".local" ".nextMethod" "eval" "eval" "callNextMethod" "[" "[" "filterFeaturesWithFormula" ".local" "filterFeatures" "filterFeatures" "withCallingHandlers" "suppressMessages" ".filterFDRTMT" "stepPreProcessingTMT" "stepPreProcessing" "profilingWorkflow" "profilingWrapper" "main" 
".identC" "is" "NSBS" "NSBS" "normalizeSingleBracketSubscript" "extractROWS" "extractROWS" "METHOD" "extractROWS" "extractROWS" "subset_along_ROWS" ".nextMethod" "eval" "eval" "callNextMethod" "[" "[" ".nextMethod" "callNextMethod" "[" "[" "<Anonymous>" "mapply" "eval" "eval" "eval" "standardGeneric" "mapply" "mendoapply" ".subsetROWS" ".local" "subsetByRow" "subsetByRow" "subsetByRow" "subsetByRow" ".local" ".nextMethod" "eval" "eval" "callNextMethod" "[" "[" "filterFeaturesWithFormula" ".local" "filterFeatures" "filterFeatures" "withCallingHandlers" "suppressMessages" ".filterFDRTMT" "stepPreProcessingTMT" "stepPreProcessing" "profilingWorkflow" "profilingWrapper" "main" 
"getClassDef" "is" "callNextMethod" "methods:::loadMethod" "methods:::loadMethod" "updateObject" "updateObject" "updateObject" "[" "[" "<Anonymous>" "mapply" "eval" "eval" "eval" "standardGeneric" "mapply" "mendoapply" ".subsetROWS" ".local" "subsetByRow" "subsetByRow" "subsetByRow" "subsetByRow" ".local" ".nextMethod" "eval" "eval" "callNextMethod" "[" "[" "filterFeaturesWithFormula" ".local" "filterFeatures" "filterFeatures" "withCallingHandlers" "suppressMessages" ".filterFDRTMT" "stepPreProcessingTMT" "stepPreProcessing" "profilingWorkflow" "profilingWrapper" "main" 
".requirePackage" ".classEnv" "as" "checkSlotAssignment" "methods::slot<-" "asMethod" "as" ".validate_Vector_length" "method" "validityMethod" "isTRUE" "anyStrings" "validObject" "updateObject" "[" "[" "<Anonymous>" "mapply" "eval" "eval" "eval" "standardGeneric" "mapply" "mendoapply" ".subsetROWS" ".local" "subsetByRow" "subsetByRow" "subsetByRow" "subsetByRow" ".local" ".nextMethod" "eval" "eval" "callNextMethod" "[" "[" "filterFeaturesWithFormula" ".local" "filterFeatures" "filterFeatures" "withCallingHandlers" "suppressMessages" ".filterFDRTMT" "stepPreProcessingTMT" "stepPreProcessing" "profilingWorkflow" "profilingWrapper" "main" 
"standardGeneric" "NROW" "NSBS" "NSBS" "normalizeSingleBracketSubscript" "FUN" "FUN" "lapply" "lapply" "extractROWS" "extractROWS" "METHOD" "extractROWS" "extractROWS" "subset_along_ROWS" ".nextMethod" "eval" "eval" "callNextMethod" "[" "[" ".nextMethod" "callNextMethod" "[" "[" "<Anonymous>" "mapply" "eval" "eval" "eval" "standardGeneric" "mapply" "mendoapply" ".subsetROWS" ".local" "subsetByRow" "subsetByRow" "subsetByRow" "subsetByRow" ".local" ".nextMethod" "eval" "eval" "callNextMethod" "[" "[" "filterFeaturesWithFormula" ".local" "filterFeatures" "filterFeatures" "withCallingHandlers" "suppressMessages" ".filterFDRTMT" "stepPreProcessingTMT" "stepPreProcessing" "profilingWorkflow" "profilingWrapper" "main" 
"stopifnot" "is" ".normargIntegerOrFactor" "duplicatedIntegerPairs" ".unique_classes" "lowestListElementClass" "coerceToSimpleList" "asMethod" "as" ".nextMethod" "callNextMethod" "doTryCatch" "tryCatchOne" "tryCatchList" "tryCatch" "try" "coerce2" "coerce2" ".make_endoapply_ans" "endoapply" "updateObject" "updateObject" ".nextMethod" "callNextMethod" ".nextMethod" "callNextMethod" "updateObject" "updateObject" "[" "[" "<Anonymous>" "mapply" "eval" "eval" "eval" "standardGeneric" "mapply" "mendoapply" ".subsetROWS" ".local" "subsetByRow" "subsetByRow" "subsetByRow" "subsetByRow" ".local" ".nextMethod" "eval" "eval" "callNextMethod" "[" "[" "filterFeaturesWithFormula" ".local" "filterFeatures" "filterFeatures" "withCallingHandlers" "suppressMessages" ".filterFDRTMT" "stepPreProcessingTMT" "stepPreProcessing" "profilingWorkflow" "profilingWrapper" "main" 
"asMethod" "as" "method" "validityMethod" "isTRUE" "anyStrings" "validObject" "updateObject" "[" "[" "<Anonymous>" "mapply" "eval" "eval" "eval" "standardGeneric" "mapply" "mendoapply" ".subsetROWS" ".local" "subsetByRow" "subsetByRow" "subsetByRow" "subsetByRow" ".local" ".nextMethod" "eval" "eval" "callNextMethod" "[" "[" "filterFeaturesWithFormula" ".local" "filterFeatures" "filterFeatures" "withCallingHandlers" "suppressMessages" ".filterFDRTMT" "stepPreProcessingTMT" "stepPreProcessing" "profilingWorkflow" "profilingWrapper" "main" 
"listClassName" "coerceToSimpleList" "asMethod" "as" ".nextMethod" "callNextMethod" "doTryCatch" "tryCatchOne" "tryCatchList" "tryCatch" "try" "coerce2" "coerce2" ".make_endoapply_ans" "endoapply" ".class1" "as" ".extract_Assays_subset" "[" "[" ".nextMethod" "callNextMethod" "[" "[" "<Anonymous>" "mapply" "eval" "eval" "eval" "standardGeneric" "mapply" "mendoapply" ".subsetROWS" ".local" "subsetByRow" "subsetByRow" "subsetByRow" "subsetByRow" ".local" ".nextMethod" "eval" "eval" "callNextMethod" "[" "[" "filterFeaturesWithFormula" ".local" "filterFeatures" "filterFeatures" "withCallingHandlers" "suppressMessages" ".filterFDRTMT" "stepPreProcessingTMT" "stepPreProcessing" "profilingWorkflow" "profilingWrapper" "main" 
"updateObject" "updateObject" "updateObject" "updateObject" ".nextMethod" "callNextMethod" "updateObject" "updateObject" "[" "[" "<Anonymous>" "mapply" "eval" "eval" "eval" "standardGeneric" "mapply" "mendoapply" ".subsetROWS" ".local" "subsetByRow" "subsetByRow" "subsetByRow" "subsetByRow" ".local" ".nextMethod" "eval" "eval" "callNextMethod" "[" "[" "filterFeaturesWithFormula" ".local" "filterFeatures" "filterFeatures" "withCallingHandlers" "suppressMessages" ".filterFDRTMT" "stepPreProcessingTMT" "stepPreProcessing" "profilingWorkflow" "profilingWrapper" "main" 
"NSBS" "normalizeSingleBracketSubscript" "extractROWS" "extractROWS" ".new_IRanges" "IRanges" "METHOD" "extractROWS" "extractROWS" "subset_along_ROWS" ".nextMethod" "eval" "eval" "callNextMethod" "[" "[" ".nextMethod" "callNextMethod" "[" "[" "<Anonymous>" "mapply" "eval" "eval" "eval" "standardGeneric" "mapply" "mendoapply" ".subsetROWS" ".local" "subsetByRow" "subsetByRow" "subsetByRow" "subsetByRow" ".local" ".nextMethod" "eval" "eval" "callNextMethod" "[" "[" "filterFeaturesWithFormula" ".local" "filterFeatures" "filterFeatures" "withCallingHandlers" "suppressMessages" ".filterFDRTMT" "stepPreProcessingTMT" "stepPreProcessing" "profilingWorkflow" "profilingWrapper" "main" 
"@<-" ".nextMethod" "callNextMethod" "METHOD" "updateObject" "updateObject" "rowRanges" "rowRanges" "names" "names" "names" ".local" "rownames" "rownames" "<Anonymous>" "mapply" "eval" "eval" "eval" "standardGeneric" "mapply" "mendoapply" ".subsetROWS" ".local" "subsetByRow" "subsetByRow" "subsetByRow" "subsetByRow" ".local" ".nextMethod" "eval" "eval" "callNextMethod" "[" "[" "filterFeaturesWithFormula" ".local" "filterFeatures" "filterFeatures" "withCallingHandlers" "suppressMessages" ".filterFDRTMT" "stepPreProcessingTMT" "stepPreProcessing" "profilingWorkflow" "profilingWrapper" "main" 
"sys.parent" "callNextMethod" "methods:::loadMethod" "methods:::loadMethod" "parallel_slot_names" ".validate_Vector_parallel_slots" "method" "validityMethod" "isTRUE" "anyStrings" "validObject" "updateObject" "[" "[" "<Anonymous>" "mapply" "eval" "eval" "eval" "standardGeneric" "mapply" "mendoapply" ".subsetROWS" ".local" "subsetByRow" "subsetByRow" "subsetByRow" "subsetByRow" ".local" ".nextMethod" "eval" "eval" "callNextMethod" "[" "[" "filterFeaturesWithFormula" ".local" "filterFeatures" "filterFeatures" "withCallingHandlers" "suppressMessages" ".filterFDRTMT" "stepPreProcessingTMT" "stepPreProcessing" "profilingWorkflow" "profilingWrapper" "main" 
"tryCatchList" "tryCatch" "try" "validObject" "initialize" "initialize" "METHOD" "extractROWS" "extractROWS" "subset_along_ROWS" ".nextMethod" "eval" "eval" "callNextMethod" "[" "[" ".nextMethod" "callNextMethod" "[" "[" "<Anonymous>" "mapply" "eval" "eval" "eval" "standardGeneric" "mapply" "mendoapply" ".subsetROWS" ".local" "subsetByRow" "subsetByRow" "subsetByRow" "subsetByRow" ".local" ".nextMethod" "eval" "eval" "callNextMethod" "[" "[" "filterFeaturesWithFormula" ".local" "filterFeatures" "filterFeatures" "withCallingHandlers" "suppressMessages" ".filterFDRTMT" "stepPreProcessingTMT" "stepPreProcessing" "profilingWorkflow" "profilingWrapper" "main" 
".identC" "FUN" "lapply" "sapply" "sapply" "standardGeneric" "which" "listClassName" "coerceToSimpleList" "asMethod" "as" ".nextMethod" "callNextMethod" "doTryCatch" "tryCatchOne" "tryCatchList" "tryCatch" "try" "coerce2" "coerce2" ".make_endoapply_ans" "endoapply" "updateObject" "updateObject" ".nextMethod" "callNextMethod" ".nextMethod" "callNextMethod" "updateObject" "updateObject" "[" "[" "<Anonymous>" "mapply" "eval" "eval" "eval" "standardGeneric" "mapply" "mendoapply" ".subsetROWS" ".local" "subsetByRow" "subsetByRow" "subsetByRow" "subsetByRow" ".local" ".nextMethod" "eval" "eval" "callNextMethod" "[" "[" "filterFeaturesWithFormula" ".local" "filterFeatures" "filterFeatures" "withCallingHandlers" "suppressMessages" ".filterFDRTMT" "stepPreProcessingTMT" "stepPreProcessing" "profilingWorkflow" "profilingWrapper" "main" 
"length" "length" ".getBestMethods" ".findInheritedMethods" "selectMethod" ".selectClosestMethod1" "length" "length" "length" "method" "validityMethod" "isTRUE" "anyStrings" "validObject" "updateObject" "[" "[" "<Anonymous>" "mapply" "eval" "eval" "eval" "standardGeneric" "mapply" "mendoapply" ".subsetROWS" ".local" "subsetByRow" "subsetByRow" "subsetByRow" "subsetByRow" ".local" ".nextMethod" "eval" "eval" "callNextMethod" "[" "[" "filterFeaturesWithFormula" ".local" "filterFeatures" "filterFeatures" "withCallingHandlers" "suppressMessages" ".filterFDRTMT" "stepPreProcessingTMT" "stepPreProcessing" "profilingWorkflow" "profilingWrapper" "main" 
"max" "substring" "standardGeneric" "substring" "standardGeneric" "toupper" "capitalize" "listClassName" "coerceToSimpleList" "asMethod" "as" ".nextMethod" "callNextMethod" "doTryCatch" "tryCatchOne" "tryCatchList" "tryCatch" "try" "coerce2" "coerce2" ".make_endoapply_ans" "endoapply" ".class1" "as" ".extract_Assays_subset" "[" "[" ".nextMethod" "callNextMethod" "[" "[" "<Anonymous>" "mapply" "eval" "eval" "eval" "standardGeneric" "mapply" "mendoapply" ".subsetROWS" ".local" "subsetByRow" "subsetByRow" "subsetByRow" "subsetByRow" ".local" ".nextMethod" "eval" "eval" "callNextMethod" "[" "[" "filterFeaturesWithFormula" ".local" "filterFeatures" "filterFeatures" "withCallingHandlers" "suppressMessages" ".filterFDRTMT" "stepPreProcessingTMT" "stepPreProcessing" "profilingWorkflow" "profilingWrapper" "main" 
".getClassesFromCache" "getClassDef" "validObject" "updateObject" "updateObject" "updateObject" "updateObject" "updateObject" ".nextMethod" "callNextMethod" "updateObject" "updateObject" "[" "[" "<Anonymous>" "mapply" "eval" "eval" "eval" "standardGeneric" "mapply" "mendoapply" ".subsetROWS" ".local" "subsetByRow" "subsetByRow" "subsetByRow" "subsetByRow" ".local" ".nextMethod" "eval" "eval" "callNextMethod" "[" "[" "filterFeaturesWithFormula" ".local" "filterFeatures" "filterFeatures" "withCallingHandlers" "suppressMessages" ".filterFDRTMT" "stepPreProcessingTMT" "stepPreProcessing" "profilingWorkflow" "profilingWrapper" "main" 
"tryCatch" "try" "validObject" "initialize" "initialize" "new" "new2" "new_DataFrame" "DataFrame" "IRanges" "METHOD" "extractROWS" "extractROWS" "subset_along_ROWS" ".nextMethod" "eval" "eval" "callNextMethod" "[" "[" ".nextMethod" "callNextMethod" "[" "[" "<Anonymous>" "mapply" "eval" "eval" "eval" "standardGeneric" "mapply" "mendoapply" ".subsetROWS" ".local" "subsetByRow" "subsetByRow" "subsetByRow" "subsetByRow" ".local" ".nextMethod" "eval" "eval" "callNextMethod" "[" "[" "filterFeaturesWithFormula" ".local" "filterFeatures" "filterFeatures" "withCallingHandlers" "suppressMessages" ".filterFDRTMT" "stepPreProcessingTMT" "stepPreProcessing" "profilingWorkflow" "profilingWrapper" "main" 
"tryCatchList" "tryCatch" "try" "validObject" "initialize" "initialize" "new" ".findNextFromTable" "addNextMethod" "addNextMethod" "callNextMethod" "METHOD" "updateObject" "updateObject" "rowRanges" "rowRanges" "names" "names" "names" ".local" "rownames" "rownames" "<Anonymous>" "mapply" "eval" "eval" "eval" "standardGeneric" "mapply" "mendoapply" ".subsetROWS" ".local" "subsetByRow" "subsetByRow" "subsetByRow" "subsetByRow" ".local" ".nextMethod" "eval" "eval" "callNextMethod" "[" "[" "filterFeaturesWithFormula" ".local" "filterFeatures" "filterFeatures" "withCallingHandlers" "suppressMessages" ".filterFDRTMT" "stepPreProcessingTMT" "stepPreProcessing" "profilingWorkflow" "profilingWrapper" "main" 
"tryCatch" "try" "validObject" "updateObject" "[" "[" "<Anonymous>" "mapply" "eval" "eval" "eval" "standardGeneric" "mapply" "mendoapply" ".subsetROWS" ".local" "subsetByRow" "subsetByRow" "subsetByRow" "subsetByRow" ".local" ".nextMethod" "eval" "eval" "callNextMethod" "[" "[" "filterFeaturesWithFormula" ".local" "filterFeatures" "filterFeatures" "withCallingHandlers" "suppressMessages" ".filterFDRTMT" "stepPreProcessingTMT" "stepPreProcessing" "profilingWorkflow" "profilingWrapper" "main" 
"as.integer" "as.integer" "normalizeSingleBracketSubscript" "FUN" "FUN" "lapply" "lapply" "extractROWS" "extractROWS" "METHOD" "extractROWS" "extractROWS" "subset_along_ROWS" ".nextMethod" "eval" "eval" "callNextMethod" "[" "[" ".nextMethod" "callNextMethod" "[" "[" "<Anonymous>" "mapply" "eval" "eval" "eval" "standardGeneric" "mapply" "mendoapply" ".subsetROWS" ".local" "subsetByRow" "subsetByRow" "subsetByRow" "subsetByRow" ".local" ".nextMethod" "eval" "eval" "callNextMethod" "[" "[" "filterFeaturesWithFormula" ".local" "filterFeatures" "filterFeatures" "withCallingHandlers" "suppressMessages" ".filterFDRTMT" "stepPreProcessingTMT" "stepPreProcessing" "profilingWorkflow" "profilingWrapper" "main" 
"methods:::loadMethod" "methods:::loadMethod" "updateObject" ".nextMethod" "eval" "eval" "callNextMethod" ".local" "colData" "colData" "rownames" ".local" "colnames" "colnames" "dimnames" "dimnames" "dimnames" "f" "doTryCatch" "tryCatchOne" "tryCatchList" "tryCatch" "try" "standardGeneric" "%in%" "FUN" "vapply" ".getMethErr" ".testMethodsTable" "method" "validityMethod" "isTRUE" "anyStrings" "validObject" "initialize" "initialize" "new" "coerceToExperimentList" "asMethod" "as" ".nextMethod" "callNextMethod" "doTryCatch" "tryCatchOne" "tryCatchList" "tryCatch" "try" "coerce2" "coerce2" ".make_endoapply_ans" "mendoapply" ".subsetROWS" ".local" "subsetByRow" "subsetByRow" "subsetByRow" "subsetByRow" ".local" ".nextMethod" "eval" "eval" "callNextMethod" "[" "[" "filterFeaturesWithFormula" ".local" "filterFeatures" "filterFeatures" "withCallingHandlers" "suppressMessages" ".filterFDRTMT" "stepPreProcessingTMT" "stepPreProcessing" "profilingWorkflow" "profilingWrapper" "main" 
"getClassDef" "getClass" "checkSlotAssignment" "methods::slot<-" "asMethod" "as<-" "initialize" "initialize" "new" ".findNextFromTable" "addNextMethod" "addNextMethod" "callNextMethod" "METHOD" "updateObject" "updateObject" "rowRanges" "rowRanges" "names" "names" "names" ".local" "rownames" "rownames" "dimnames" "dimnames" "dimnames" "f" "doTryCatch" "tryCatchOne" "tryCatchList" "tryCatch" "try" "standardGeneric" "%in%" "FUN" "vapply" ".getMethErr" ".testMethodsTable" "method" "validityMethod" "isTRUE" "anyStrings" "validObject" "initialize" "initialize" "new" "coerceToExperimentList" "asMethod" "as" ".nextMethod" "callNextMethod" "doTryCatch" "tryCatchOne" "tryCatchList" "tryCatch" "try" "coerce2" "coerce2" ".make_endoapply_ans" "mendoapply" ".subsetROWS" ".local" "subsetByRow" "subsetByRow" "subsetByRow" "subsetByRow" ".local" ".nextMethod" "eval" "eval" "callNextMethod" "[" "[" "filterFeaturesWithFormula" ".local" "filterFeatures" "filterFeatures" "withCallingHandlers" "suppressMessages" ".filterFDRTMT" "stepPreProcessingTMT" "stepPreProcessing" "profilingWorkflow" "profilingWrapper" "main" 
"as.name" "callNextMethod" "updateObject" "updateObject" "updateObject" "updateObject" "METHOD" "updateObject" "updateObject" "rowRanges" "rowRanges" "names" "names" "names" ".local" "rownames" "rownames" "dimnames" "dimnames" "dimnames" "f" "doTryCatch" "tryCatchOne" "tryCatchList" "tryCatch" "try" "standardGeneric" "%in%" "FUN" "vapply" ".getMethErr" ".testMethodsTable" "method" "validityMethod" "isTRUE" "anyStrings" "validObject" "initialize" "initialize" "new" "coerceToExperimentList" "asMethod" "as" ".nextMethod" "callNextMethod" "doTryCatch" "tryCatchOne" "tryCatchList" "tryCatch" "try" "coerce2" "coerce2" ".make_endoapply_ans" "mendoapply" ".subsetROWS" ".local" "subsetByRow" "subsetByRow" "subsetByRow" "subsetByRow" ".local" ".nextMethod" "eval" "eval" "callNextMethod" "[" "[" "filterFeaturesWithFormula" ".local" "filterFeatures" "filterFeatures" "withCallingHandlers" "suppressMessages" ".filterFDRTMT" "stepPreProcessingTMT" "stepPreProcessing" "profilingWorkflow" "profilingWrapper" "main" 
"callNextMethod" "methods:::loadMethod" "methods:::loadMethod" "updateObject" "updateObject" "updateObject" "rowRanges" "rowRanges" "names" "names" "names" ".local" "rownames" "rownames" "dimnames" "dimnames" "dimnames" "f" "doTryCatch" "tryCatchOne" "tryCatchList" "tryCatch" "try" "standardGeneric" "%in%" "FUN" "vapply" ".getMethErr" ".testMethodsTable" "method" "validityMethod" "isTRUE" "anyStrings" "validObject" "initialize" "initialize" "new" "coerceToExperimentList" "asMethod" "as" ".nextMethod" "callNextMethod" "doTryCatch" "tryCatchOne" "tryCatchList" "tryCatch" "try" "coerce2" "coerce2" ".make_endoapply_ans" "mendoapply" ".subsetROWS" ".local" "subsetByRow" "subsetByRow" "subsetByRow" "subsetByRow" ".local" ".nextMethod" "eval" "eval" "callNextMethod" "[" "[" "filterFeaturesWithFormula" ".local" "filterFeatures" "filterFeatures" "withCallingHandlers" "suppressMessages" ".filterFDRTMT" "stepPreProcessingTMT" "stepPreProcessing" "profilingWorkflow" "profilingWrapper" "main" 
".nextMethod" "callNextMethod" "methods:::loadMethod" "methods:::loadMethod" "updateObject" ".nextMethod" "callNextMethod" "METHOD" "updateObject" "updateObject" "rowRanges" "rowRanges" "names" "names" "names" ".local" "rownames" "rownames" "dimnames" "dimnames" "dimnames" "f" "doTryCatch" "tryCatchOne" "tryCatchList" "tryCatch" "try" "standardGeneric" "%in%" "FUN" "vapply" ".getMethErr" ".testMethodsTable" "method" "validityMethod" "isTRUE" "anyStrings" "validObject" "initialize" "initialize" "new" "coerceToExperimentList" "asMethod" "as" ".nextMethod" "callNextMethod" "doTryCatch" "tryCatchOne" "tryCatchList" "tryCatch" "try" "coerce2" "coerce2" ".make_endoapply_ans" "mendoapply" ".subsetROWS" ".local" "subsetByRow" "subsetByRow" "subsetByRow" "subsetByRow" ".local" ".nextMethod" "eval" "eval" "callNextMethod" "[" "[" "filterFeaturesWithFormula" ".local" "filterFeatures" "filterFeatures" "withCallingHandlers" "suppressMessages" ".filterFDRTMT" "stepPreProcessingTMT" "stepPreProcessing" "profilingWorkflow" "profilingWrapper" "main" 
"stopifnot" "is" "callNextMethod" "METHOD" "updateObject" "updateObject" "rowRanges" "rowRanges" "names" "names" "names" ".local" "rownames" "rownames" "dimnames" "dimnames" "dimnames" "f" "doTryCatch" "tryCatchOne" "tryCatchList" "tryCatch" "try" "standardGeneric" "%in%" "FUN" "vapply" ".getMethErr" ".testMethodsTable" "method" "validityMethod" "isTRUE" "anyStrings" "validObject" "initialize" "initialize" "new" "coerceToExperimentList" "asMethod" "as" ".nextMethod" "callNextMethod" "doTryCatch" "tryCatchOne" "tryCatchList" "tryCatch" "try" "coerce2" "coerce2" ".make_endoapply_ans" "mendoapply" ".subsetROWS" ".local" "subsetByRow" "subsetByRow" "subsetByRow" "subsetByRow" ".local" ".nextMethod" "eval" "eval" "callNextMethod" "[" "[" "filterFeaturesWithFormula" ".local" "filterFeatures" "filterFeatures" "withCallingHandlers" "suppressMessages" ".filterFDRTMT" "stepPreProcessingTMT" "stepPreProcessing" "profilingWorkflow" "profilingWrapper" "main" 
".identC" "is" "callNextMethod" "updateObject" "updateObject" "updateObject" "updateObject" "rowRanges" "rowRanges" "names" "names" "names" ".local" "rownames" "rownames" "dimnames" "dimnames" "dimnames" "f" "doTryCatch" "tryCatchOne" "tryCatchList" "tryCatch" "try" "standardGeneric" "%in%" "FUN" "vapply" ".getMethErr" ".testMethodsTable" "method" "validityMethod" "isTRUE" "anyStrings" "validObject" "initialize" "initialize" "new" "coerceToExperimentList" "asMethod" "as" ".nextMethod" "callNextMethod" "doTryCatch" "tryCatchOne" "tryCatchList" "tryCatch" "try" "coerce2" "coerce2" ".make_endoapply_ans" "mendoapply" ".subsetROWS" ".local" "subsetByRow" "subsetByRow" "subsetByRow" "subsetByRow" ".local" ".nextMethod" "eval" "eval" "callNextMethod" "[" "[" "filterFeaturesWithFormula" ".local" "filterFeatures" "filterFeatures" "withCallingHandlers" "suppressMessages" ".filterFDRTMT" "stepPreProcessingTMT" "stepPreProcessing" "profilingWorkflow" "profilingWrapper" "main" 
"all" "stopifnot" "is" "callNextMethod" "updateObject" "updateObject" "updateObject" "updateObject" "METHOD" "updateObject" "updateObject" "rowRanges" "rowRanges" "names" "names" "names" ".local" "rownames" "rownames" "dimnames" "dimnames" "dimnames" "FUN" "lapply" "lapply" "lapply" "lapply" ".class1" "as" "dimnames" "dimnames" "dimnames" "dimnames" "dimnames" "dimnames" "%||%" "colnames" "colnames" "experiments<-" "experiments<-" "subsetByRow" "subsetByRow" ".local" ".nextMethod" "eval" "eval" "callNextMethod" "[" "[" "filterFeaturesWithFormula" ".local" "filterFeatures" "filterFeatures" "withCallingHandlers" "suppressMessages" ".filterFDRTMT" "stepPreProcessingTMT" "stepPreProcessing" "profilingWorkflow" "profilingWrapper" "main" 
"stopifnot" "is" "callNextMethod" "updateObject" "updateObject" ".nextMethod" "eval" "eval" "callNextMethod" ".local" "colData" "colData" "rownames" ".local" "colnames" "colnames" "dimnames" "dimnames" "dimnames" "FUN" "lapply" "lapply" "lapply" "lapply" ".class1" "as" "dimnames" "dimnames" "dimnames" "dimnames" "dimnames" "dimnames" "%||%" "colnames" "colnames" "experiments<-" "experiments<-" "subsetByRow" "subsetByRow" ".local" ".nextMethod" "eval" "eval" "callNextMethod" "[" "[" "filterFeaturesWithFormula" ".local" "filterFeatures" "filterFeatures" "withCallingHandlers" "suppressMessages" ".filterFDRTMT" "stepPreProcessingTMT" "stepPreProcessing" "profilingWorkflow" "profilingWrapper" "main" 
"getDataPart" "methods::slot" "asMethod" "as<-" "initialize" "initialize" "new" ".findNextFromTable" "addNextMethod" "addNextMethod" "callNextMethod" "METHOD" "updateObject" "updateObject" "rowRanges" "rowRanges" "names" "names" "names" ".local" "rownames" "rownames" "dimnames" "dimnames" "dimnames" "FUN" "lapply" "lapply" "lapply" "lapply" ".class1" "as" "dimnames" "dimnames" "dimnames" "dimnames" "dimnames" "dimnames" "%||%" "colnames" "colnames" "experiments<-" "experiments<-" "subsetByRow" "subsetByRow" ".local" ".nextMethod" "eval" "eval" "callNextMethod" "[" "[" "filterFeaturesWithFormula" ".local" "filterFeatures" "filterFeatures" "withCallingHandlers" "suppressMessages" ".filterFDRTMT" "stepPreProcessingTMT" "stepPreProcessing" "profilingWorkflow" "profilingWrapper" "main" 
"updateObject" ".nextMethod" "callNextMethod" "updateObject" "updateObject" ".nextMethod" "callNextMethod" "updateObject" "updateObject" "METHOD" "updateObject" "updateObject" "rowRanges" "rowRanges" "names" "names" "names" ".local" "rownames" "rownames" "dimnames" "dimnames" "dimnames" "FUN" "lapply" "lapply" "lapply" "lapply" ".class1" "as" "dimnames" "dimnames" "dimnames" "dimnames" "dimnames" "dimnames" "%||%" "colnames" "colnames" "experiments<-" "experiments<-" "subsetByRow" "subsetByRow" ".local" ".nextMethod" "eval" "eval" "callNextMethod" "[" "[" "filterFeaturesWithFormula" ".local" "filterFeatures" "filterFeatures" "withCallingHandlers" "suppressMessages" ".filterFDRTMT" "stepPreProcessingTMT" "stepPreProcessing" "profilingWorkflow" "profilingWrapper" "main" 
"FUN" "lapply" "sapply" "sapply" "standardGeneric" "which" "S4Vectors:::listClassName" "...elt" "stopifnot" "is" ".coerceToList" "asMethod" "as" "dimnames" "dimnames" "dimnames" "dimnames" "dimnames" "dimnames" "%||%" "colnames" "colnames" "experiments<-" "experiments<-" "subsetByRow" "subsetByRow" ".local" ".nextMethod" "eval" "eval" "callNextMethod" "[" "[" "filterFeaturesWithFormula" ".local" "filterFeatures" "filterFeatures" "withCallingHandlers" "suppressMessages" ".filterFDRTMT" "stepPreProcessingTMT" "stepPreProcessing" "profilingWorkflow" "profilingWrapper" "main" 
"is" "callNextMethod" "parallel_slot_names" "parallel_slot_names" ".validate_Vector_parallel_slots" "method" "validityMethod" "isTRUE" "anyStrings" "validObject" "initialize" "initialize" "new" "new2" ".new_Hits" "new_Hits" "Hits" "initialize" "initialize" "new" "AssayLink" "FUN" "lapply" "lapply" "lapply" "lapply" "endoapply" ".pruneAssayLinks" "[" "[" "filterFeaturesWithFormula" ".local" "filterFeatures" "filterFeatures" "withCallingHandlers" "suppressMessages" ".filterFDRTMT" "stepPreProcessingTMT" "stepPreProcessing" "profilingWorkflow" "profilingWrapper" "main" 
".getClassesFromCache" "getClassDef" "is" "callNextMethod" "methods:::loadMethod" "methods:::loadMethod" "updateObject" "updateObject" "updateObject" "updateObject" "updateObject" "rowRanges" "rowRanges" "names" "names" "names" ".local" "rownames" "rownames" "standardGeneric" "%in%" ".checkLinksInHits" ".validAssayLink" ".validAssayLinks" ".pruneAssayLinks" "[" "[" "filterFeaturesWithFormula" ".local" "filterFeatures" "filterFeatures" "withCallingHandlers" "suppressMessages" ".filterFDRTMT" "stepPreProcessingTMT" "stepPreProcessing" "profilingWorkflow" "profilingWrapper" "main" 
".identC" "is" "normalizeDoubleBracketSubscript" "getListElement" "getListElement" "getListElement" "getListElement" "[[" "[[" "assayLink" ".validAssayLink" ".validAssayLinks" ".pruneAssayLinks" "[" "[" "filterFeaturesWithFormula" ".local" "filterFeatures" "filterFeatures" "withCallingHandlers" "suppressMessages" ".filterFDRTMT" "stepPreProcessingTMT" "stepPreProcessing" "profilingWorkflow" "profilingWrapper" "main" 
