sample.interval=20000
"scan" "read.table" "read.csv" "stepDataImport" "profilingWorkflow" "profilingWrapper" "main" 
"scan" "read.table" "read.csv" "stepDataImport" "profilingWorkflow" "profilingWrapper" "main" 
"scan" "read.table" "read.csv" "stepDataImport" "profilingWorkflow" "profilingWrapper" "main" 
"scan" "read.table" "read.csv" "stepDataImport" "profilingWorkflow" "profilingWrapper" "main" 
"scan" "read.table" "read.csv" "stepDataImport" "profilingWorkflow" "profilingWrapper" "main" 
"scan" "read.table" "read.csv" "stepDataImport" "profilingWorkflow" "profilingWrapper" "main" 
"scan" "read.table" "read.csv" "stepDataImport" "profilingWorkflow" "profilingWrapper" "main" 
"scan" "read.table" "read.csv" "stepDataImport" "profilingWorkflow" "profilingWrapper" "main" 
"scan" "read.table" "read.csv" "stepDataImport" "profilingWorkflow" "profilingWrapper" "main" 
"scan" "read.table" "read.csv" "stepDataImport" "profilingWorkflow" "profilingWrapper" "main" 
"scan" "read.table" "read.csv" "stepDataImport" "profilingWorkflow" "profilingWrapper" "main" 
"scan" "read.table" "read.csv" "stepDataImport" "profilingWorkflow" "profilingWrapper" "main" 
"scan" "read.table" "read.csv" "stepDataImport" "profilingWorkflow" "profilingWrapper" "main" 
"scan" "read.table" "read.csv" "stepDataImport" "profilingWorkflow" "profilingWrapper" "main" 
"scan" "read.table" "read.csv" "stepDataImport" "profilingWorkflow" "profilingWrapper" "main" 
"scan" "read.table" "read.csv" "stepDataImport" "profilingWorkflow" "profilingWrapper" "main" 
"scan" "read.table" "read.csv" "stepDataImport" "profilingWorkflow" "profilingWrapper" "main" 
"scan" "read.table" "read.csv" "stepDataImport" "profilingWorkflow" "profilingWrapper" "main" 
"scan" "read.table" "read.csv" "stepDataImport" "profilingWorkflow" "profilingWrapper" "main" 
"scan" "read.table" "read.csv" "stepDataImport" "profilingWorkflow" "profilingWrapper" "main" 
"scan" "read.table" "read.csv" "stepDataImport" "profilingWorkflow" "profilingWrapper" "main" 
"scan" "read.table" "read.csv" "stepDataImport" "profilingWorkflow" "profilingWrapper" "main" 
"scan" "read.table" "read.csv" "stepDataImport" "profilingWorkflow" "profilingWrapper" "main" 
"scan" "read.table" "read.csv" "stepDataImport" "profilingWorkflow" "profilingWrapper" "main" 
"scan" "read.table" "read.csv" "stepDataImport" "profilingWorkflow" "profilingWrapper" "main" 
"scan" "read.table" "read.csv" "stepDataImport" "profilingWorkflow" "profilingWrapper" "main" 
"scan" "read.table" "read.csv" "stepDataImport" "profilingWorkflow" "profilingWrapper" "main" 
"scan" "read.table" "read.csv" "stepDataImport" "profilingWorkflow" "profilingWrapper" "main" 
"scan" "read.table" "read.csv" "stepDataImport" "profilingWorkflow" "profilingWrapper" "main" 
"scan" "read.table" "read.csv" "stepDataImport" "profilingWorkflow" "profilingWrapper" "main" 
"scan" "read.table" "read.csv" "stepDataImport" "profilingWorkflow" "profilingWrapper" "main" 
"scan" "read.table" "read.csv" "stepDataImport" "profilingWorkflow" "profilingWrapper" "main" 
"scan" "read.table" "read.csv" "stepDataImport" "profilingWorkflow" "profilingWrapper" "main" 
"scan" "read.table" "read.csv" "stepDataImport" "profilingWorkflow" "profilingWrapper" "main" 
"scan" "read.table" "read.csv" "stepDataImport" "profilingWorkflow" "profilingWrapper" "main" 
"scan" "read.table" "read.csv" "stepDataImport" "profilingWorkflow" "profilingWrapper" "main" 
"scan" "read.table" "read.csv" "stepDataImport" "profilingWorkflow" "profilingWrapper" "main" 
"scan" "read.table" "read.csv" "stepDataImport" "profilingWorkflow" "profilingWrapper" "main" 
"scan" "read.table" "read.csv" "stepDataImport" "profilingWorkflow" "profilingWrapper" "main" 
"scan" "read.table" "read.csv" "stepDataImport" "profilingWorkflow" "profilingWrapper" "main" 
"scan" "read.table" "read.csv" "stepDataImport" "profilingWorkflow" "profilingWrapper" "main" 
"scan" "read.table" "read.csv" "stepDataImport" "profilingWorkflow" "profilingWrapper" "main" 
"scan" "read.table" "read.csv" "stepDataImport" "profilingWorkflow" "profilingWrapper" "main" 
"scan" "read.table" "read.csv" "stepDataImport" "profilingWorkflow" "profilingWrapper" "main" 
"scan" "read.table" "read.csv" "stepDataImport" "profilingWorkflow" "profilingWrapper" "main" 
"scan" "read.table" "read.csv" "stepDataImport" "profilingWorkflow" "profilingWrapper" "main" 
"scan" "read.table" "read.csv" "stepDataImport" "profilingWorkflow" "profilingWrapper" "main" 
"scan" "read.table" "read.csv" "stepDataImport" "profilingWorkflow" "profilingWrapper" "main" 
"scan" "read.table" "read.csv" "stepDataImport" "profilingWorkflow" "profilingWrapper" "main" 
"scan" "read.table" "read.csv" "stepDataImport" "profilingWorkflow" "profilingWrapper" "main" 
"scan" "read.table" "read.csv" "stepDataImport" "profilingWorkflow" "profilingWrapper" "main" 
"scan" "read.table" "read.csv" "stepDataImport" "profilingWorkflow" "profilingWrapper" "main" 
"scan" "read.table" "read.csv" "stepDataImport" "profilingWorkflow" "profilingWrapper" "main" 
"scan" "read.table" "read.csv" "stepDataImport" "profilingWorkflow" "profilingWrapper" "main" 
"scan" "read.table" "read.csv" "stepDataImport" "profilingWorkflow" "profilingWrapper" "main" 
"scan" "read.table" "read.csv" "stepDataImport" "profilingWorkflow" "profilingWrapper" "main" 
"scan" "read.table" "read.csv" "stepDataImport" "profilingWorkflow" "profilingWrapper" "main" 
"scan" "read.table" "read.csv" "stepDataImport" "profilingWorkflow" "profilingWrapper" "main" 
"scan" "read.table" "read.csv" "stepDataImport" "profilingWorkflow" "profilingWrapper" "main" 
"scan" "read.table" "read.csv" "stepDataImport" "profilingWorkflow" "profilingWrapper" "main" 
"scan" "read.table" "read.csv" "stepDataImport" "profilingWorkflow" "profilingWrapper" "main" 
"scan" "read.table" "read.csv" "stepDataImport" "profilingWorkflow" "profilingWrapper" "main" 
"scan" "read.table" "read.csv" "stepDataImport" "profilingWorkflow" "profilingWrapper" "main" 
"scan" "read.table" "read.csv" "stepDataImport" "profilingWorkflow" "profilingWrapper" "main" 
"scan" "read.table" "read.csv" "stepDataImport" "profilingWorkflow" "profilingWrapper" "main" 
"scan" "read.table" "read.csv" "stepDataImport" "profilingWorkflow" "profilingWrapper" "main" 
"scan" "read.table" "read.csv" "stepDataImport" "profilingWorkflow" "profilingWrapper" "main" 
"scan" "read.table" "read.csv" "stepDataImport" "profilingWorkflow" "profilingWrapper" "main" 
"scan" "read.table" "read.csv" "stepDataImport" "profilingWorkflow" "profilingWrapper" "main" 
"scan" "read.table" "read.csv" "stepDataImport" "profilingWorkflow" "profilingWrapper" "main" 
"scan" "read.table" "read.csv" "stepDataImport" "profilingWorkflow" "profilingWrapper" "main" 
"scan" "read.table" "read.csv" "stepDataImport" "profilingWorkflow" "profilingWrapper" "main" 
"scan" "read.table" "read.csv" "stepDataImport" "profilingWorkflow" "profilingWrapper" "main" 
"scan" "read.table" "read.csv" "stepDataImport" "profilingWorkflow" "profilingWrapper" "main" 
"scan" "read.table" "read.csv" "stepDataImport" "profilingWorkflow" "profilingWrapper" "main" 
"scan" "read.table" "read.csv" "stepDataImport" "profilingWorkflow" "profilingWrapper" "main" 
"scan" "read.table" "read.csv" "stepDataImport" "profilingWorkflow" "profilingWrapper" "main" 
"scan" "read.table" "read.csv" "stepDataImport" "profilingWorkflow" "profilingWrapper" "main" 
"scan" "read.table" "read.csv" "stepDataImport" "profilingWorkflow" "profilingWrapper" "main" 
"scan" "read.table" "read.csv" "stepDataImport" "profilingWorkflow" "profilingWrapper" "main" 
"scan" "read.table" "read.csv" "stepDataImport" "profilingWorkflow" "profilingWrapper" "main" 
"scan" "read.table" "read.csv" "stepDataImport" "profilingWorkflow" "profilingWrapper" "main" 
"scan" "read.table" "read.csv" "stepDataImport" "profilingWorkflow" "profilingWrapper" "main" 
"scan" "read.table" "read.csv" "stepDataImport" "profilingWorkflow" "profilingWrapper" "main" 
"scan" "read.table" "read.csv" "stepDataImport" "profilingWorkflow" "profilingWrapper" "main" 
"scan" "read.table" "read.csv" "stepDataImport" "profilingWorkflow" "profilingWrapper" "main" 
"scan" "read.table" "read.csv" "stepDataImport" "profilingWorkflow" "profilingWrapper" "main" 
"scan" "read.table" "read.csv" "stepDataImport" "profilingWorkflow" "profilingWrapper" "main" 
"scan" "read.table" "read.csv" "stepDataImport" "profilingWorkflow" "profilingWrapper" "main" 
"scan" "read.table" "read.csv" "stepDataImport" "profilingWorkflow" "profilingWrapper" "main" 
"scan" "read.table" "read.csv" "stepDataImport" "profilingWorkflow" "profilingWrapper" "main" 
"scan" "read.table" "read.csv" "stepDataImport" "profilingWorkflow" "profilingWrapper" "main" 
"scan" "read.table" "read.csv" "stepDataImport" "profilingWorkflow" "profilingWrapper" "main" 
"scan" "read.table" "read.csv" "stepDataImport" "profilingWorkflow" "profilingWrapper" "main" 
"scan" "read.table" "read.csv" "stepDataImport" "profilingWorkflow" "profilingWrapper" "main" 
"scan" "read.table" "read.csv" "stepDataImport" "profilingWorkflow" "profilingWrapper" "main" 
"scan" "read.table" "read.csv" "stepDataImport" "profilingWorkflow" "profilingWrapper" "main" 
"scan" "read.table" "read.csv" "stepDataImport" "profilingWorkflow" "profilingWrapper" "main" 
"scan" "read.table" "read.csv" "stepDataImport" "profilingWorkflow" "profilingWrapper" "main" 
"scan" "read.table" "read.csv" "stepDataImport" "profilingWorkflow" "profilingWrapper" "main" 
"scan" "read.table" "read.csv" "stepDataImport" "profilingWorkflow" "profilingWrapper" "main" 
"scan" "read.table" "read.csv" "stepDataImport" "profilingWorkflow" "profilingWrapper" "main" 
"scan" "read.table" "read.csv" "stepDataImport" "profilingWorkflow" "profilingWrapper" "main" 
"scan" "read.table" "read.csv" "stepDataImport" "profilingWorkflow" "profilingWrapper" "main" 
"scan" "read.table" "read.csv" "stepDataImport" "profilingWorkflow" "profilingWrapper" "main" 
"scan" "read.table" "read.csv" "stepDataImport" "profilingWorkflow" "profilingWrapper" "main" 
"scan" "read.table" "read.csv" "stepDataImport" "profilingWorkflow" "profilingWrapper" "main" 
"scan" "read.table" "read.csv" "stepDataImport" "profilingWorkflow" "profilingWrapper" "main" 
"scan" "read.table" "read.csv" "stepDataImport" "profilingWorkflow" "profilingWrapper" "main" 
"scan" "read.table" "read.csv" "stepDataImport" "profilingWorkflow" "profilingWrapper" "main" 
"scan" "read.table" "read.csv" "stepDataImport" "profilingWorkflow" "profilingWrapper" "main" 
"scan" "read.table" "read.csv" "stepDataImport" "profilingWorkflow" "profilingWrapper" "main" 
"scan" "read.table" "read.csv" "stepDataImport" "profilingWorkflow" "profilingWrapper" "main" 
"scan" "read.table" "read.csv" "stepDataImport" "profilingWorkflow" "profilingWrapper" "main" 
"scan" "read.table" "read.csv" "stepDataImport" "profilingWorkflow" "profilingWrapper" "main" 
".External2" "type.convert.default" "type.convert" "read.table" "read.csv" "stepDataImport" "profilingWorkflow" "profilingWrapper" "main" 
".External2" "type.convert.default" "type.convert" "read.table" "read.csv" "stepDataImport" "profilingWorkflow" "profilingWrapper" "main" 
".External2" "type.convert.default" "type.convert" "read.table" "read.csv" "stepDataImport" "profilingWorkflow" "profilingWrapper" "main" 
".External2" "type.convert.default" "type.convert" "read.table" "read.csv" "stepDataImport" "profilingWorkflow" "profilingWrapper" "main" 
".External2" "type.convert.default" "type.convert" "read.table" "read.csv" "stepDataImport" "profilingWorkflow" "profilingWrapper" "main" 
".External2" "type.convert.default" "type.convert" "read.table" "read.csv" "stepDataImport" "profilingWorkflow" "profilingWrapper" "main" 
".External2" "type.convert.default" "type.convert" "read.table" "read.csv" "stepDataImport" "profilingWorkflow" "profilingWrapper" "main" 
".External2" "type.convert.default" "type.convert" "read.table" "read.csv" "stepDataImport" "profilingWorkflow" "profilingWrapper" "main" 
".External2" "type.convert.default" "type.convert" "read.table" "read.csv" "stepDataImport" "profilingWorkflow" "profilingWrapper" "main" 
".External2" "type.convert.default" "type.convert" "read.table" "read.csv" "stepDataImport" "profilingWorkflow" "profilingWrapper" "main" 
".External2" "type.convert.default" "type.convert" "read.table" "read.csv" "stepDataImport" "profilingWorkflow" "profilingWrapper" "main" 
".External2" "type.convert.default" "type.convert" "read.table" "read.csv" "stepDataImport" "profilingWorkflow" "profilingWrapper" "main" 
".External2" "type.convert.default" "type.convert" "read.table" "read.csv" "stepDataImport" "profilingWorkflow" "profilingWrapper" "main" 
"class" ".identC" "%||%" "possibleExtends" "extends" "is" "normarg_assays" "SummarizedExperiment" "readSummarizedExperiment" "readQFeatures" "scp::readSCP" ".readQFeaturesTMT" "stepDataImport" "profilingWorkflow" "profilingWrapper" "main" 
"split.default" "split" "standardGeneric" "split" "lapply" ".splitSE" "readQFeatures" "scp::readSCP" ".readQFeaturesTMT" "stepDataImport" "profilingWorkflow" "profilingWrapper" "main" 
"FUN" "FUN" "lapply" "lapply" "extractROWS" "extractROWS" "[" "[" "[" "[" "FUN" "lapply" "lapply" ".splitSE" "readQFeatures" "scp::readSCP" ".readQFeaturesTMT" "stepDataImport" "profilingWorkflow" "profilingWrapper" "main" 
"FUN" "FUN" "lapply" "lapply" "extractROWS" "extractROWS" "[" "[" "[" "[" "FUN" "lapply" "lapply" ".splitSE" "readQFeatures" "scp::readSCP" ".readQFeaturesTMT" "stepDataImport" "profilingWorkflow" "profilingWrapper" "main" 
"get0" "getClassDef" "FUN" "lapply" "sapply" "sapply" "standardGeneric" "which" "listClassName" "coerceToSimpleList" "asMethod" "as" ".nextMethod" "callNextMethod" "doTryCatch" "tryCatchOne" "tryCatchList" "tryCatch" "try" "coerce2" "coerce2" ".make_endoapply_ans" "endoapply" ".class1" "as" ".extract_Assays_subset" "[" "[" "[" "[" "FUN" "lapply" "lapply" ".splitSE" "readQFeatures" "scp::readSCP" ".readQFeaturesTMT" "stepDataImport" "profilingWorkflow" "profilingWrapper" "main" 
".local" "rownames" "rownames" "dimnames" "dimnames" "dimnames" "f" "doTryCatch" "tryCatchOne" "tryCatchList" "tryCatch" "try" "standardGeneric" "%in%" "FUN" "vapply" ".getMethErr" ".testMethodsTable" "method" "validityMethod" "isTRUE" "anyStrings" "validObject" "initialize" "initialize" "new" "<Anonymous>" "do.call" "do.call" ".splitSE" "readQFeatures" "scp::readSCP" ".readQFeaturesTMT" "stepDataImport" "profilingWorkflow" "profilingWrapper" "main" 
"getClassDef" "FUN" "lapply" "sapply" "sapply" "standardGeneric" "which" "listClassName" "coerceToSimpleList" "asMethod" "as" "coerceToExperimentList" "asMethod" "as" ".nextMethod" "callNextMethod" "doTryCatch" "tryCatchOne" "tryCatchList" "tryCatch" "try" "coerce2" "coerce2" "doTryCatch" "tryCatchOne" "tryCatchList" "tryCatch" "try" ".wrap_in_length_one_list_like_object" ".replace_list_element" "setListElement" "setListElement" "[[<-" "[[<-" ".createUniqueColnames" "readQFeatures" "scp::readSCP" ".readQFeaturesTMT" "stepDataImport" "profilingWorkflow" "profilingWrapper" "main" 
"is" "callNextMethod" "parallel_slot_names" "parallel_slot_names" "bindROWS" "bindROWS" "replaceROWS" "replaceROWS" "mergeROWS" "mergeROWS" ".nextMethod" "eval" "eval" "callNextMethod" "[<-" "[<-" ".replace_list_element" "setListElement" "setListElement" "[[<-" "[[<-" ".createUniqueColnames" "readQFeatures" "scp::readSCP" ".readQFeaturesTMT" "stepDataImport" "profilingWorkflow" "profilingWrapper" "main" 
".identC" "is" "callNextMethod" "parallel_slot_names" "parallel_slot_names" ".validate_Vector_parallel_slots" "method" "validityMethod" "isTRUE" "anyStrings" "validObject" "initialize" "initialize" "new" "coerceToExperimentList" "asMethod" "as" ".nextMethod" "callNextMethod" "doTryCatch" "tryCatchOne" "tryCatchList" "tryCatch" "try" "coerce2" "coerce2" "doTryCatch" "tryCatchOne" "tryCatchList" "tryCatch" "try" ".wrap_in_length_one_list_like_object" ".replace_list_element" "setListElement" "setListElement" "[[<-" "[[<-" ".createUniqueColnames" "readQFeatures" "scp::readSCP" ".readQFeaturesTMT" "stepDataImport" "profilingWorkflow" "profilingWrapper" "main" 
"assign" ".nextMethod" "callNextMethod" "methods:::loadMethod" "methods:::loadMethod" "parallel_slot_names" "extractROWS" "extractROWS" "replaceROWS" "replaceROWS" "mergeROWS" "mergeROWS" ".nextMethod" "eval" "eval" "callNextMethod" "[<-" "[<-" ".replace_list_element" "setListElement" "setListElement" "[[<-" "[[<-" ".createUniqueColnames" "readQFeatures" "scp::readSCP" ".readQFeaturesTMT" "stepDataImport" "profilingWorkflow" "profilingWrapper" "main" 
"isS4" "is" "callNextMethod" "updateObject" "updateObject" "colData" "colData" "rownames" ".local" "colnames" "colnames" "dimnames" "dimnames" "dimnames" "f" "doTryCatch" "tryCatchOne" "tryCatchList" "tryCatch" "try" "standardGeneric" "%in%" "FUN" "vapply" ".getMethErr" ".testMethodsTable" "method" "validityMethod" "isTRUE" "anyStrings" "validObject" "initialize" "initialize" "new" "coerceToExperimentList" "asMethod" "as" ".nextMethod" "callNextMethod" "doTryCatch" "tryCatchOne" "tryCatchList" "tryCatch" "try" "coerce2" "coerce2" "doTryCatch" "tryCatchOne" "tryCatchList" "tryCatch" "try" ".wrap_in_length_one_list_like_object" ".replace_list_element" "setListElement" "setListElement" "[[<-" "[[<-" ".createUniqueColnames" "readQFeatures" "scp::readSCP" ".readQFeaturesTMT" "stepDataImport" "profilingWorkflow" "profilingWrapper" "main" 
".requirePackage" ".classEnv" "as" "initialize" "initialize" "new" "new2" "PartitioningByEnd" ".coerceToList" "asMethod" "as" "colnames" "colnames" ".sampleMapFromData" "MultiAssayExperiment" "QFeatures" "readQFeatures" "scp::readSCP" ".readQFeaturesTMT" "stepDataImport" "profilingWorkflow" "profilingWrapper" "main" 
"getClassDef" "is" "callNextMethod" "methods:::loadMethod" "methods:::loadMethod" "updateObject" "colData" "colData" "rownames" ".local" "FUN" "FUN" "lapply" "lapply" "lapply" "lapply" ".class1" "as" "colnames" "colnames" "eval" "eval" "eval" "standardGeneric" "Map" ".harmonize" "MultiAssayExperiment" "QFeatures" "readQFeatures" "scp::readSCP" ".readQFeaturesTMT" "stepDataImport" "profilingWorkflow" "profilingWrapper" "main" 
"[[" "setPackageSlot" "extends" ".inheritedArgsExpression" ".findInheritedMethods" "selectMethod" ".nextMethod" "callNextMethod" "[[" "[[" "standardGeneric" "split" ".harmonize" "MultiAssayExperiment" "QFeatures" "readQFeatures" "scp::readSCP" ".readQFeaturesTMT" "stepDataImport" "profilingWorkflow" "profilingWrapper" "main" 
"callNextMethod" "[[" "[[" "standardGeneric" "levels" ".checkExperimentList" "method" "validityMethod" "isTRUE" "anyStrings" "validObject" "initialize" "initialize" "new" "MultiAssayExperiment" "QFeatures" "readQFeatures" "scp::readSCP" ".readQFeaturesTMT" "stepDataImport" "profilingWorkflow" "profilingWrapper" "main" 
"length" "S4Vectors:::normarg_names" "names<-" "names<-" "names<-" "names<-" "names<-" ".coerceToList" "asMethod" "as" "dimnames" "dimnames" "dimnames" "dimnames" "dimnames" "dimnames" "%||%" "colnames" "colnames" ".uniqueNamesInAssays" "method" "validityMethod" "isTRUE" "anyStrings" "validObject" "initialize" "initialize" "new" "MultiAssayExperiment" "QFeatures" "readQFeatures" "scp::readSCP" ".readQFeaturesTMT" "stepDataImport" "profilingWorkflow" "profilingWrapper" "main" 
"methodsPackageMetaName" "classMetaName" "getClassDef" "FUN" "lapply" "sapply" "sapply" "standardGeneric" "which" "S4Vectors:::listClassName" "...elt" "stopifnot" "is" ".coerceToList" "asMethod" "as" "dimnames" "dimnames" "dimnames" "dimnames" "dimnames" "dimnames" "%||%" "colnames" "colnames" "Filter" ".checkSampleNames" "method" "validityMethod" "isTRUE" "anyStrings" "validObject" "initialize" "initialize" "new" "MultiAssayExperiment" "QFeatures" "readQFeatures" "scp::readSCP" ".readQFeaturesTMT" "stepDataImport" "profilingWorkflow" "profilingWrapper" "main" 
"validObject" "initialize" "initialize" "new" "new2" ".new_Hits" "new_Hits" "Hits" "initialize" "initialize" "new" "FUN" "lapply" "sapply" "sapply" "AssayLinks" "AssayLinks" "QFeatures" "readQFeatures" "scp::readSCP" ".readQFeaturesTMT" "stepDataImport" "profilingWorkflow" "profilingWrapper" "main" 
"getClassDef" "getClass" "<Anonymous>" ".nextMethod" "callNextMethod" "updateObject" "updateObject" "colData" "colData" "rownames" ".local" "colnames" "colnames" "dimnames" "dimnames" "dimnames" "FUN" "lapply" "lapply" "lapply" "lapply" ".class1" "as" "dimnames" "dimnames" "dimnames" "dimnames" "dimnames" "dimnames" "%||%" "colnames" "colnames" ".uniqueNamesInAssays" "method" "validityMethod" "isTRUE" "anyStrings" "validObject" "initialize" "initialize" "new" "QFeatures" "readQFeatures" "scp::readSCP" ".readQFeaturesTMT" "stepDataImport" "profilingWorkflow" "profilingWrapper" "main" 
"strsplit" "lengths" ".fillSignatures" ".findInheritedMethods" "selectMethod" ".nextMethod" "callNextMethod" "[[" "[[" "[" "[" "S4Vectors::splitAsList" "mapToList" ".checkSampleNames" "method" "validityMethod" "isTRUE" "anyStrings" "validObject" "initialize" "initialize" "new" "QFeatures" "readQFeatures" "scp::readSCP" ".readQFeaturesTMT" "stepDataImport" "profilingWorkflow" "profilingWrapper" "main" 
"@<-" ".nextMethod" "callNextMethod" "updateObject" "updateObject" "names<-" "names<-" "names<-" "names<-" "names<-" ".coerceToList" "asMethod" "as" "dimnames" "dimnames" "dimnames" "dimnames" "dimnames" "dimnames" "%||%" "colnames" "colnames" "Filter" ".checkSampleNames" "method" "validityMethod" "isTRUE" "anyStrings" "validObject" "initialize" "initialize" "new" "QFeatures" "readQFeatures" "scp::readSCP" ".readQFeaturesTMT" "stepDataImport" "profilingWorkflow" "profilingWrapper" "main" 
"DataFrame" "IRanges" "GRanges" "standardGeneric" "relist" "asMethod" "as" "initialize" "initialize" "new" ".rse_to_sce" "asMethod" "FUN" "lapply" "ExperimentList" "scp::readSCP" ".readQFeaturesTMT" "stepDataImport" "profilingWorkflow" "profilingWrapper" "main" 
"stopifnot" "is" "callNextMethod" "updateObject" "updateObject" ".nextMethod" "callNextMethod" ".nextMethod" "callNextMethod" "updateObject" "updateObject" ".set_internal_all" "reducedDims<-" "reducedDims<-" ".rse_to_sce" "asMethod" "FUN" "lapply" "ExperimentList" "scp::readSCP" ".readQFeaturesTMT" "stepDataImport" "profilingWorkflow" "profilingWrapper" "main" 
"is.data.frame" ".nextMethod" "callNextMethod" "doTryCatch" "tryCatchOne" "tryCatchList" "tryCatch" "try" "coerce2" "coerce2" ".make_endoapply_ans" "endoapply" "updateObject" "updateObject" ".nextMethod" "callNextMethod" ".nextMethod" "callNextMethod" "updateObject" "updateObject" ".set_internal_all" "altExps<-" "altExps<-" ".rse_to_sce" "asMethod" "FUN" "lapply" "ExperimentList" "scp::readSCP" ".readQFeaturesTMT" "stepDataImport" "profilingWorkflow" "profilingWrapper" "main" 
"getClassDef" "getClass" "<Anonymous>" ".nextMethod" "callNextMethod" "updateObject" "updateObject" "updateObject" "updateObject" ".set_internal_all" ".local" "rowPairs<-" "rowPairs<-" ".rse_to_sce" "asMethod" "FUN" "lapply" "ExperimentList" "scp::readSCP" ".readQFeaturesTMT" "stepDataImport" "profilingWorkflow" "profilingWrapper" "main" 
"validObject" "updateObject" ".set_internal_all" ".local" "rowPairs<-" "rowPairs<-" ".rse_to_sce" "asMethod" "FUN" "lapply" "ExperimentList" "scp::readSCP" ".readQFeaturesTMT" "stepDataImport" "profilingWorkflow" "profilingWrapper" "main" 
"validObject" "updateObject" "updateObject" "updateObject" "METHOD" "updateObject" "updateObject" ".nextMethod" "callNextMethod" "updateObject" "updateObject" ".set_internal_all" ".local" "colPairs<-" "colPairs<-" ".rse_to_sce" "asMethod" "FUN" "lapply" "ExperimentList" "scp::readSCP" ".readQFeaturesTMT" "stepDataImport" "profilingWorkflow" "profilingWrapper" "main" 
"validObject" "initialize" "initialize" "new" "new2" "S4Vectors:::make_zero_col_DataFrame" ".new_RangedSummarizedExperiment" "asMethod" "as" "initialize" "initialize" "new" ".rse_to_sce" "asMethod" "FUN" "lapply" "ExperimentList" "scp::readSCP" ".readQFeaturesTMT" "stepDataImport" "profilingWorkflow" "profilingWrapper" "main" 
"tryCatch" "try" "validObject" "updateObject" "METHOD" "updateObject" "updateObject" ".nextMethod" "callNextMethod" "updateObject" "updateObject" ".set_internal_all" "reducedDims<-" "reducedDims<-" ".rse_to_sce" "asMethod" "FUN" "lapply" "ExperimentList" "scp::readSCP" ".readQFeaturesTMT" "stepDataImport" "profilingWorkflow" "profilingWrapper" "main" 
"validObject" "updateObject" ".nextMethod" "callNextMethod" ".nextMethod" "callNextMethod" ".nextMethod" "callNextMethod" "updateObject" "updateObject" ".set_internal_all" "altExps<-" "altExps<-" ".rse_to_sce" "asMethod" "FUN" "lapply" "ExperimentList" "scp::readSCP" ".readQFeaturesTMT" "stepDataImport" "profilingWorkflow" "profilingWrapper" "main" 
"FUN" "lapply" "sapply" "sapply" "standardGeneric" "which" "listClassName" "coerceToSimpleList" "asMethod" "as" ".nextMethod" "callNextMethod" "doTryCatch" "tryCatchOne" "tryCatchList" "tryCatch" "try" "coerce2" "coerce2" ".make_endoapply_ans" "endoapply" "updateObject" "updateObject" ".nextMethod" "callNextMethod" ".nextMethod" "callNextMethod" "updateObject" "updateObject" ".set_internal_all" ".local" "rowPairs<-" "rowPairs<-" ".rse_to_sce" "asMethod" "FUN" "lapply" "ExperimentList" "scp::readSCP" ".readQFeaturesTMT" "stepDataImport" "profilingWorkflow" "profilingWrapper" "main" 
"length" ".findNextFromTable" "addNextMethod" "addNextMethod" "callNextMethod" ".nextMethod" "callNextMethod" "updateObject" "updateObject" ".set_internal_all" ".local" "colPairs<-" "colPairs<-" ".rse_to_sce" "asMethod" "FUN" "lapply" "ExperimentList" "scp::readSCP" ".readQFeaturesTMT" "stepDataImport" "profilingWorkflow" "profilingWrapper" "main" 
"$" "conditionCall.condition" "conditionCall" "value[[3]]" "tryCatchOne" "tryCatchList" "tryCatch" "try" "DataFrame" "cbind" "eval" "eval" "eval" "standardGeneric" "<Anonymous>" "do.call" "do.call" ".local" "c" "c" "c" "coerce2" "coerce2" ".append_list_element" "setListElement" "setListElement" ".nextMethod" "eval" "eval" "callNextMethod" "[[<-" "[[<-" ".set_internal_all" ".local" "colPairs<-" "colPairs<-" ".rse_to_sce" "asMethod" "FUN" "lapply" "ExperimentList" "scp::readSCP" ".readQFeaturesTMT" "stepDataImport" "profilingWorkflow" "profilingWrapper" "main" 
"listClassName" "coerceToSimpleList" "asMethod" "as" ".nextMethod" "callNextMethod" "doTryCatch" "tryCatchOne" "tryCatchList" "tryCatch" "try" "coerce2" "coerce2" ".make_endoapply_ans" "endoapply" "updateObject" "updateObject" ".nextMethod" "callNextMethod" ".nextMethod" "callNextMethod" "updateObject" "updateObject" ".set_internal_all" "reducedDims<-" "reducedDims<-" ".rse_to_sce" "asMethod" "FUN" "lapply" "ExperimentList" "scp::readSCP" ".readQFeaturesTMT" "stepDataImport" "profilingWorkflow" "profilingWrapper" "main" 
"updateObject" "updateObject" ".set_internal_all" "altExps<-" "altExps<-" ".rse_to_sce" "asMethod" "FUN" "lapply" "ExperimentList" "scp::readSCP" ".readQFeaturesTMT" "stepDataImport" "profilingWorkflow" "profilingWrapper" "main" 
"sort.default" "sort" "methods:::.selectDotsMethod" "standardGeneric" "<Anonymous>" "do.call" "do.call" ".local" "c" "c" "c" "coerce2" "coerce2" ".append_list_element" "setListElement" "setListElement" ".nextMethod" "eval" "eval" "callNextMethod" "[[<-" "[[<-" ".set_internal_all" "altExps<-" "altExps<-" ".rse_to_sce" "asMethod" "FUN" "lapply" "ExperimentList" "scp::readSCP" ".readQFeaturesTMT" "stepDataImport" "profilingWorkflow" "profilingWrapper" "main" 
"<Anonymous>" ".nextMethod" "callNextMethod" "updateObject" "updateObject" ".nextMethod" "callNextMethod" "METHOD" "updateObject" "updateObject" ".nextMethod" "callNextMethod" "updateObject" "updateObject" ".set_internal_all" ".local" "rowPairs<-" "rowPairs<-" ".rse_to_sce" "asMethod" "FUN" "lapply" "ExperimentList" "scp::readSCP" ".readQFeaturesTMT" "stepDataImport" "profilingWorkflow" "profilingWrapper" "main" 
"possibleExtends" "validObject" "updateObject" "updateObject" "updateObject" "METHOD" "updateObject" "updateObject" ".nextMethod" "callNextMethod" "updateObject" "updateObject" ".set_internal_all" ".local" "colPairs<-" "colPairs<-" ".rse_to_sce" "asMethod" "FUN" "lapply" "ExperimentList" "scp::readSCP" ".readQFeaturesTMT" "stepDataImport" "profilingWorkflow" "profilingWrapper" "main" 
"Assays" ".new_RangedSummarizedExperiment" "asMethod" "as" "initialize" "initialize" "new" ".rse_to_sce" "asMethod" "FUN" "lapply" "ExperimentList" "scp::readSCP" ".readQFeaturesTMT" "stepDataImport" "profilingWorkflow" "profilingWrapper" "main" 
".getClassesFromCache" "getClassDef" "validObject" "updateObject" ".nextMethod" "callNextMethod" "updateObject" "updateObject" "METHOD" "updateObject" "updateObject" ".nextMethod" "callNextMethod" "updateObject" "updateObject" ".set_internal_all" "reducedDims<-" "reducedDims<-" ".rse_to_sce" "asMethod" "FUN" "lapply" "ExperimentList" "scp::readSCP" ".readQFeaturesTMT" "stepDataImport" "profilingWorkflow" "profilingWrapper" "main" 
".identC" "possibleExtends" "extends" "initialize" "initialize" "new" ".findNextFromTable" "addNextMethod" "addNextMethod" "callNextMethod" ".nextMethod" "callNextMethod" ".nextMethod" "callNextMethod" "updateObject" "updateObject" ".set_internal_all" "altExps<-" "altExps<-" ".rse_to_sce" "asMethod" "FUN" "lapply" "ExperimentList" "scp::readSCP" ".readQFeaturesTMT" "stepDataImport" "profilingWorkflow" "profilingWrapper" "main" 
"deparse" "value[[3]]" "tryCatchOne" "tryCatchList" "tryCatch" "try" ".nextMethod" "callNextMethod" "doTryCatch" "tryCatchOne" "tryCatchList" "tryCatch" "try" "coerce2" "coerce2" ".make_endoapply_ans" "endoapply" "updateObject" "updateObject" ".nextMethod" "callNextMethod" ".nextMethod" "callNextMethod" "updateObject" "updateObject" ".set_internal_all" ".local" "rowPairs<-" "rowPairs<-" ".rse_to_sce" "asMethod" "FUN" "lapply" "ExperimentList" "scp::readSCP" ".readQFeaturesTMT" "stepDataImport" "profilingWorkflow" "profilingWrapper" "main" 
"validObject" "updateObject" "updateObject" "updateObject" ".set_internal_all" ".local" "colPairs<-" "colPairs<-" ".rse_to_sce" "asMethod" "FUN" "lapply" "ExperimentList" "scp::readSCP" ".readQFeaturesTMT" "stepDataImport" "profilingWorkflow" "profilingWrapper" "main" 
"callNextMethod" "methods:::loadMethod" "methods:::loadMethod" "[[<-" ".set_internal_all" ".local" "colPairs<-" "colPairs<-" ".rse_to_sce" "asMethod" "FUN" "lapply" "ExperimentList" "scp::readSCP" ".readQFeaturesTMT" "stepDataImport" "profilingWorkflow" "profilingWrapper" "main" 
"[[" ".findInheritedMethods" ".findNextFromTable" "addNextMethod" "addNextMethod" "callNextMethod" ".nextMethod" "callNextMethod" "updateObject" "updateObject" ".set_internal_all" "reducedDims<-" "reducedDims<-" ".rse_to_sce" "asMethod" "FUN" "lapply" "ExperimentList" "scp::readSCP" ".readQFeaturesTMT" "stepDataImport" "profilingWorkflow" "profilingWrapper" "main" 
"getClass" "...elt" "stopifnot" "is" "DataFrame" "cbind" "eval" "eval" "eval" "standardGeneric" "<Anonymous>" "do.call" "do.call" ".local" "c" "c" "c" "coerce2" "coerce2" ".append_list_element" "setListElement" "setListElement" ".nextMethod" "eval" "eval" "callNextMethod" "[[<-" "[[<-" ".set_internal_all" "reducedDims<-" "reducedDims<-" ".rse_to_sce" "asMethod" "FUN" "lapply" "ExperimentList" "scp::readSCP" ".readQFeaturesTMT" "stepDataImport" "profilingWorkflow" "profilingWrapper" "main" 
"getDataPart" "methods::slot" "asMethod" "as<-" "initialize" "initialize" "new" ".findNextFromTable" "addNextMethod" "addNextMethod" "callNextMethod" "METHOD" "updateObject" "updateObject" ".nextMethod" "callNextMethod" "updateObject" "updateObject" ".set_internal_all" "altExps<-" "altExps<-" ".rse_to_sce" "asMethod" "FUN" "lapply" "ExperimentList" "scp::readSCP" ".readQFeaturesTMT" "stepDataImport" "profilingWorkflow" "profilingWrapper" "main" 
"validObject" "updateObject" ".nextMethod" "callNextMethod" "updateObject" "updateObject" "updateObject" "updateObject" ".nextMethod" "callNextMethod" "updateObject" "updateObject" ".set_internal_all" ".local" "rowPairs<-" "rowPairs<-" ".rse_to_sce" "asMethod" "FUN" "lapply" "ExperimentList" "scp::readSCP" ".readQFeaturesTMT" "stepDataImport" "profilingWorkflow" "profilingWrapper" "main" 
"@<-" ".nextMethod" "callNextMethod" ".nextMethod" "callNextMethod" "updateObject" "updateObject" ".set_internal_all" ".local" "colPairs<-" "colPairs<-" ".rse_to_sce" "asMethod" "FUN" "lapply" "ExperimentList" "scp::readSCP" ".readQFeaturesTMT" "stepDataImport" "profilingWorkflow" "profilingWrapper" "main" 
"slot" "doTryCatch" "tryCatchOne" "tryCatchList" "tryCatch" "try" "validObject" "initialize" "initialize" "new" "new2" "new_GRanges" "GRanges" "standardGeneric" "relist" "asMethod" "as" "initialize" "initialize" "new" ".rse_to_sce" "asMethod" "FUN" "lapply" "ExperimentList" "scp::readSCP" ".readQFeaturesTMT" "stepDataImport" "profilingWorkflow" "profilingWrapper" "main" 
"initialize" "new" ".findNextFromTable" "addNextMethod" "addNextMethod" "callNextMethod" ".nextMethod" "callNextMethod" ".nextMethod" "callNextMethod" "updateObject" "updateObject" ".set_internal_all" "reducedDims<-" "reducedDims<-" ".rse_to_sce" "asMethod" "FUN" "lapply" "ExperimentList" "scp::readSCP" ".readQFeaturesTMT" "stepDataImport" "profilingWorkflow" "profilingWrapper" "main" 
".class1" "as" ".nextMethod" "callNextMethod" "doTryCatch" "tryCatchOne" "tryCatchList" "tryCatch" "try" "coerce2" "coerce2" ".make_endoapply_ans" "endoapply" "updateObject" "updateObject" ".nextMethod" "callNextMethod" ".nextMethod" "callNextMethod" "updateObject" "updateObject" ".set_internal_all" "altExps<-" "altExps<-" ".rse_to_sce" "asMethod" "FUN" "lapply" "ExperimentList" "scp::readSCP" ".readQFeaturesTMT" "stepDataImport" "profilingWorkflow" "profilingWrapper" "main" 
"is" "coerce2" "coerce2" ".append_list_element" "setListElement" "setListElement" ".nextMethod" "eval" "eval" "callNextMethod" "[[<-" "[[<-" ".set_internal_all" "altExps<-" "altExps<-" ".rse_to_sce" "asMethod" "FUN" "lapply" "ExperimentList" "scp::readSCP" ".readQFeaturesTMT" "stepDataImport" "profilingWorkflow" "profilingWrapper" "main" 
"extractCOLS" "[" "[" ".set_internal_all" ".local" "rowPairs<-" "rowPairs<-" ".rse_to_sce" "asMethod" "FUN" "lapply" "ExperimentList" "scp::readSCP" ".readQFeaturesTMT" "stepDataImport" "profilingWorkflow" "profilingWrapper" "main" 
"doTryCatch" "tryCatchOne" "tryCatchList" "tryCatch" "try" "validObject" "updateObject" "updateObject" "updateObject" "METHOD" "updateObject" "updateObject" ".nextMethod" "callNextMethod" "updateObject" "updateObject" ".set_internal_all" ".local" "colPairs<-" "colPairs<-" ".rse_to_sce" "asMethod" "FUN" "lapply" "ExperimentList" "scp::readSCP" ".readQFeaturesTMT" "stepDataImport" "profilingWorkflow" "profilingWrapper" "main" 
"callNextMethod" "parallel_slot_names" "parallel_slot_names" "slot" "standardGeneric" "NROW" "length" "length" "length" "eval" "eval" "callGeneric" "length" "length" "length" "Assays" ".new_RangedSummarizedExperiment" "asMethod" "as" "initialize" "initialize" "new" ".rse_to_sce" "asMethod" "FUN" "lapply" "ExperimentList" "scp::readSCP" ".readQFeaturesTMT" "stepDataImport" "profilingWorkflow" "profilingWrapper" "main" 
"is" "callNextMethod" "methods:::loadMethod" "methods:::loadMethod" "updateObject" ".nextMethod" "callNextMethod" "updateObject" "updateObject" "METHOD" "updateObject" "updateObject" ".nextMethod" "callNextMethod" "updateObject" "updateObject" ".set_internal_all" "reducedDims<-" "reducedDims<-" ".rse_to_sce" "asMethod" "FUN" "lapply" "ExperimentList" "scp::readSCP" ".readQFeaturesTMT" "stepDataImport" "profilingWorkflow" "profilingWrapper" "main" 
"possibleExtends" "<Anonymous>" ".nextMethod" "callNextMethod" "updateObject" "updateObject" ".nextMethod" "callNextMethod" ".nextMethod" "callNextMethod" "updateObject" "updateObject" ".set_internal_all" "altExps<-" "altExps<-" ".rse_to_sce" "asMethod" "FUN" "lapply" "ExperimentList" "scp::readSCP" ".readQFeaturesTMT" "stepDataImport" "profilingWorkflow" "profilingWrapper" "main" 
"possibleExtends" "<Anonymous>" ".nextMethod" "callNextMethod" "updateObject" "updateObject" ".nextMethod" "callNextMethod" ".nextMethod" "callNextMethod" "updateObject" "updateObject" ".set_internal_all" "altExps<-" "altExps<-" ".rse_to_sce" "asMethod" "FUN" "lapply" "ExperimentList" "scp::readSCP" ".readQFeaturesTMT" "stepDataImport" "profilingWorkflow" "profilingWrapper" "main" 
"possibleExtends" "<Anonymous>" ".nextMethod" "callNextMethod" "updateObject" "updateObject" ".nextMethod" "callNextMethod" ".nextMethod" "callNextMethod" "updateObject" "updateObject" ".set_internal_all" "altExps<-" "altExps<-" ".rse_to_sce" "asMethod" "FUN" "lapply" "ExperimentList" "scp::readSCP" ".readQFeaturesTMT" "stepDataImport" "profilingWorkflow" "profilingWrapper" "main" 
"possibleExtends" "validObject" "updateObject" ".set_internal_all" "altExps<-" "altExps<-" ".rse_to_sce" "asMethod" "FUN" "lapply" "ExperimentList" "scp::readSCP" ".readQFeaturesTMT" "stepDataImport" "profilingWorkflow" "profilingWrapper" "main" 
"possibleExtends" "validObject" "updateObject" "METHOD" "updateObject" "updateObject" ".nextMethod" "callNextMethod" "updateObject" "updateObject" ".set_internal_all" ".local" "rowPairs<-" "rowPairs<-" ".rse_to_sce" "asMethod" "FUN" "lapply" "ExperimentList" "scp::readSCP" ".readQFeaturesTMT" "stepDataImport" "profilingWorkflow" "profilingWrapper" "main" 
"validObject" "updateObject" "updateObject" "updateObject" "updateObject" "updateObject" ".nextMethod" "callNextMethod" "updateObject" "updateObject" ".set_internal_all" ".local" "colPairs<-" "colPairs<-" ".rse_to_sce" "asMethod" "FUN" "lapply" "ExperimentList" "scp::readSCP" ".readQFeaturesTMT" "stepDataImport" "profilingWorkflow" "profilingWrapper" "main" 
".identC" "is" ".findInheritedMethods" "selectMethod" ".selectClosestMethod1" "length" "length" "length" ".local" "elementMetadata<-" "elementMetadata<-" "mcols<-" "mcols<-" "asMethod" "as" "initialize" "initialize" "new" ".rse_to_sce" "asMethod" "FUN" "lapply" "ExperimentList" "scp::readSCP" ".readQFeaturesTMT" "stepDataImport" "profilingWorkflow" "profilingWrapper" "main" 
"slot" "doTryCatch" "tryCatchOne" "tryCatchList" "tryCatch" "try" "validObject" "updateObject" "METHOD" "updateObject" "updateObject" ".nextMethod" "callNextMethod" "updateObject" "updateObject" ".set_internal_all" "reducedDims<-" "reducedDims<-" ".rse_to_sce" "asMethod" "FUN" "lapply" "ExperimentList" "scp::readSCP" ".readQFeaturesTMT" "stepDataImport" "profilingWorkflow" "profilingWrapper" "main" 
"@<-" "updateObject" "updateObject" "updateObject" "updateObject" ".nextMethod" "callNextMethod" "updateObject" "updateObject" ".set_internal_all" "altExps<-" "altExps<-" ".rse_to_sce" "asMethod" "FUN" "lapply" "ExperimentList" "scp::readSCP" ".readQFeaturesTMT" "stepDataImport" "profilingWorkflow" "profilingWrapper" "main" 
"FUN" "vapply" ".eligibleSuperClasses" ".findInheritedMethods" ".findNextFromTable" "addNextMethod" "addNextMethod" "callNextMethod" ".nextMethod" "callNextMethod" ".nextMethod" "callNextMethod" "updateObject" "updateObject" ".set_internal_all" ".local" "rowPairs<-" "rowPairs<-" ".rse_to_sce" "asMethod" "FUN" "lapply" "ExperimentList" "scp::readSCP" ".readQFeaturesTMT" "stepDataImport" "profilingWorkflow" "profilingWrapper" "main" 
"getClassDef" "FUN" "lapply" "sapply" "sapply" "standardGeneric" "which" "listClassName" "coerceToSimpleList" "asMethod" "as" ".nextMethod" "callNextMethod" "doTryCatch" "tryCatchOne" "tryCatchList" "tryCatch" "try" "coerce2" "coerce2" ".make_endoapply_ans" "endoapply" "updateObject" "updateObject" ".nextMethod" "callNextMethod" ".nextMethod" "callNextMethod" "updateObject" "updateObject" ".set_internal_all" ".local" "colPairs<-" "colPairs<-" ".rse_to_sce" "asMethod" "FUN" "lapply" "ExperimentList" "scp::readSCP" ".readQFeaturesTMT" "stepDataImport" "profilingWorkflow" "profilingWrapper" "main" 
"updateObject" "updateObject" "elementMetadata" "elementMetadata" "mcols" "mcols" ".validate_Vector_parallel_slots" "method" "validityMethod" "isTRUE" "anyStrings" "validObject" "initialize" "initialize" "new" "ExperimentList" "scp::readSCP" ".readQFeaturesTMT" "stepDataImport" "profilingWorkflow" "profilingWrapper" "main" 
"[[" ".findInheritedMethods" ".findNextFromTable" "addNextMethod" "addNextMethod" "callNextMethod" "METHOD" "updateObject" "updateObject" "rowRanges" "rowRanges" "names" "names" "names" ".local" "rownames" "rownames" "dimnames" "dimnames" "dimnames" "f" "doTryCatch" "tryCatchOne" "tryCatchList" "tryCatch" "try" "standardGeneric" "%in%" "FUN" "vapply" ".getMethErr" ".testMethodsTable" "method" "validityMethod" "isTRUE" "anyStrings" "validObject" "initialize" "initialize" "new" "ExperimentList" "scp::readSCP" ".readQFeaturesTMT" "stepDataImport" "profilingWorkflow" "profilingWrapper" "main" 
"FUN" "vapply" ".eligibleSuperClasses" ".findInheritedMethods" "selectMethod" ".selectClosestMethod1" "updateObject" "updateObject" "rowRanges" "rowRanges" "names" "names" "names" ".local" "rownames" "rownames" "dimnames" "dimnames" "dimnames" "f" "doTryCatch" "tryCatchOne" "tryCatchList" "tryCatch" "try" "standardGeneric" "%in%" "FUN" "vapply" ".getMethErr" ".testMethodsTable" "method" "validityMethod" "isTRUE" "anyStrings" "validObject" "initialize" "initialize" "new" "ExperimentList" "scp::readSCP" ".readQFeaturesTMT" "stepDataImport" "profilingWorkflow" "profilingWrapper" "main" 
"getClassDef" "validObject" "initialize" "initialize" "new" ".findNextFromTable" "addNextMethod" "addNextMethod" "callNextMethod" "METHOD" "updateObject" "updateObject" "rowRanges" "rowRanges" "names" "names" "names" ".local" "rownames" "rownames" "dimnames" "dimnames" "dimnames" "f" "doTryCatch" "tryCatchOne" "tryCatchList" "tryCatch" "try" "standardGeneric" "%in%" "FUN" "vapply" ".getMethErr" ".testMethodsTable" "method" "validityMethod" "isTRUE" "anyStrings" "validObject" "initialize" "initialize" "new" "ExperimentList" "scp::readSCP" ".readQFeaturesTMT" "stepDataImport" "profilingWorkflow" "profilingWrapper" "main" 
"updateObject" "updateObject" "updateObject" "METHOD" "updateObject" "updateObject" "rowRanges" "rowRanges" "names" "names" "names" ".local" "rownames" "rownames" "dimnames" "dimnames" "dimnames" "f" "doTryCatch" "tryCatchOne" "tryCatchList" "tryCatch" "try" "standardGeneric" "%in%" "FUN" "vapply" ".getMethErr" ".testMethodsTable" "method" "validityMethod" "isTRUE" "anyStrings" "validObject" "initialize" "initialize" "new" "ExperimentList" "scp::readSCP" ".readQFeaturesTMT" "stepDataImport" "profilingWorkflow" "profilingWrapper" "main" 
".getClassesFromCache" "getClassDef" "is" "callNextMethod" "updateObject" "updateObject" ".nextMethod" "eval" "eval" "callNextMethod" ".local" "colData" "colData" "rownames" ".local" "colnames" "colnames" "dimnames" "dimnames" "dimnames" "f" "doTryCatch" "tryCatchOne" "tryCatchList" "tryCatch" "try" "standardGeneric" "%in%" "FUN" "vapply" ".getMethErr" ".testMethodsTable" "method" "validityMethod" "isTRUE" "anyStrings" "validObject" "initialize" "initialize" "new" "ExperimentList" "scp::readSCP" ".readQFeaturesTMT" "stepDataImport" "profilingWorkflow" "profilingWrapper" "main" 
"tryCatchOne" "tryCatchList" "tryCatch" "try" "validObject" "initialize" "initialize" "new" ".findNextFromTable" "addNextMethod" "addNextMethod" "callNextMethod" "METHOD" "updateObject" "updateObject" "rowRanges" "rowRanges" "names" "names" "names" ".local" "rownames" "rownames" "dimnames" "dimnames" "dimnames" "f" "doTryCatch" "tryCatchOne" "tryCatchList" "tryCatch" "try" "standardGeneric" "%in%" "FUN" "vapply" ".getMethErr" ".testMethodsTable" "method" "validityMethod" "isTRUE" "anyStrings" "validObject" "initialize" "initialize" "new" "ExperimentList" "scp::readSCP" ".readQFeaturesTMT" "stepDataImport" "profilingWorkflow" "profilingWrapper" "main" 
"lapply" "sapply" "sapply" "standardGeneric" "which" "listClassName" ".selectListClassName" "relistToClass" "relistToClass" "relist" "standardGeneric" "relist" ".coerceToList" "asMethod" "as" "dimnames" "dimnames" "dimnames" "dimnames" "dimnames" "dimnames" "%||%" "colnames" "colnames" "experiments<-" "experiments<-" "scp::readSCP" ".readQFeaturesTMT" "stepDataImport" "profilingWorkflow" "profilingWrapper" "main" 
".inheritedArgsExpression" ".findInheritedMethods" "selectMethod" ".selectClosestMethod1" "updateObject" "updateObject" "rowRanges" "rowRanges" "names" "names" "names" ".local" "rownames" "rownames" "dimnames" "dimnames" "dimnames" "assays" "assays" "assay" "assay" ".zeroIsNA" "zeroIsNA" "zeroIsNA" "zeroIsNA" "zeroIsNA" "stepPreProcessingTMT" "stepPreProcessing" "profilingWorkflow" "profilingWrapper" "main" 
"stopifnot" "is" "callNextMethod" "updateObject" "updateObject" "METHOD" "updateObject" "updateObject" "rowRanges" "rowRanges" "names" "names" "names" ".local" "rownames" "rownames" "dimnames" "dimnames" "dimnames" "assays" "assays" "assay<-" "assay<-" ".zeroIsNA" "zeroIsNA" "zeroIsNA" "zeroIsNA" "zeroIsNA" "stepPreProcessingTMT" "stepPreProcessing" "profilingWorkflow" "profilingWrapper" "main" 
".identC" "possibleExtends" "initialize" "initialize" "new" ".findNextFromTable" "addNextMethod" "addNextMethod" "callNextMethod" "METHOD" "updateObject" "updateObject" "rowRanges" "rowRanges" "names" "names" "names" ".local" "rownames" "rownames" "dimnames" "dimnames" "dimnames" "get_normalized_rownames_and_colnames" "assays_have_expected_dimnames" "assays<-" "assays<-" "assay<-" "assay<-" ".zeroIsNA" "zeroIsNA" "zeroIsNA" "zeroIsNA" "zeroIsNA" "stepPreProcessingTMT" "stepPreProcessing" "profilingWorkflow" "profilingWrapper" "main" 
"length" ".inheritedArgsExpression" ".findInheritedMethods" ".findNextFromTable" "addNextMethod" "addNextMethod" "callNextMethod" "METHOD" "updateObject" "updateObject" "rowRanges" "rowRanges" "names" "names" "names" ".local" "rownames" "rownames" "dimnames" "dimnames" "dimnames" "f" "doTryCatch" "tryCatchOne" "tryCatchList" "tryCatch" "try" "standardGeneric" "%in%" "FUN" "vapply" ".getMethErr" ".testMethodsTable" "method" "validityMethod" "isTRUE" "anyStrings" "validObject" "initialize" "initialize" "new" "coerceToExperimentList" "asMethod" "as" ".nextMethod" "callNextMethod" "doTryCatch" "tryCatchOne" "tryCatchList" "tryCatch" "try" "coerce2" "coerce2" "doTryCatch" "tryCatchOne" "tryCatchList" "tryCatch" "try" ".wrap_in_length_one_list_like_object" ".replace_list_element" "setListElement" "setListElement" "[[<-" "[[<-" "zeroIsNA" "zeroIsNA" "stepPreProcessingTMT" "stepPreProcessing" "profilingWorkflow" "profilingWrapper" "main" 
"paste" ".sigLabel" ".findMethodInTable" ".quickCoerceSelect" "as" ".nextMethod" "callNextMethod" "doTryCatch" "tryCatchOne" "tryCatchList" "tryCatch" "try" "coerce2" "coerce2" ".make_endoapply_ans" "endoapply" "assays" "assays" "assay" "assay" ".zeroIsNA" "zeroIsNA" "zeroIsNA" "zeroIsNA" "zeroIsNA" "stepPreProcessingTMT" "stepPreProcessing" "profilingWorkflow" "profilingWrapper" "main" 
"initialize" "initialize" "new" "new_SimpleList_from_list" "coerceToSimpleList" "asMethod" "as" ".nextMethod" "callNextMethod" "doTryCatch" "tryCatchOne" "tryCatchList" "tryCatch" "try" "coerce2" "coerce2" ".make_endoapply_ans" "endoapply" "assays" "assays" "assay<-" "assay<-" ".zeroIsNA" "zeroIsNA" "zeroIsNA" "zeroIsNA" "zeroIsNA" "stepPreProcessingTMT" "stepPreProcessing" "profilingWorkflow" "profilingWrapper" "main" 
"callNextMethod" "methods:::loadMethod" "methods:::loadMethod" "coerce2" "doTryCatch" "tryCatchOne" "tryCatchList" "tryCatch" "try" ".wrap_in_length_one_list_like_object" ".replace_list_element" "setListElement" "setListElement" "[[<-" "[[<-" "zeroIsNA" "zeroIsNA" "stepPreProcessingTMT" "stepPreProcessing" "profilingWorkflow" "profilingWrapper" "main" 
"validObject" "initialize" "initialize" "new" ".findNextFromTable" "addNextMethod" "addNextMethod" "callNextMethod" "METHOD" "updateObject" "updateObject" "rowRanges" "rowRanges" "names" "names" "names" ".local" "rownames" "rownames" "dimnames" "dimnames" "dimnames" "f" "doTryCatch" "tryCatchOne" "tryCatchList" "tryCatch" "try" "standardGeneric" "%in%" "FUN" "vapply" ".getMethErr" ".testMethodsTable" "method" "validityMethod" "isTRUE" "anyStrings" "validObject" "initialize" "initialize" "new" "coerceToExperimentList" "asMethod" "as" ".nextMethod" "callNextMethod" "doTryCatch" "tryCatchOne" "tryCatchList" "tryCatch" "try" "coerce2" "coerce2" "doTryCatch" "tryCatchOne" "tryCatchList" "tryCatch" "try" ".wrap_in_length_one_list_like_object" ".replace_list_element" "setListElement" "setListElement" "[[<-" "[[<-" "zeroIsNA" "zeroIsNA" "stepPreProcessingTMT" "stepPreProcessing" "profilingWorkflow" "profilingWrapper" "main" 
"<Anonymous>" ".nextMethod" "callNextMethod" "updateObject" "updateObject" "METHOD" "updateObject" "updateObject" "rowRanges" "rowRanges" "names" "names" "names" ".local" "rownames" "rownames" "dimnames" "dimnames" "dimnames" "assays" "assays" "assay" "assay" ".zeroIsNA" "zeroIsNA" "zeroIsNA" "zeroIsNA" "zeroIsNA" "stepPreProcessingTMT" "stepPreProcessing" "profilingWorkflow" "profilingWrapper" "main" 
"callNextMethod" "parallel_slot_names" "parallel_slot_names" "slot" "standardGeneric" "NROW" "length" "length" "length" "NROW" "standardGeneric" "NROW" "NSBS" "NSBS" "normalizeSingleBracketSubscript" ".nextMethod" "eval" "eval" "callNextMethod" "[<-" "[<-" ".replace_list_element" "setListElement" "setListElement" "[[<-" "[[<-" "assay<-" "assay<-" ".zeroIsNA" "zeroIsNA" "zeroIsNA" "zeroIsNA" "zeroIsNA" "stepPreProcessingTMT" "stepPreProcessing" "profilingWorkflow" "profilingWrapper" "main" 
"[[" "f" "doTryCatch" "tryCatchOne" "tryCatchList" "tryCatch" "try" "standardGeneric" "%in%" "FUN" "vapply" ".getMethErr" ".testMethodsTable" "method" "validityMethod" "isTRUE" "anyStrings" "validObject" "initialize" "initialize" "new" "coerceToExperimentList" "asMethod" "as" ".nextMethod" "callNextMethod" "doTryCatch" "tryCatchOne" "tryCatchList" "tryCatch" "try" "coerce2" "coerce2" "doTryCatch" "tryCatchOne" "tryCatchList" "tryCatch" "try" ".wrap_in_length_one_list_like_object" ".replace_list_element" "setListElement" "setListElement" "[[<-" "[[<-" "zeroIsNA" "zeroIsNA" "stepPreProcessingTMT" "stepPreProcessing" "profilingWorkflow" "profilingWrapper" "main" 
"lapply" "prepare_objects_to_bind" "bindROWS" "bindROWS" "replaceROWS" "replaceROWS" "mergeROWS" "mergeROWS" ".nextMethod" "eval" "eval" "callNextMethod" "[<-" "[<-" ".replace_list_element" "setListElement" "setListElement" "[[<-" "[[<-" "zeroIsNA" "zeroIsNA" "stepPreProcessingTMT" "stepPreProcessing" "profilingWorkflow" "profilingWrapper" "main" 
".deparseOpts" "deparse" "mode" "%in%" "deparse" "value[[3]]" "tryCatchOne" "tryCatchList" "tryCatch" "try" ".nextMethod" "callNextMethod" "doTryCatch" "tryCatchOne" "tryCatchList" "tryCatch" "try" "coerce2" "coerce2" ".make_endoapply_ans" "endoapply" "assays" "assays" "assay" "assay" ".zeroIsNA" "zeroIsNA" "zeroIsNA" "zeroIsNA" "zeroIsNA" "stepPreProcessingTMT" "stepPreProcessing" "profilingWorkflow" "profilingWrapper" "main" 
"stopifnot" "is" "callNextMethod" "methods:::loadMethod" "methods:::loadMethod" "parallel_slot_names" "slot" "standardGeneric" "NROW" "seq_along" "seq_along" "replaceROWS" "replaceROWS" "replaceROWS" "mergeROWS" "mergeROWS" ".nextMethod" "eval" "eval" "callNextMethod" "[<-" "[<-" ".replace_list_element" "setListElement" "setListElement" "[[<-" "[[<-" "assay<-" "assay<-" ".zeroIsNA" "zeroIsNA" "zeroIsNA" "zeroIsNA" "zeroIsNA" "stepPreProcessingTMT" "stepPreProcessing" "profilingWorkflow" "profilingWrapper" "main" 
"match.call" "callNextMethod" "methods:::loadMethod" "methods:::loadMethod" "updateObject" ".nextMethod" "callNextMethod" "updateObject" "updateObject" "METHOD" "updateObject" "updateObject" "rowRanges" "rowRanges" "names" "names" "names" ".local" "rownames" "rownames" "dimnames" "dimnames" "dimnames" "f" "doTryCatch" "tryCatchOne" "tryCatchList" "tryCatch" "try" "standardGeneric" "%in%" "FUN" "vapply" ".getMethErr" ".testMethodsTable" "method" "validityMethod" "isTRUE" "anyStrings" "validObject" "initialize" "initialize" "new" "coerceToExperimentList" "asMethod" "as" ".nextMethod" "callNextMethod" "doTryCatch" "tryCatchOne" "tryCatchList" "tryCatch" "try" "coerce2" "coerce2" "doTryCatch" "tryCatchOne" "tryCatchList" "tryCatch" "try" ".wrap_in_length_one_list_like_object" ".replace_list_element" "setListElement" "setListElement" "[[<-" "[[<-" "zeroIsNA" "zeroIsNA" "stepPreProcessingTMT" "stepPreProcessing" "profilingWorkflow" "profilingWrapper" "main" 
"slot<-" "unsafe_replaceSlots" "<Anonymous>" "do.call" "do.call" "extractROWS" "extractROWS" "replaceROWS" "replaceROWS" "mergeROWS" "mergeROWS" ".nextMethod" "eval" "eval" "callNextMethod" "[<-" "[<-" ".replace_list_element" "setListElement" "setListElement" "[[<-" "[[<-" "zeroIsNA" "zeroIsNA" "stepPreProcessingTMT" "stepPreProcessing" "profilingWorkflow" "profilingWrapper" "main" 
"stopifnot" "is" ".selectClosestMethod1" "updateObject" "updateObject" "rowRanges" "rowRanges" "names" "names" "names" ".local" "rownames" "rownames" "dimnames" "dimnames" "dimnames" "assays" "assays" "assay<-" "assay<-" ".zeroIsNA" "zeroIsNA" "zeroIsNA" "zeroIsNA" "zeroIsNA" "stepPreProcessingTMT" "stepPreProcessing" "profilingWorkflow" "profilingWrapper" "main" 
"doTryCatch" "tryCatchOne" "tryCatchList" "tryCatch" "try" "validObject" "initialize" "initialize" "new" ".findNextFromTable" "addNextMethod" "addNextMethod" "callNextMethod" "METHOD" "updateObject" "updateObject" "rowRanges" "rowRanges" "names" "names" "names" ".local" "rownames" "rownames" "dimnames" "dimnames" "dimnames" "get_normalized_rownames_and_colnames" "assays_have_expected_dimnames" "assays<-" "assays<-" "assay<-" "assay<-" ".zeroIsNA" "zeroIsNA" "zeroIsNA" "zeroIsNA" "zeroIsNA" "stepPreProcessingTMT" "stepPreProcessing" "profilingWorkflow" "profilingWrapper" "main" 
".getClassesFromCache" "getClassDef" "validObject" "initialize" "initialize" "new" ".findNextFromTable" "addNextMethod" "addNextMethod" "callNextMethod" "METHOD" "updateObject" "updateObject" "rowRanges" "rowRanges" "names" "names" "names" ".local" "rownames" "rownames" "dimnames" "dimnames" "dimnames" "f" "doTryCatch" "tryCatchOne" "tryCatchList" "tryCatch" "try" "standardGeneric" "%in%" "FUN" "vapply" ".getMethErr" ".testMethodsTable" "method" "validityMethod" "isTRUE" "anyStrings" "validObject" "initialize" "initialize" "new" "coerceToExperimentList" "asMethod" "as" ".nextMethod" "callNextMethod" "doTryCatch" "tryCatchOne" "tryCatchList" "tryCatch" "try" "coerce2" "coerce2" "doTryCatch" "tryCatchOne" "tryCatchList" "tryCatch" "try" ".wrap_in_length_one_list_like_object" ".replace_list_element" "setListElement" "setListElement" "[[<-" "[[<-" "zeroIsNA" "zeroIsNA" "stepPreProcessingTMT" "stepPreProcessing" "profilingWorkflow" "profilingWrapper" "main" 
"methodsPackageMetaName" "classMetaName" "getClassDef" "FUN" "lapply" "sapply" "sapply" "standardGeneric" "which" "listClassName" "coerceToSimpleList" "asMethod" "as" ".nextMethod" "callNextMethod" "doTryCatch" "tryCatchOne" "tryCatchList" "tryCatch" "try" "coerce2" "coerce2" ".make_endoapply_ans" "endoapply" "assays" "assays" "assay" "assay" ".zeroIsNA" "zeroIsNA" "zeroIsNA" "zeroIsNA" "zeroIsNA" "stepPreProcessingTMT" "stepPreProcessing" "profilingWorkflow" "profilingWrapper" "main" 
"slot" "standardGeneric" "NROW" "length" "length" "length" ".nextMethod" "callNextMethod" "doTryCatch" "tryCatchOne" "tryCatchList" "tryCatch" "try" "coerce2" "coerce2" ".make_endoapply_ans" "endoapply" "assays" "assays" "assay<-" "assay<-" ".zeroIsNA" "zeroIsNA" "zeroIsNA" "zeroIsNA" "zeroIsNA" "stepPreProcessingTMT" "stepPreProcessing" "profilingWorkflow" "profilingWrapper" "main" 
"coerceToSimpleList" "asMethod" "as" "coerceToExperimentList" "asMethod" "as" ".nextMethod" "callNextMethod" "doTryCatch" "tryCatchOne" "tryCatchList" "tryCatch" "try" "coerce2" "coerce2" "doTryCatch" "tryCatchOne" "tryCatchList" "tryCatch" "try" ".wrap_in_length_one_list_like_object" ".replace_list_element" "setListElement" "setListElement" "[[<-" "[[<-" "zeroIsNA" "zeroIsNA" "stepPreProcessingTMT" "stepPreProcessing" "profilingWorkflow" "profilingWrapper" "main" 
"paste" ".findInheritedMethods" "selectMethod" ".selectClosestMethod1" "names" "names" "names" "names" "names" "names" ".local" "rownames" "rownames" "dimnames" "dimnames" "dimnames" "f" "doTryCatch" "tryCatchOne" "tryCatchList" "tryCatch" "try" "standardGeneric" "%in%" "FUN" "vapply" ".getMethErr" ".testMethodsTable" "method" "validityMethod" "isTRUE" "anyStrings" "validObject" "initialize" "initialize" "new" "coerceToExperimentList" "asMethod" "as" ".nextMethod" "callNextMethod" "doTryCatch" "tryCatchOne" "tryCatchList" "tryCatch" "try" "coerce2" "coerce2" "doTryCatch" "tryCatchOne" "tryCatchList" "tryCatch" "try" ".wrap_in_length_one_list_like_object" ".replace_list_element" "setListElement" "setListElement" "[[<-" "[[<-" "zeroIsNA" "zeroIsNA" "stepPreProcessingTMT" "stepPreProcessing" "profilingWorkflow" "profilingWrapper" "main" 
"initialize" "new" ".findNextFromTable" "addNextMethod" "addNextMethod" "callNextMethod" "METHOD" "updateObject" "updateObject" "rowRanges" "rowRanges" "names" "names" "names" ".local" "rownames" "rownames" "dimnames" "dimnames" "dimnames" "assays" "assays" "assay" "assay" ".zeroIsNA" "zeroIsNA" "zeroIsNA" "zeroIsNA" "zeroIsNA" "stepPreProcessingTMT" "stepPreProcessing" "profilingWorkflow" "profilingWrapper" "main" 
"FUN" "lapply" "lapply" "lapply" "lapply" "endoapply" "assays" "assays" "assay<-" "assay<-" ".zeroIsNA" "zeroIsNA" "zeroIsNA" "zeroIsNA" "zeroIsNA" "stepPreProcessingTMT" "stepPreProcessing" "profilingWorkflow" "profilingWrapper" "main" 
"callNextMethod" "parallel_slot_names" "parallel_slot_names" "slot" "standardGeneric" "NROW" "length" "length" "length" "eval" "eval" "callGeneric" "length" "length" "length" "dim" "dim" "dim" "doTryCatch" "tryCatchOne" "tryCatchList" "tryCatch" "try" "method" "validityMethod" "isTRUE" "anyStrings" "validObject" "Assays" "assays<-" "assays<-" "assay<-" "assay<-" ".zeroIsNA" "zeroIsNA" "zeroIsNA" "zeroIsNA" "zeroIsNA" "stepPreProcessingTMT" "stepPreProcessing" "profilingWorkflow" "profilingWrapper" "main" 
"assign" ".nextMethod" "callNextMethod" "methods:::loadMethod" "methods:::loadMethod" "updateObject" "updateObject" "updateObject" "rowRanges" "rowRanges" "names" "names" "names" ".local" "rownames" "rownames" "dimnames" "dimnames" "dimnames" "f" "doTryCatch" "tryCatchOne" "tryCatchList" "tryCatch" "try" "standardGeneric" "%in%" "FUN" "vapply" ".getMethErr" ".testMethodsTable" "method" "validityMethod" "isTRUE" "anyStrings" "validObject" "initialize" "initialize" "new" "coerceToExperimentList" "asMethod" "as" ".nextMethod" "callNextMethod" "doTryCatch" "tryCatchOne" "tryCatchList" "tryCatch" "try" "coerce2" "coerce2" "doTryCatch" "tryCatchOne" "tryCatchList" "tryCatch" "try" ".wrap_in_length_one_list_like_object" ".replace_list_element" "setListElement" "setListElement" "[[<-" "[[<-" "zeroIsNA" "zeroIsNA" "stepPreProcessingTMT" "stepPreProcessing" "profilingWorkflow" "profilingWrapper" "main" 
"callNextMethod" "methods:::loadMethod" "methods:::loadMethod" "parallel_slot_names" "slot" "standardGeneric" "NROW" "length" "length" "length" ".nextMethod" "callNextMethod" "doTryCatch" "tryCatchOne" "tryCatchList" "tryCatch" "try" "coerce2" "coerce2" ".make_endoapply_ans" "endoapply" "assays" "assays" "assay" "assay" ".zeroIsNA" "zeroIsNA" "zeroIsNA" "zeroIsNA" "zeroIsNA" "stepPreProcessingTMT" "stepPreProcessing" "profilingWorkflow" "profilingWrapper" "main" 
"callNextMethod" "doTryCatch" "tryCatchOne" "tryCatchList" "tryCatch" "try" "coerce2" "coerce2" "doTryCatch" "tryCatchOne" "tryCatchList" "tryCatch" "try" ".wrap_in_length_one_list_like_object" ".replace_list_element" "setListElement" "setListElement" "[[<-" "[[<-" "assay<-" "assay<-" ".zeroIsNA" "zeroIsNA" "zeroIsNA" "zeroIsNA" "zeroIsNA" "stepPreProcessingTMT" "stepPreProcessing" "profilingWorkflow" "profilingWrapper" "main" 
"get0" "getClassDef" "FUN" "lapply" "sapply" "sapply" "standardGeneric" "which" "listClassName" "coerceToSimpleList" "asMethod" "as" "coerceToExperimentList" "asMethod" "as" ".nextMethod" "callNextMethod" "doTryCatch" "tryCatchOne" "tryCatchList" "tryCatch" "try" "coerce2" "coerce2" "doTryCatch" "tryCatchOne" "tryCatchList" "tryCatch" "try" ".wrap_in_length_one_list_like_object" ".replace_list_element" "setListElement" "setListElement" "[[<-" "[[<-" "zeroIsNA" "zeroIsNA" "stepPreProcessingTMT" "stepPreProcessing" "profilingWorkflow" "profilingWrapper" "main" 
"updateObject" ".nextMethod" "eval" "eval" "callNextMethod" ".local" "colData" "colData" "rownames" ".local" "colnames" "colnames" "dimnames" "dimnames" "dimnames" "f" "doTryCatch" "tryCatchOne" "tryCatchList" "tryCatch" "try" "standardGeneric" "%in%" "FUN" "vapply" ".getMethErr" ".testMethodsTable" "method" "validityMethod" "isTRUE" "anyStrings" "validObject" "initialize" "initialize" "new" "coerceToExperimentList" "asMethod" "as" ".nextMethod" "callNextMethod" "doTryCatch" "tryCatchOne" "tryCatchList" "tryCatch" "try" "coerce2" "coerce2" "doTryCatch" "tryCatchOne" "tryCatchList" "tryCatch" "try" ".wrap_in_length_one_list_like_object" ".replace_list_element" "setListElement" "setListElement" "[[<-" "[[<-" "zeroIsNA" "zeroIsNA" "stepPreProcessingTMT" "stepPreProcessing" "profilingWorkflow" "profilingWrapper" "main" 
"checkSlotAssignment" "methods::slot<-" "asMethod" "as" ".valid.SummarizedExperiment.assays_nrow" ".valid.SummarizedExperiment.assays_dim" "method" "validityMethod" "isTRUE" "anyStrings" "FUN" "lapply" "lapply" "lapply" "lapply" "sapply" "sapply" ".checkAssaysToInsert" "replaceAssay" "zeroIsNA" "zeroIsNA" "stepPreProcessingTMT" "stepPreProcessing" "profilingWorkflow" "profilingWrapper" "main" 
"colData" "standardGeneric" "nrow" ".valid.SummarizedExperiment.assays_ncol" ".valid.SummarizedExperiment.assays_dim" "method" "validityMethod" "isTRUE" "anyStrings" "FUN" "lapply" "lapply" "lapply" "lapply" "sapply" "sapply" ".checkAssaysToInsert" "replaceAssay" "zeroIsNA" "zeroIsNA" "stepPreProcessingTMT" "stepPreProcessing" "profilingWorkflow" "profilingWrapper" "main" 
"methods:::loadMethod" "methods:::loadMethod" "updateObject" ".nextMethod" "eval" "eval" "callNextMethod" ".local" "colData" "colData" "standardGeneric" "nrow" "ncol" "standardGeneric" "ncol" "method" "validityMethod" "isTRUE" "anyStrings" "FUN" "lapply" "lapply" "lapply" "lapply" "sapply" "sapply" ".checkAssaysToInsert" "replaceAssay" "zeroIsNA" "zeroIsNA" "stepPreProcessingTMT" "stepPreProcessing" "profilingWorkflow" "profilingWrapper" "main" 
"updateObject" ".nextMethod" "callNextMethod" "updateObject" "updateObject" ".nextMethod" "callNextMethod" "updateObject" "updateObject" "updateObject" "updateObject" "rowRanges" "rowRanges" "names" "names" "names" ".local" "rownames" "rownames" "duplicated" "FUN" "lapply" "lapply" "lapply" "lapply" "sapply" "sapply" ".checkAssaysToInsert" "replaceAssay" "zeroIsNA" "zeroIsNA" "stepPreProcessingTMT" "stepPreProcessing" "profilingWorkflow" "profilingWrapper" "main" 
"METHOD" "updateObject" "updateObject" "rowRanges" "rowRanges" "names" "names" "names" ".local" "rownames" "rownames" "duplicated" "FUN" "lapply" "lapply" "lapply" "lapply" "sapply" "sapply" ".checkAssaysToInsert" "replaceAssay" "zeroIsNA" "zeroIsNA" "stepPreProcessingTMT" "stepPreProcessing" "profilingWorkflow" "profilingWrapper" "main" 
"rev" "initialize" "initialize" "new" ".findNextFromTable" "addNextMethod" "addNextMethod" "callNextMethod" "METHOD" "updateObject" "updateObject" "rowRanges" "rowRanges" "names" "names" "names" ".local" "rownames" "rownames" "duplicated" "FUN" "lapply" "lapply" "lapply" "lapply" "sapply" "sapply" ".checkAssaysToInsert" "replaceAssay" "zeroIsNA" "zeroIsNA" "stepPreProcessingTMT" "stepPreProcessing" "profilingWorkflow" "profilingWrapper" "main" 
"assign" ".nextMethod" "callNextMethod" "methods:::loadMethod" "methods:::loadMethod" "updateObject" "updateObject" "updateObject" "rowRanges" "rowRanges" "names" "names" "names" ".local" "rownames" "rownames" "dimnames" "dimnames" "dimnames" "FUN" "lapply" "lapply" "lapply" "lapply" ".class1" "as" "dimnames" "dimnames" "dimnames" "dimnames" "dimnames" "dimnames" "%||%" "colnames" "colnames" ".updateColDataFromAssays" "replaceAssay" "zeroIsNA" "zeroIsNA" "stepPreProcessingTMT" "stepPreProcessing" "profilingWorkflow" "profilingWrapper" "main" 
"possibleExtends" "<Anonymous>" ".nextMethod" "callNextMethod" "updateObject" "updateObject" "METHOD" "updateObject" "updateObject" "rowRanges" "rowRanges" "names" "names" "names" ".local" "rownames" "rownames" "dimnames" "dimnames" "dimnames" "FUN" "lapply" "lapply" "lapply" "lapply" ".class1" "as" "dimnames" "dimnames" "dimnames" "dimnames" "dimnames" "dimnames" "%||%" "colnames" "colnames" ".updateColDataFromAssays" "replaceAssay" "zeroIsNA" "zeroIsNA" "stepPreProcessingTMT" "stepPreProcessing" "profilingWorkflow" "profilingWrapper" "main" 
".identC" "extends" "relist" "standardGeneric" "relist" ".coerceToList" "asMethod" "as" "dimnames" "dimnames" "dimnames" "dimnames" "dimnames" "dimnames" "%||%" "colnames" "colnames" ".updateColDataFromAssays" "replaceAssay" "zeroIsNA" "zeroIsNA" "stepPreProcessingTMT" "stepPreProcessing" "profilingWorkflow" "profilingWrapper" "main" 
"callNextMethod" "updateObject" "updateObject" "names<-" "names<-" "names<-" "names<-" "names<-" ".coerceToList" "asMethod" "as" "dimnames" "dimnames" "dimnames" "dimnames" "dimnames" "dimnames" "%||%" "colnames" "colnames" ".updateColDataFromAssays" "replaceAssay" "zeroIsNA" "zeroIsNA" "stepPreProcessingTMT" "stepPreProcessing" "profilingWorkflow" "profilingWrapper" "main" 
"callNextMethod" "updateObject" "updateObject" "names<-" "names<-" "names<-" "names<-" "names<-" ".coerceToList" "asMethod" "as" "dimnames" "dimnames" "dimnames" "dimnames" "dimnames" "dimnames" "%||%" "colnames" "colnames" ".updateColDataFromAssays" "replaceAssay" "zeroIsNA" "zeroIsNA" "stepPreProcessingTMT" "stepPreProcessing" "profilingWorkflow" "profilingWrapper" "main" 
".getGeneric" "getGeneric" "as<-" "initialize" "initialize" "new" ".findNextFromTable" "addNextMethod" "addNextMethod" "callNextMethod" "METHOD" "updateObject" "updateObject" "rowRanges" "rowRanges" "names" "names" "names" ".local" "rownames" "rownames" "dimnames" "dimnames" "dimnames" "FUN" "lapply" "lapply" "lapply" "lapply" ".class1" "as" "dimnames" "dimnames" "dimnames" "dimnames" "dimnames" "dimnames" "%||%" "colnames" "colnames" ".updateColDataFromAssays" "replaceAssay" "zeroIsNA" "zeroIsNA" "stepPreProcessingTMT" "stepPreProcessing" "profilingWorkflow" "profilingWrapper" "main" 
"callNextMethod" "methods:::loadMethod" "methods:::loadMethod" "updateObject" "METHOD" "updateObject" "updateObject" "rowRanges" "rowRanges" "names" "names" "names" ".local" "rownames" "rownames" "dimnames" "dimnames" "dimnames" "FUN" "lapply" "lapply" "lapply" "lapply" ".class1" "as" "dimnames" "dimnames" "dimnames" "dimnames" "dimnames" "dimnames" "%||%" "colnames" "colnames" ".updateColDataFromAssays" "replaceAssay" "zeroIsNA" "zeroIsNA" "stepPreProcessingTMT" "stepPreProcessing" "profilingWorkflow" "profilingWrapper" "main" 
".identC" "FUN" "lapply" "sapply" "sapply" "standardGeneric" "which" "listClassName" ".selectListClassName" "relistToClass" "relistToClass" "relist" "standardGeneric" "relist" ".coerceToList" "asMethod" "as" "dimnames" "dimnames" "dimnames" "dimnames" "dimnames" "dimnames" "%||%" "colnames" "colnames" ".updateColDataFromAssays" "replaceAssay" "zeroIsNA" "zeroIsNA" "stepPreProcessingTMT" "stepPreProcessing" "profilingWorkflow" "profilingWrapper" "main" 
"tryCatch" "try" "elementNROWS" "elementNROWS" "PartitioningByEnd" ".coerceToList" "asMethod" "as" "coerce2" "coerce2" "doTryCatch" "tryCatchOne" "tryCatchList" "tryCatch" "try" ".wrap_in_length_one_list_like_object" ".replace_list_element" "setListElement" "setListElement" "[[<-" "[[<-" ".updateColDataFromAssays" "replaceAssay" "zeroIsNA" "zeroIsNA" "stepPreProcessingTMT" "stepPreProcessing" "profilingWorkflow" "profilingWrapper" "main" 
"environment" "doTryCatch" "tryCatchOne" "tryCatchList" "tryCatch" "try" "validObject" "initialize" "initialize" "new" "new2" "NativeNSBS" "NSBS" "NSBS" "normalizeSingleBracketSubscript" "mergeROWS" "mergeROWS" ".nextMethod" "eval" "eval" "callNextMethod" "[<-" "[<-" ".replace_list_element" "setListElement" "setListElement" "[[<-" "[[<-" ".updateColDataFromAssays" "replaceAssay" "zeroIsNA" "zeroIsNA" "stepPreProcessingTMT" "stepPreProcessing" "profilingWorkflow" "profilingWrapper" "main" 
"S4Vectors:::anyMissingOrOutside" ".numeric2end" "PartitioningByEnd" "bindROWS" "bindROWS" "replaceROWS" "replaceROWS" "mergeROWS" "mergeROWS" ".nextMethod" "eval" "eval" "callNextMethod" "[<-" "[<-" ".replace_list_element" "setListElement" "setListElement" "[[<-" "[[<-" ".updateColDataFromAssays" "replaceAssay" "zeroIsNA" "zeroIsNA" "stepPreProcessingTMT" "stepPreProcessing" "profilingWorkflow" "profilingWrapper" "main" 
"lapply" "lapply" "combine_mcols" ".nextMethod" "eval" "eval" "callNextMethod" "bindROWS" "bindROWS" "replaceROWS" "replaceROWS" "mergeROWS" "mergeROWS" ".nextMethod" "eval" "eval" "callNextMethod" "[<-" "[<-" ".replace_list_element" "setListElement" "setListElement" "[[<-" "[[<-" ".updateColDataFromAssays" "replaceAssay" "zeroIsNA" "zeroIsNA" "stepPreProcessingTMT" "stepPreProcessing" "profilingWorkflow" "profilingWrapper" "main" 
"disableValidity" "new2" "PartitioningByEnd" "bindROWS" "bindROWS" "replaceROWS" "replaceROWS" "mergeROWS" "mergeROWS" ".nextMethod" "eval" "eval" "callNextMethod" "[<-" "[<-" ".replace_list_element" "setListElement" "setListElement" "[[<-" "[[<-" ".updateColDataFromAssays" "replaceAssay" "zeroIsNA" "zeroIsNA" "stepPreProcessingTMT" "stepPreProcessing" "profilingWorkflow" "profilingWrapper" "main" 
"updateObject" ".nextMethod" "callNextMethod" "updateObject" "updateObject" "names<-" "names<-" "names<-" "names<-" "names<-" ".coerceToList" "asMethod" "as" "coerce2" "coerce2" "doTryCatch" "tryCatchOne" "tryCatchList" "tryCatch" "try" ".wrap_in_length_one_list_like_object" ".replace_list_element" "setListElement" "setListElement" "[[<-" "[[<-" ".updateColDataFromAssays" "replaceAssay" "zeroIsNA" "zeroIsNA" "stepPreProcessingTMT" "stepPreProcessing" "profilingWorkflow" "profilingWrapper" "main" 
"topenv" "getClassDef" "FUN" "lapply" "sapply" "sapply" "standardGeneric" "which" "S4Vectors:::listClassName" "...elt" "stopifnot" "is" ".coerceToList" "asMethod" "as" "coerce2" "coerce2" "doTryCatch" "tryCatchOne" "tryCatchList" "tryCatch" "try" ".wrap_in_length_one_list_like_object" ".replace_list_element" "setListElement" "setListElement" "[[<-" "[[<-" ".updateColDataFromAssays" "replaceAssay" "zeroIsNA" "zeroIsNA" "stepPreProcessingTMT" "stepPreProcessing" "profilingWorkflow" "profilingWrapper" "main" 
"possibleExtends" "<Anonymous>" ".nextMethod" "callNextMethod" "updateObject" "updateObject" ".nextMethod" "eval" "eval" "callNextMethod" ".local" "colData" "colData" "rownames" "setdiff" ".transferData" ".updateColDataFromAssays" "replaceAssay" "zeroIsNA" "zeroIsNA" "stepPreProcessingTMT" "stepPreProcessing" "profilingWorkflow" "profilingWrapper" "main" 
"setPackageSlot" "extends" ".inheritedArgsExpression" ".findInheritedMethods" "selectMethod" ".nextMethod" "callNextMethod" "[[" "[[" "MultiAssayExperiment:::.sampleMapFromData" "replaceAssay" "zeroIsNA" "zeroIsNA" "stepPreProcessingTMT" "stepPreProcessing" "profilingWorkflow" "profilingWrapper" "main" 
"sort.int" "sort.default" "sort" "sort" "replaceAssay" "zeroIsNA" "zeroIsNA" "stepPreProcessingTMT" "stepPreProcessing" "profilingWorkflow" "profilingWrapper" "main" 
".findInheritedMethods" "selectMethod" ".selectClosestMethod1" "updateObject" "updateObject" "rowRanges" "rowRanges" "names" "names" "names" ".local" "rownames" "rownames" "sort" "replaceAssay" "zeroIsNA" "zeroIsNA" "stepPreProcessingTMT" "stepPreProcessing" "profilingWorkflow" "profilingWrapper" "main" 
"FUN" "vapply" ".eligibleSuperClasses" ".findInheritedMethods" ".findNextFromTable" "addNextMethod" "addNextMethod" "callNextMethod" "METHOD" "updateObject" "updateObject" "rowRanges" "rowRanges" "names" "names" "names" ".local" "rownames" "rownames" "sort" "replaceAssay" "zeroIsNA" "zeroIsNA" "stepPreProcessingTMT" "stepPreProcessing" "profilingWorkflow" "profilingWrapper" "main" 
"sort.int" "sort.default" "sort" "sort" "replaceAssay" "zeroIsNA" "zeroIsNA" "stepPreProcessingTMT" "stepPreProcessing" "profilingWorkflow" "profilingWrapper" "main" 
"as.name" "callNextMethod" "methods:::loadMethod" "methods:::loadMethod" "updateObject" "METHOD" "updateObject" "updateObject" "rowRanges" "rowRanges" "names" "names" "names" ".local" "rownames" "rownames" "sort" "replaceAssay" "zeroIsNA" "zeroIsNA" "stepPreProcessingTMT" "stepPreProcessing" "profilingWorkflow" "profilingWrapper" "main" 
"is" "callNextMethod" "methods:::loadMethod" "methods:::loadMethod" "updateObject" ".nextMethod" "callNextMethod" "METHOD" "updateObject" "updateObject" "rowRanges" "rowRanges" "mcols" "mcols" "mcols" "FUN" "lapply" "lapply" "lapply" "lapply" "List" "rowData" "rowData" "colnames" "sapply" ".checkFilterVariables" "filterFeaturesWithFormula" ".local" "filterFeatures" "filterFeatures" "withCallingHandlers" "suppressMessages" ".filterPSMTMT" "stepPreProcessingTMT" "stepPreProcessing" "profilingWorkflow" "profilingWrapper" "main" 
".matchSigLength" ".cacheMethodInTable" "cacheMethod" "callNextMethod" "METHOD" "updateObject" "updateObject" "rowRanges" "rowRanges" "mcols" "mcols" "mcols" "FUN" "lapply" "lapply" "lapply" "lapply" "List" "rowData" "rowData" "colnames" "sapply" ".checkFilterVariables" "filterFeaturesWithFormula" ".local" "filterFeatures" "filterFeatures" "withCallingHandlers" "suppressMessages" ".filterPSMTMT" "stepPreProcessingTMT" "stepPreProcessing" "profilingWorkflow" "profilingWrapper" "main" 
".sigLabel" ".findMethodInTable" "selectMethod" ".selectClosestMethod1" "updateObject" "updateObject" "rowRanges" "rowRanges" "mcols" "mcols" "mcols" ".nextMethod" "eval" "eval" "callNextMethod" ".local" "rowData" "rowData" "FUN" "lapply" "lapply" "lapply" "lapply" "filterFeaturesWithFormula" ".local" "filterFeatures" "filterFeatures" "withCallingHandlers" "suppressMessages" ".filterPSMTMT" "stepPreProcessingTMT" "stepPreProcessing" "profilingWorkflow" "profilingWrapper" "main" 
"structure" "asS4" ".asS4" ".newSignature" ".findInheritedMethods" ".findNextFromTable" "addNextMethod" "addNextMethod" "callNextMethod" "METHOD" "updateObject" "updateObject" "rowRanges" "rowRanges" "mcols" "mcols" "mcols" ".nextMethod" "eval" "eval" "callNextMethod" ".local" "rowData" "rowData" "FUN" "lapply" "lapply" "lapply" "lapply" "filterFeaturesWithFormula" ".local" "filterFeatures" "filterFeatures" "withCallingHandlers" "suppressMessages" ".filterPSMTMT" "stepPreProcessingTMT" "stepPreProcessing" "profilingWorkflow" "profilingWrapper" "main" 
".requirePackage" ".classDefEnv" "getClassDef" "is" "rownames<-" "standardGeneric" "rownames<-" ".local" "elementMetadata" "elementMetadata" "mcols" "mcols" "mcols" "mcols" ".nextMethod" "eval" "eval" "callNextMethod" ".local" "rowData" "rowData" "FUN" "lapply" "lapply" "lapply" "lapply" "filterFeaturesWithFormula" ".local" "filterFeatures" "filterFeatures" "withCallingHandlers" "suppressMessages" ".filterPSMTMT" "stepPreProcessingTMT" "stepPreProcessing" "profilingWorkflow" "profilingWrapper" "main" 
".getClassesFromCache" "getClassDef" "is" "callNextMethod" "methods:::loadMethod" "methods:::loadMethod" "parallel_slot_names" "slot" "standardGeneric" "NROW" "length" "length" "length" ".nextMethod" "callNextMethod" "doTryCatch" "tryCatchOne" "tryCatchList" "tryCatch" "try" "coerce2" "coerce2" ".make_endoapply_ans" "endoapply" "updateObject" "updateObject" ".nextMethod" "callNextMethod" ".nextMethod" "callNextMethod" "updateObject" "updateObject" "[" "[" "<Anonymous>" "mapply" "eval" "eval" "eval" "standardGeneric" "mapply" "mendoapply" ".subsetROWS" ".local" "subsetByRow" "subsetByRow" "subsetByRow" "subsetByRow" ".local" ".nextMethod" "eval" "eval" "callNextMethod" "[" "[" "filterFeaturesWithFormula" ".local" "filterFeatures" "filterFeatures" "withCallingHandlers" "suppressMessages" ".filterPSMTMT" "stepPreProcessingTMT" "stepPreProcessing" "profilingWorkflow" "profilingWrapper" "main" 
"colnames" "%in%" "method" "validityMethod" "isTRUE" "anyStrings" "validObject" "updateObject" "[" "[" "<Anonymous>" "mapply" "eval" "eval" "eval" "standardGeneric" "mapply" "mendoapply" ".subsetROWS" ".local" "subsetByRow" "subsetByRow" "subsetByRow" "subsetByRow" ".local" ".nextMethod" "eval" "eval" "callNextMethod" "[" "[" "filterFeaturesWithFormula" ".local" "filterFeatures" "filterFeatures" "withCallingHandlers" "suppressMessages" ".filterPSMTMT" "stepPreProcessingTMT" "stepPreProcessing" "profilingWorkflow" "profilingWrapper" "main" 
"%in%" "simplify2array" "sapply" "sapply" "new_SimpleList_from_list" "coerceToSimpleList" "asMethod" "as" ".nextMethod" "callNextMethod" "doTryCatch" "tryCatchOne" "tryCatchList" "tryCatch" "try" "coerce2" "coerce2" ".make_endoapply_ans" "endoapply" ".class1" "as" ".extract_Assays_subset" "[" "[" ".nextMethod" "callNextMethod" "[" "[" "<Anonymous>" "mapply" "eval" "eval" "eval" "standardGeneric" "mapply" "mendoapply" ".subsetROWS" ".local" "subsetByRow" "subsetByRow" "subsetByRow" "subsetByRow" ".local" ".nextMethod" "eval" "eval" "callNextMethod" "[" "[" "filterFeaturesWithFormula" ".local" "filterFeatures" "filterFeatures" "withCallingHandlers" "suppressMessages" ".filterPSMTMT" "stepPreProcessingTMT" "stepPreProcessing" "profilingWorkflow" "profilingWrapper" "main" 
"getClassDef" "extends" ".inheritedArgsExpression" ".findInheritedMethods" "selectMethod" ".selectClosestMethod1" "updateObject" "updateObject" ".nextMethod" "callNextMethod" "updateObject" "updateObject" "[" "[" "<Anonymous>" "mapply" "eval" "eval" "eval" "standardGeneric" "mapply" "mendoapply" ".subsetROWS" ".local" "subsetByRow" "subsetByRow" "subsetByRow" "subsetByRow" ".local" ".nextMethod" "eval" "eval" "callNextMethod" "[" "[" "filterFeaturesWithFormula" ".local" "filterFeatures" "filterFeatures" "withCallingHandlers" "suppressMessages" ".filterPSMTMT" "stepPreProcessingTMT" "stepPreProcessing" "profilingWorkflow" "profilingWrapper" "main" 
"parallel_slot_names" "extractROWS" "extractROWS" "METHOD" "extractROWS" "extractROWS" "subset_along_ROWS" ".nextMethod" "eval" "eval" "callNextMethod" "[" "[" ".nextMethod" "callNextMethod" "[" "[" "<Anonymous>" "mapply" "eval" "eval" "eval" "standardGeneric" "mapply" "mendoapply" ".subsetROWS" ".local" "subsetByRow" "subsetByRow" "subsetByRow" "subsetByRow" ".local" ".nextMethod" "eval" "eval" "callNextMethod" "[" "[" "filterFeaturesWithFormula" ".local" "filterFeatures" "filterFeatures" "withCallingHandlers" "suppressMessages" ".filterPSMTMT" "stepPreProcessingTMT" "stepPreProcessing" "profilingWorkflow" "profilingWrapper" "main" 
".nextMethod" "callNextMethod" "updateObject" "updateObject" ".nextMethod" "callNextMethod" "METHOD" "updateObject" "updateObject" "rowRanges" "rowRanges" "names" "names" "names" ".local" "rownames" "rownames" "<Anonymous>" "mapply" "eval" "eval" "eval" "standardGeneric" "mapply" "mendoapply" ".subsetROWS" ".local" "subsetByRow" "subsetByRow" "subsetByRow" "subsetByRow" ".local" ".nextMethod" "eval" "eval" "callNextMethod" "[" "[" "filterFeaturesWithFormula" ".local" "filterFeatures" "filterFeatures" "withCallingHandlers" "suppressMessages" ".filterPSMTMT" "stepPreProcessingTMT" "stepPreProcessing" "profilingWorkflow" "profilingWrapper" "main" 
"getClassDef" "validObject" "updateObject" ".nextMethod" "callNextMethod" "METHOD" "updateObject" "updateObject" ".nextMethod" "callNextMethod" "updateObject" "updateObject" "[" "[" "<Anonymous>" "mapply" "eval" "eval" "eval" "standardGeneric" "mapply" "mendoapply" ".subsetROWS" ".local" "subsetByRow" "subsetByRow" "subsetByRow" "subsetByRow" ".local" ".nextMethod" "eval" "eval" "callNextMethod" "[" "[" "filterFeaturesWithFormula" ".local" "filterFeatures" "filterFeatures" "withCallingHandlers" "suppressMessages" ".filterPSMTMT" "stepPreProcessingTMT" "stepPreProcessing" "profilingWorkflow" "profilingWrapper" "main" 
"callNextMethod" "updateObject" "updateObject" "extractROWS" "extractROWS" "METHOD" "extractROWS" "extractROWS" "subset_along_ROWS" ".nextMethod" "eval" "eval" "callNextMethod" "[" "[" ".nextMethod" "callNextMethod" "[" "[" "<Anonymous>" "mapply" "eval" "eval" "eval" "standardGeneric" "mapply" "mendoapply" ".subsetROWS" ".local" "subsetByRow" "subsetByRow" "subsetByRow" "subsetByRow" ".local" ".nextMethod" "eval" "eval" "callNextMethod" "[" "[" "filterFeaturesWithFormula" ".local" "filterFeatures" "filterFeatures" "withCallingHandlers" "suppressMessages" ".filterPSMTMT" "stepPreProcessingTMT" "stepPreProcessing" "profilingWorkflow" "profilingWrapper" "main" 
"assign" "callNextMethod" "updateObject" "updateObject" "updateObject" "updateObject" "[" "[" "<Anonymous>" "mapply" "eval" "eval" "eval" "standardGeneric" "mapply" "mendoapply" ".subsetROWS" ".local" "subsetByRow" "subsetByRow" "subsetByRow" "subsetByRow" ".local" ".nextMethod" "eval" "eval" "callNextMethod" "[" "[" "filterFeaturesWithFormula" ".local" "filterFeatures" "filterFeatures" "withCallingHandlers" "suppressMessages" ".filterPSMTMT" "stepPreProcessingTMT" "stepPreProcessing" "profilingWorkflow" "profilingWrapper" "main" 
"is" ".findMethodInTable" ".quickCoerceSelect" "as" "checkSlotAssignment" "methods::slot<-" "asMethod" "as" ".validate_Vector_length" "method" "validityMethod" "isTRUE" "anyStrings" "validObject" "updateObject" "[" "[" "<Anonymous>" "mapply" "eval" "eval" "eval" "standardGeneric" "mapply" "mendoapply" ".subsetROWS" ".local" "subsetByRow" "subsetByRow" "subsetByRow" "subsetByRow" ".local" ".nextMethod" "eval" "eval" "callNextMethod" "[" "[" "filterFeaturesWithFormula" ".local" "filterFeatures" "filterFeatures" "withCallingHandlers" "suppressMessages" ".filterPSMTMT" "stepPreProcessingTMT" "stepPreProcessing" "profilingWorkflow" "profilingWrapper" "main" 
"paste" ".sigLabel" ".findMethodInTable" ".quickCoerceSelect" "as" "initialize" "initialize" "new" "new2" "METHOD" "extractROWS" "extractROWS" "subset_along_ROWS" ".nextMethod" "eval" "eval" "callNextMethod" "[" "[" ".nextMethod" "callNextMethod" "[" "[" "<Anonymous>" "mapply" "eval" "eval" "eval" "standardGeneric" "mapply" "mendoapply" ".subsetROWS" ".local" "subsetByRow" "subsetByRow" "subsetByRow" "subsetByRow" ".local" ".nextMethod" "eval" "eval" "callNextMethod" "[" "[" "filterFeaturesWithFormula" ".local" "filterFeatures" "filterFeatures" "withCallingHandlers" "suppressMessages" ".filterPSMTMT" "stepPreProcessingTMT" "stepPreProcessing" "profilingWorkflow" "profilingWrapper" "main" 
".findInheritedMethods" "selectMethod" ".selectClosestMethod1" "names" "names" "names" "names" "names" "names" ".local" "rownames" "rownames" "<Anonymous>" "mapply" "eval" "eval" "eval" "standardGeneric" "mapply" "mendoapply" ".subsetROWS" ".local" "subsetByRow" "subsetByRow" "subsetByRow" "subsetByRow" ".local" ".nextMethod" "eval" "eval" "callNextMethod" "[" "[" "filterFeaturesWithFormula" ".local" "filterFeatures" "filterFeatures" "withCallingHandlers" "suppressMessages" ".filterPSMTMT" "stepPreProcessingTMT" "stepPreProcessing" "profilingWorkflow" "profilingWrapper" "main" 
".getGeneric" "getGeneric" "as" "checkSlotAssignment" "methods::slot<-" "asMethod" "as" ".validate_Vector_length" "method" "validityMethod" "isTRUE" "anyStrings" "validObject" "updateObject" "[" "[" "<Anonymous>" "mapply" "eval" "eval" "eval" "standardGeneric" "mapply" "mendoapply" ".subsetROWS" ".local" "subsetByRow" "subsetByRow" "subsetByRow" "subsetByRow" ".local" ".nextMethod" "eval" "eval" "callNextMethod" "[" "[" "filterFeaturesWithFormula" ".local" "filterFeatures" "filterFeatures" "withCallingHandlers" "suppressMessages" ".filterPSMTMT" "stepPreProcessingTMT" "stepPreProcessing" "profilingWorkflow" "profilingWrapper" "main" 
"normalizeSingleBracketSubscript" "FUN" "FUN" "lapply" "lapply" "extractROWS" "extractROWS" "METHOD" "extractROWS" "extractROWS" "subset_along_ROWS" ".nextMethod" "eval" "eval" "callNextMethod" "[" "[" ".nextMethod" "callNextMethod" "[" "[" "<Anonymous>" "mapply" "eval" "eval" "eval" "standardGeneric" "mapply" "mendoapply" ".subsetROWS" ".local" "subsetByRow" "subsetByRow" "subsetByRow" "subsetByRow" ".local" ".nextMethod" "eval" "eval" "callNextMethod" "[" "[" "filterFeaturesWithFormula" ".local" "filterFeatures" "filterFeatures" "withCallingHandlers" "suppressMessages" ".filterPSMTMT" "stepPreProcessingTMT" "stepPreProcessing" "profilingWorkflow" "profilingWrapper" "main" 
"duplicatedIntegerPairs" ".unique_classes" "lowestListElementClass" "coerceToSimpleList" "asMethod" "as" ".nextMethod" "callNextMethod" "doTryCatch" "tryCatchOne" "tryCatchList" "tryCatch" "try" "coerce2" "coerce2" ".make_endoapply_ans" "endoapply" "updateObject" "updateObject" ".nextMethod" "callNextMethod" ".nextMethod" "callNextMethod" "updateObject" "updateObject" "[" "[" "<Anonymous>" "mapply" "eval" "eval" "eval" "standardGeneric" "mapply" "mendoapply" ".subsetROWS" ".local" "subsetByRow" "subsetByRow" "subsetByRow" "subsetByRow" ".local" ".nextMethod" "eval" "eval" "callNextMethod" "[" "[" "filterFeaturesWithFormula" ".local" "filterFeatures" "filterFeatures" "withCallingHandlers" "suppressMessages" ".filterPSMTMT" "stepPreProcessingTMT" "stepPreProcessing" "profilingWorkflow" "profilingWrapper" "main" 
"is" ".findMethodInTable" ".quickCoerceSelect" "as" "checkSlotAssignment" "methods::slot<-" "asMethod" "as" "method" "validityMethod" "isTRUE" "anyStrings" "validObject" "updateObject" "[" "[" "<Anonymous>" "mapply" "eval" "eval" "eval" "standardGeneric" "mapply" "mendoapply" ".subsetROWS" ".local" "subsetByRow" "subsetByRow" "subsetByRow" "subsetByRow" ".local" ".nextMethod" "eval" "eval" "callNextMethod" "[" "[" "filterFeaturesWithFormula" ".local" "filterFeatures" "filterFeatures" "withCallingHandlers" "suppressMessages" ".filterPSMTMT" "stepPreProcessingTMT" "stepPreProcessing" "profilingWorkflow" "profilingWrapper" "main" 
"match" "match" "selfmatch" "selfmatch" "is.factor" ".normargIntegerOrFactor" "duplicatedIntegerPairs" ".unique_classes" "lowestListElementClass" "coerceToSimpleList" "asMethod" "as" ".nextMethod" "callNextMethod" "doTryCatch" "tryCatchOne" "tryCatchList" "tryCatch" "try" "coerce2" "coerce2" ".make_endoapply_ans" "endoapply" ".class1" "as" ".extract_Assays_subset" "[" "[" ".nextMethod" "callNextMethod" "[" "[" "<Anonymous>" "mapply" "eval" "eval" "eval" "standardGeneric" "mapply" "mendoapply" ".subsetROWS" ".local" "subsetByRow" "subsetByRow" "subsetByRow" "subsetByRow" ".local" ".nextMethod" "eval" "eval" "callNextMethod" "[" "[" "filterFeaturesWithFormula" ".local" "filterFeatures" "filterFeatures" "withCallingHandlers" "suppressMessages" ".filterPSMTMT" "stepPreProcessingTMT" "stepPreProcessing" "profilingWorkflow" "profilingWrapper" "main" 
"getObjectSlots" "updateObject" "updateObject" ".nextMethod" "callNextMethod" "updateObject" "updateObject" ".nextMethod" "callNextMethod" "updateObject" "updateObject" "updateObject" "updateObject" ".nextMethod" "callNextMethod" "updateObject" "updateObject" "[" "[" "<Anonymous>" "mapply" "eval" "eval" "eval" "standardGeneric" "mapply" "mendoapply" ".subsetROWS" ".local" "subsetByRow" "subsetByRow" "subsetByRow" "subsetByRow" ".local" ".nextMethod" "eval" "eval" "callNextMethod" "[" "[" "filterFeaturesWithFormula" ".local" "filterFeatures" "filterFeatures" "withCallingHandlers" "suppressMessages" ".filterPSMTMT" "stepPreProcessingTMT" "stepPreProcessing" "profilingWorkflow" "profilingWrapper" "main" 
"getSlots" "normarg_mcols" "elementMetadata<-" "elementMetadata<-" "mcols<-" "mcols<-" "DataFrame" "IRanges" "METHOD" "extractROWS" "extractROWS" "subset_along_ROWS" ".nextMethod" "eval" "eval" "callNextMethod" "[" "[" ".nextMethod" "callNextMethod" "[" "[" "<Anonymous>" "mapply" "eval" "eval" "eval" "standardGeneric" "mapply" "mendoapply" ".subsetROWS" ".local" "subsetByRow" "subsetByRow" "subsetByRow" "subsetByRow" ".local" ".nextMethod" "eval" "eval" "callNextMethod" "[" "[" "filterFeaturesWithFormula" ".local" "filterFeatures" "filterFeatures" "withCallingHandlers" "suppressMessages" ".filterPSMTMT" "stepPreProcessingTMT" "stepPreProcessing" "profilingWorkflow" "profilingWrapper" "main" 
".fillSignatures" ".findInheritedMethods" ".findNextFromTable" "addNextMethod" "addNextMethod" "callNextMethod" "METHOD" "updateObject" "updateObject" "rowRanges" "rowRanges" "names" "names" "names" ".local" "rownames" "rownames" "<Anonymous>" "mapply" "eval" "eval" "eval" "standardGeneric" "mapply" "mendoapply" ".subsetROWS" ".local" "subsetByRow" "subsetByRow" "subsetByRow" "subsetByRow" ".local" ".nextMethod" "eval" "eval" "callNextMethod" "[" "[" "filterFeaturesWithFormula" ".local" "filterFeatures" "filterFeatures" "withCallingHandlers" "suppressMessages" ".filterPSMTMT" "stepPreProcessingTMT" "stepPreProcessing" "profilingWorkflow" "profilingWrapper" "main" 
".findNextFromTable" "addNextMethod" "addNextMethod" "callNextMethod" "METHOD" "updateObject" "updateObject" ".nextMethod" "callNextMethod" "updateObject" "updateObject" "[" "[" "<Anonymous>" "mapply" "eval" "eval" "eval" "standardGeneric" "mapply" "mendoapply" ".subsetROWS" ".local" "subsetByRow" "subsetByRow" "subsetByRow" "subsetByRow" ".local" ".nextMethod" "eval" "eval" "callNextMethod" "[" "[" "filterFeaturesWithFormula" ".local" "filterFeatures" "filterFeatures" "withCallingHandlers" "suppressMessages" ".filterPSMTMT" "stepPreProcessingTMT" "stepPreProcessing" "profilingWorkflow" "profilingWrapper" "main" 
"names" "names" "extractROWS" "initialize" "initialize" "new" "new2" "METHOD" "extractROWS" "extractROWS" "subset_along_ROWS" ".nextMethod" "eval" "eval" "callNextMethod" "[" "[" ".nextMethod" "callNextMethod" "[" "[" "<Anonymous>" "mapply" "eval" "eval" "eval" "standardGeneric" "mapply" "mendoapply" ".subsetROWS" ".local" "subsetByRow" "subsetByRow" "subsetByRow" "subsetByRow" ".local" ".nextMethod" "eval" "eval" "callNextMethod" "[" "[" "filterFeaturesWithFormula" ".local" "filterFeatures" "filterFeatures" "withCallingHandlers" "suppressMessages" ".filterPSMTMT" "stepPreProcessingTMT" "stepPreProcessing" "profilingWorkflow" "profilingWrapper" "main" 
"is" "callNextMethod" "methods:::loadMethod" "methods:::loadMethod" "parallel_slot_names" "slot" "standardGeneric" "NROW" "seq_along" "seq_along" ".testMethodsTable" "method" "validityMethod" "isTRUE" "anyStrings" "validObject" "initialize" "initialize" "new" "coerceToExperimentList" "asMethod" "as" ".nextMethod" "callNextMethod" "doTryCatch" "tryCatchOne" "tryCatchList" "tryCatch" "try" "coerce2" "coerce2" ".make_endoapply_ans" "mendoapply" ".subsetROWS" ".local" "subsetByRow" "subsetByRow" "subsetByRow" "subsetByRow" ".local" ".nextMethod" "eval" "eval" "callNextMethod" "[" "[" "filterFeaturesWithFormula" ".local" "filterFeatures" "filterFeatures" "withCallingHandlers" "suppressMessages" ".filterPSMTMT" "stepPreProcessingTMT" "stepPreProcessing" "profilingWorkflow" "profilingWrapper" "main" 
"vapply" "sapply_isNULL" "simplify_NULL_dimnames" "dimnames" "dimnames" "dimnames" "f" "doTryCatch" "tryCatchOne" "tryCatchList" "tryCatch" "try" "standardGeneric" "%in%" "FUN" "vapply" ".getMethErr" ".testMethodsTable" "method" "validityMethod" "isTRUE" "anyStrings" "validObject" "initialize" "initialize" "new" "coerceToExperimentList" "asMethod" "as" ".nextMethod" "callNextMethod" "doTryCatch" "tryCatchOne" "tryCatchList" "tryCatch" "try" "coerce2" "coerce2" ".make_endoapply_ans" "mendoapply" ".subsetROWS" ".local" "subsetByRow" "subsetByRow" "subsetByRow" "subsetByRow" ".local" ".nextMethod" "eval" "eval" "callNextMethod" "[" "[" "filterFeaturesWithFormula" ".local" "filterFeatures" "filterFeatures" "withCallingHandlers" "suppressMessages" ".filterPSMTMT" "stepPreProcessingTMT" "stepPreProcessing" "profilingWorkflow" "profilingWrapper" "main" 
".identC" "is" "callNextMethod" "updateObject" "updateObject" ".nextMethod" "callNextMethod" "updateObject" "updateObject" "METHOD" "updateObject" "updateObject" "rowRanges" "rowRanges" "names" "names" "names" ".local" "rownames" "rownames" "dimnames" "dimnames" "dimnames" "f" "doTryCatch" "tryCatchOne" "tryCatchList" "tryCatch" "try" "standardGeneric" "%in%" "FUN" "vapply" ".getMethErr" ".testMethodsTable" "method" "validityMethod" "isTRUE" "anyStrings" "validObject" "initialize" "initialize" "new" "coerceToExperimentList" "asMethod" "as" ".nextMethod" "callNextMethod" "doTryCatch" "tryCatchOne" "tryCatchList" "tryCatch" "try" "coerce2" "coerce2" ".make_endoapply_ans" "mendoapply" ".subsetROWS" ".local" "subsetByRow" "subsetByRow" "subsetByRow" "subsetByRow" ".local" ".nextMethod" "eval" "eval" "callNextMethod" "[" "[" "filterFeaturesWithFormula" ".local" "filterFeatures" "filterFeatures" "withCallingHandlers" "suppressMessages" ".filterPSMTMT" "stepPreProcessingTMT" "stepPreProcessing" "profilingWorkflow" "profilingWrapper" "main" 
"callNextMethod" "methods:::loadMethod" "methods:::loadMethod" "updateObject" ".nextMethod" "callNextMethod" "METHOD" "updateObject" "updateObject" "rowRanges" "rowRanges" "names" "names" "names" ".local" "rownames" "rownames" "dimnames" "dimnames" "dimnames" "f" "doTryCatch" "tryCatchOne" "tryCatchList" "tryCatch" "try" "standardGeneric" "%in%" "FUN" "vapply" ".getMethErr" ".testMethodsTable" "method" "validityMethod" "isTRUE" "anyStrings" "validObject" "initialize" "initialize" "new" "coerceToExperimentList" "asMethod" "as" ".nextMethod" "callNextMethod" "doTryCatch" "tryCatchOne" "tryCatchList" "tryCatch" "try" "coerce2" "coerce2" ".make_endoapply_ans" "mendoapply" ".subsetROWS" ".local" "subsetByRow" "subsetByRow" "subsetByRow" "subsetByRow" ".local" ".nextMethod" "eval" "eval" "callNextMethod" "[" "[" "filterFeaturesWithFormula" ".local" "filterFeatures" "filterFeatures" "withCallingHandlers" "suppressMessages" ".filterPSMTMT" "stepPreProcessingTMT" "stepPreProcessing" "profilingWorkflow" "profilingWrapper" "main" 
"callNextMethod" "updateObject" "updateObject" ".nextMethod" "callNextMethod" "updateObject" "updateObject" "updateObject" "updateObject" "rowRanges" "rowRanges" "names" "names" "names" ".local" "rownames" "rownames" "dimnames" "dimnames" "dimnames" "f" "doTryCatch" "tryCatchOne" "tryCatchList" "tryCatch" "try" "standardGeneric" "%in%" "FUN" "vapply" ".getMethErr" ".testMethodsTable" "method" "validityMethod" "isTRUE" "anyStrings" "validObject" "initialize" "initialize" "new" "coerceToExperimentList" "asMethod" "as" ".nextMethod" "callNextMethod" "doTryCatch" "tryCatchOne" "tryCatchList" "tryCatch" "try" "coerce2" "coerce2" ".make_endoapply_ans" "mendoapply" ".subsetROWS" ".local" "subsetByRow" "subsetByRow" "subsetByRow" "subsetByRow" ".local" ".nextMethod" "eval" "eval" "callNextMethod" "[" "[" "filterFeaturesWithFormula" ".local" "filterFeatures" "filterFeatures" "withCallingHandlers" "suppressMessages" ".filterPSMTMT" "stepPreProcessingTMT" "stepPreProcessing" "profilingWorkflow" "profilingWrapper" "main" 
".findInheritedMethods" ".findNextFromTable" "addNextMethod" "addNextMethod" "callNextMethod" "METHOD" "updateObject" "updateObject" "rowRanges" "rowRanges" "names" "names" "names" ".local" "rownames" "rownames" "dimnames" "dimnames" "dimnames" "f" "doTryCatch" "tryCatchOne" "tryCatchList" "tryCatch" "try" "standardGeneric" "%in%" "FUN" "vapply" ".getMethErr" ".testMethodsTable" "method" "validityMethod" "isTRUE" "anyStrings" "validObject" "initialize" "initialize" "new" "coerceToExperimentList" "asMethod" "as" ".nextMethod" "callNextMethod" "doTryCatch" "tryCatchOne" "tryCatchList" "tryCatch" "try" "coerce2" "coerce2" ".make_endoapply_ans" "mendoapply" ".subsetROWS" ".local" "subsetByRow" "subsetByRow" "subsetByRow" "subsetByRow" ".local" ".nextMethod" "eval" "eval" "callNextMethod" "[" "[" "filterFeaturesWithFormula" ".local" "filterFeatures" "filterFeatures" "withCallingHandlers" "suppressMessages" ".filterPSMTMT" "stepPreProcessingTMT" "stepPreProcessing" "profilingWorkflow" "profilingWrapper" "main" 
".inheritedArgsExpression" ".findInheritedMethods" "selectMethod" ".selectClosestMethod1" "names" "names" "names" "names" "names" "names" ".local" "rownames" "rownames" "dimnames" "dimnames" "dimnames" "f" "doTryCatch" "tryCatchOne" "tryCatchList" "tryCatch" "try" "standardGeneric" "%in%" "FUN" "vapply" ".getMethErr" ".testMethodsTable" "method" "validityMethod" "isTRUE" "anyStrings" "validObject" "initialize" "initialize" "new" "coerceToExperimentList" "asMethod" "as" ".nextMethod" "callNextMethod" "doTryCatch" "tryCatchOne" "tryCatchList" "tryCatch" "try" "coerce2" "coerce2" ".make_endoapply_ans" "mendoapply" ".subsetROWS" ".local" "subsetByRow" "subsetByRow" "subsetByRow" "subsetByRow" ".local" ".nextMethod" "eval" "eval" "callNextMethod" "[" "[" "filterFeaturesWithFormula" ".local" "filterFeatures" "filterFeatures" "withCallingHandlers" "suppressMessages" ".filterPSMTMT" "stepPreProcessingTMT" "stepPreProcessing" "profilingWorkflow" "profilingWrapper" "main" 
"@<-" ".findInheritedMethods" "selectMethod" ".selectClosestMethod1" "updateObject" "updateObject" "rowRanges" "rowRanges" "names" "names" "names" ".local" "rownames" "rownames" "dimnames" "dimnames" "dimnames" "f" "doTryCatch" "tryCatchOne" "tryCatchList" "tryCatch" "try" "standardGeneric" "%in%" "FUN" "vapply" ".getMethErr" ".testMethodsTable" "method" "validityMethod" "isTRUE" "anyStrings" "validObject" "initialize" "initialize" "new" "coerceToExperimentList" "asMethod" "as" ".nextMethod" "callNextMethod" "doTryCatch" "tryCatchOne" "tryCatchList" "tryCatch" "try" "coerce2" "coerce2" ".make_endoapply_ans" "mendoapply" ".subsetROWS" ".local" "subsetByRow" "subsetByRow" "subsetByRow" "subsetByRow" ".local" ".nextMethod" "eval" "eval" "callNextMethod" "[" "[" "filterFeaturesWithFormula" ".local" "filterFeatures" "filterFeatures" "withCallingHandlers" "suppressMessages" ".filterPSMTMT" "stepPreProcessingTMT" "stepPreProcessing" "profilingWorkflow" "profilingWrapper" "main" 
".getClassesFromCache" "getClassDef" "is" "callNextMethod" "updateObject" "updateObject" ".nextMethod" "callNextMethod" "updateObject" "updateObject" "METHOD" "updateObject" "updateObject" "rowRanges" "rowRanges" "names" "names" "names" ".local" "rownames" "rownames" "dimnames" "dimnames" "dimnames" "FUN" "lapply" "lapply" "lapply" "lapply" ".class1" "as" "dimnames" "dimnames" "dimnames" "dimnames" "dimnames" "dimnames" "%||%" "colnames" "colnames" "experiments<-" "experiments<-" "subsetByRow" "subsetByRow" ".local" ".nextMethod" "eval" "eval" "callNextMethod" "[" "[" "filterFeaturesWithFormula" ".local" "filterFeatures" "filterFeatures" "withCallingHandlers" "suppressMessages" ".filterPSMTMT" "stepPreProcessingTMT" "stepPreProcessing" "profilingWorkflow" "profilingWrapper" "main" 
"is" "callNextMethod" "methods:::loadMethod" "methods:::loadMethod" "updateObject" ".nextMethod" "callNextMethod" "METHOD" "updateObject" "updateObject" "rowRanges" "rowRanges" "names" "names" "names" ".local" "rownames" "rownames" "dimnames" "dimnames" "dimnames" "FUN" "lapply" "lapply" "lapply" "lapply" ".class1" "as" "dimnames" "dimnames" "dimnames" "dimnames" "dimnames" "dimnames" "%||%" "colnames" "colnames" "experiments<-" "experiments<-" "subsetByRow" "subsetByRow" ".local" ".nextMethod" "eval" "eval" "callNextMethod" "[" "[" "filterFeaturesWithFormula" ".local" "filterFeatures" "filterFeatures" "withCallingHandlers" "suppressMessages" ".filterPSMTMT" "stepPreProcessingTMT" "stepPreProcessing" "profilingWorkflow" "profilingWrapper" "main" 
"getClassDef" "is" "callNextMethod" "updateObject" "updateObject" "updateObject" "updateObject" "rowRanges" "rowRanges" "names" "names" "names" ".local" "rownames" "rownames" "dimnames" "dimnames" "dimnames" "FUN" "lapply" "lapply" "lapply" "lapply" ".class1" "as" "dimnames" "dimnames" "dimnames" "dimnames" "dimnames" "dimnames" "%||%" "colnames" "colnames" "experiments<-" "experiments<-" "subsetByRow" "subsetByRow" ".local" ".nextMethod" "eval" "eval" "callNextMethod" "[" "[" "filterFeaturesWithFormula" ".local" "filterFeatures" "filterFeatures" "withCallingHandlers" "suppressMessages" ".filterPSMTMT" "stepPreProcessingTMT" "stepPreProcessing" "profilingWorkflow" "profilingWrapper" "main" 
"is.list" "getClassDef" "is" "callNextMethod" "updateObject" "updateObject" ".nextMethod" "callNextMethod" "updateObject" "updateObject" "updateObject" "updateObject" "rowRanges" "rowRanges" "names" "names" "names" ".local" "rownames" "rownames" "dimnames" "dimnames" "dimnames" "FUN" "lapply" "lapply" "lapply" "lapply" ".class1" "as" "dimnames" "dimnames" "dimnames" "dimnames" "dimnames" "dimnames" "%||%" "colnames" "colnames" "experiments<-" "experiments<-" "subsetByRow" "subsetByRow" ".local" ".nextMethod" "eval" "eval" "callNextMethod" "[" "[" "filterFeaturesWithFormula" ".local" "filterFeatures" "filterFeatures" "withCallingHandlers" "suppressMessages" ".filterPSMTMT" "stepPreProcessingTMT" "stepPreProcessing" "profilingWorkflow" "profilingWrapper" "main" 
".getClassesFromCache" "getClassDef" "validObject" "initialize" "initialize" "new" ".findNextFromTable" "addNextMethod" "addNextMethod" "callNextMethod" "METHOD" "updateObject" "updateObject" "rowRanges" "rowRanges" "names" "names" "names" ".local" "rownames" "rownames" "dimnames" "dimnames" "dimnames" "FUN" "lapply" "lapply" "lapply" "lapply" ".class1" "as" "dimnames" "dimnames" "dimnames" "dimnames" "dimnames" "dimnames" "%||%" "colnames" "colnames" "experiments<-" "experiments<-" "subsetByRow" "subsetByRow" ".local" ".nextMethod" "eval" "eval" "callNextMethod" "[" "[" "filterFeaturesWithFormula" ".local" "filterFeatures" "filterFeatures" "withCallingHandlers" "suppressMessages" ".filterPSMTMT" "stepPreProcessingTMT" "stepPreProcessing" "profilingWorkflow" "profilingWrapper" "main" 
"updateObject" "updateObject" "METHOD" "updateObject" "updateObject" "rowRanges" "rowRanges" "names" "names" "names" ".local" "rownames" "rownames" "dimnames" "dimnames" "dimnames" "FUN" "lapply" "lapply" "lapply" "lapply" ".class1" "as" "dimnames" "dimnames" "dimnames" "dimnames" "dimnames" "dimnames" "%||%" "colnames" "colnames" "experiments<-" "experiments<-" "subsetByRow" "subsetByRow" ".local" ".nextMethod" "eval" "eval" "callNextMethod" "[" "[" "filterFeaturesWithFormula" ".local" "filterFeatures" "filterFeatures" "withCallingHandlers" "suppressMessages" ".filterPSMTMT" "stepPreProcessingTMT" "stepPreProcessing" "profilingWorkflow" "profilingWrapper" "main" 
"max" "substring" "standardGeneric" "substring" "standardGeneric" "toupper" "capitalize" "S4Vectors:::listClassName" "...elt" "stopifnot" "is" ".coerceToList" "asMethod" "as" "dimnames" "dimnames" "dimnames" "dimnames" "dimnames" "dimnames" "%||%" "colnames" "colnames" "experiments<-" "experiments<-" "subsetByRow" "subsetByRow" ".local" ".nextMethod" "eval" "eval" "callNextMethod" "[" "[" "filterFeaturesWithFormula" ".local" "filterFeatures" "filterFeatures" "withCallingHandlers" "suppressMessages" ".filterPSMTMT" "stepPreProcessingTMT" "stepPreProcessing" "profilingWorkflow" "profilingWrapper" "main" 
"is.list" "getClassDef" "is" "callNextMethod" "methods:::loadMethod" "methods:::loadMethod" "updateObject" ".nextMethod" "eval" "eval" "callNextMethod" ".local" "colData" "colData" "rownames" ".local" "FUN" "FUN" "lapply" "lapply" "lapply" "lapply" ".class1" "as" "colnames" "colnames" "experiments<-" "experiments<-" "subsetByRow" "subsetByRow" ".local" ".nextMethod" "eval" "eval" "callNextMethod" "[" "[" "filterFeaturesWithFormula" ".local" "filterFeatures" "filterFeatures" "withCallingHandlers" "suppressMessages" ".filterPSMTMT" "stepPreProcessingTMT" "stepPreProcessing" "profilingWorkflow" "profilingWrapper" "main" 
"updateObject" "elementMetadata" "elementMetadata" "mcols" "mcols" ".validate_Vector_parallel_slots" "method" "validityMethod" "isTRUE" "anyStrings" "validObject" "initialize" "initialize" "new" "new2" ".new_Hits" "new_Hits" "Hits" "initialize" "initialize" "new" "AssayLink" "FUN" "lapply" "lapply" "lapply" "lapply" "endoapply" ".pruneAssayLinks" "[" "[" "filterFeaturesWithFormula" ".local" "filterFeatures" "filterFeatures" "withCallingHandlers" "suppressMessages" ".filterPSMTMT" "stepPreProcessingTMT" "stepPreProcessing" "profilingWorkflow" "profilingWrapper" "main" 
"initialize" "initialize" "new" "AssayLink" "FUN" "lapply" "lapply" "lapply" "lapply" "endoapply" ".pruneAssayLinks" "[" "[" "filterFeaturesWithFormula" ".local" "filterFeatures" "filterFeatures" "withCallingHandlers" "suppressMessages" ".filterPSMTMT" "stepPreProcessingTMT" "stepPreProcessing" "profilingWorkflow" "profilingWrapper" "main" 
"vapply" ".fillSignatures" ".findInheritedMethods" ".findNextFromTable" "addNextMethod" "addNextMethod" "callNextMethod" "METHOD" "updateObject" "updateObject" "rowRanges" "rowRanges" "names" "names" "names" ".local" "rownames" "rownames" "standardGeneric" "%in%" ".checkLinksInHits" ".validAssayLink" ".validAssayLinks" ".pruneAssayLinks" "[" "[" "filterFeaturesWithFormula" ".local" "filterFeatures" "filterFeatures" "withCallingHandlers" "suppressMessages" ".filterPSMTMT" "stepPreProcessingTMT" "stepPreProcessing" "profilingWorkflow" "profilingWrapper" "main" 
"FUN" "vapply" ".eligibleSuperClasses" ".findInheritedMethods" "selectMethod" ".selectClosestMethod1" "names" "names" "names" "names" "names" "names" ".local" "rownames" "rownames" "standardGeneric" "%in%" ".checkLinksInHits" ".validAssayLink" ".validAssayLinks" ".pruneAssayLinks" "[" "[" "filterFeaturesWithFormula" ".local" "filterFeatures" "filterFeatures" "withCallingHandlers" "suppressMessages" ".filterPSMTMT" "stepPreProcessingTMT" "stepPreProcessing" "profilingWorkflow" "profilingWrapper" "main" 
".nextMethod" "callNextMethod" "updateObject" "updateObject" "updateObject" "updateObject" "METHOD" "updateObject" "updateObject" "rowRanges" "rowRanges" "names" "names" "names" ".local" "rownames" "rownames" "standardGeneric" "%in%" ".checkLinksInHits" ".validAssayLink" ".validAssayLinks" ".pruneAssayLinks" "[" "[" "filterFeaturesWithFormula" ".local" "filterFeatures" "filterFeatures" "withCallingHandlers" "suppressMessages" ".filterPSMTMT" "stepPreProcessingTMT" "stepPreProcessing" "profilingWorkflow" "profilingWrapper" "main" 
"parent.frame" "callNextMethod" "updateObject" "updateObject" "updateObject" "updateObject" "METHOD" "updateObject" "updateObject" "rowRanges" "rowRanges" "names" "names" "names" ".local" "rownames" "rownames" "dimnames" "dimnames" "dimnames" "FUN" "lapply" "lapply" "lapply" "lapply" ".class1" "as" "dimnames" "dimnames" "dimnames" "dimnames" "dimnames" "dimnames" "%||%" "colnames" "colnames" "experiments<-" "experiments<-" "subsetByAssay" "subsetByAssay" ".local" ".nextMethod" "eval" "eval" "callNextMethod" "[" "[" ".filterAssayTMT" "stepPreProcessingTMT" "stepPreProcessing" "profilingWorkflow" "profilingWrapper" "main" 
"parent.frame" "callNextMethod" "updateObject" "updateObject" "updateObject" "updateObject" "METHOD" "updateObject" "updateObject" "rowRanges" "rowRanges" "names" "names" "names" ".local" "rownames" "rownames" "dimnames" "dimnames" "dimnames" "FUN" "lapply" "lapply" "lapply" "lapply" ".class1" "as" "dimnames" "dimnames" "dimnames" "dimnames" "dimnames" "dimnames" "%||%" "colnames" "colnames" "experiments<-" "experiments<-" "subsetByAssay" "subsetByAssay" ".local" ".nextMethod" "eval" "eval" "callNextMethod" "[" "[" ".filterAssayTMT" "stepPreProcessingTMT" "stepPreProcessing" "profilingWorkflow" "profilingWrapper" "main" 
"parent.frame" "callNextMethod" "updateObject" "updateObject" "updateObject" "updateObject" "METHOD" "updateObject" "updateObject" "rowRanges" "rowRanges" "names" "names" "names" ".local" "rownames" "rownames" "dimnames" "dimnames" "dimnames" "FUN" "lapply" "lapply" "lapply" "lapply" ".class1" "as" "dimnames" "dimnames" "dimnames" "dimnames" "dimnames" "dimnames" "%||%" "colnames" "colnames" "experiments<-" "experiments<-" "subsetByAssay" "subsetByAssay" ".local" ".nextMethod" "eval" "eval" "callNextMethod" "[" "[" ".filterAssayTMT" "stepPreProcessingTMT" "stepPreProcessing" "profilingWorkflow" "profilingWrapper" "main" 
"getClassDef" "validObject" "initialize" "initialize" "new" ".findNextFromTable" "addNextMethod" "addNextMethod" "callNextMethod" "METHOD" "updateObject" "updateObject" "rowRanges" "rowRanges" "names" "names" "names" ".local" "rownames" "rownames" "dimnames" "dimnames" "dimnames" "FUN" "lapply" "lapply" "lapply" "lapply" ".class1" "as" "dimnames" "dimnames" "dimnames" "dimnames" "dimnames" "dimnames" "%||%" "colnames" "colnames" "experiments<-" "experiments<-" "subsetByAssay" "subsetByAssay" ".local" ".nextMethod" "eval" "eval" "callNextMethod" "[" "[" ".filterAssayTMT" "stepPreProcessingTMT" "stepPreProcessing" "profilingWorkflow" "profilingWrapper" "main" 
".getClassesFromCache" "getClassDef" "is" "callNextMethod" "updateObject" "updateObject" ".nextMethod" "callNextMethod" "updateObject" "updateObject" "METHOD" "updateObject" "updateObject" "rowRanges" "rowRanges" "names" "names" "names" ".local" "rownames" "rownames" "dimnames" "dimnames" "dimnames" "FUN" "lapply" "lapply" "lapply" "lapply" ".class1" "as" "dimnames" "dimnames" "dimnames" "dimnames" "dimnames" "dimnames" "%||%" "colnames" "colnames" "experiments<-" "experiments<-" "subsetByAssay" "subsetByAssay" ".local" ".nextMethod" "eval" "eval" "callNextMethod" "[" "[" ".filterAssayTMT" "stepPreProcessingTMT" "stepPreProcessing" "profilingWorkflow" "profilingWrapper" "main" 
"vapply" ".eligibleSuperClasses" ".findInheritedMethods" "selectMethod" ".selectClosestMethod1" "names" "names" "names" "names" "names" "names" ".local" "rownames" "rownames" "dimnames" "dimnames" "dimnames" "FUN" "lapply" "lapply" "lapply" "lapply" ".class1" "as" "dimnames" "dimnames" "dimnames" "dimnames" "dimnames" "dimnames" "%||%" "colnames" "colnames" "experiments<-" "experiments<-" "subsetByAssay" "subsetByAssay" ".local" ".nextMethod" "eval" "eval" "callNextMethod" "[" "[" ".filterAssayTMT" "stepPreProcessingTMT" "stepPreProcessing" "profilingWorkflow" "profilingWrapper" "main" 
"%in%" ".getGeneric" "getGeneric" ".findNextFromTable" "addNextMethod" "addNextMethod" "callNextMethod" "METHOD" "updateObject" "updateObject" "rowRanges" "rowRanges" "names" "names" "names" ".local" "rownames" "rownames" "dimnames" "dimnames" "dimnames" "FUN" "lapply" "lapply" "lapply" "lapply" ".class1" "as" "dimnames" "dimnames" "dimnames" "dimnames" "dimnames" "dimnames" "%||%" "colnames" "colnames" "experiments<-" "experiments<-" "subsetByAssay" "subsetByAssay" ".local" ".nextMethod" "eval" "eval" "callNextMethod" "[" "[" ".filterAssayTMT" "stepPreProcessingTMT" "stepPreProcessing" "profilingWorkflow" "profilingWrapper" "main" 
"names" "allNames" "initialize" "initialize" "new" "new2" "newCompressedList0" "relist" "standardGeneric" "relist" ".coerceToList" "asMethod" "as" "dimnames" "dimnames" "dimnames" "dimnames" "dimnames" "dimnames" "%||%" "colnames" "colnames" "experiments<-" "experiments<-" "subsetByAssay" "subsetByAssay" ".local" ".nextMethod" "eval" "eval" "callNextMethod" "[" "[" ".filterAssayTMT" "stepPreProcessingTMT" "stepPreProcessing" "profilingWorkflow" "profilingWrapper" "main" 
"callNextMethod" "parallel_slot_names" "parallel_slot_names" "slot" "standardGeneric" "NROW" "length" "length" "length" ".validate_Vector_parallel_slots" "method" "validityMethod" "isTRUE" "anyStrings" "validObject" "initialize" "initialize" "new" "new2" ".new_Hits" "new_Hits" "Hits" "initialize" "initialize" "new" "AssayLink" "FUN" "lapply" "lapply" "lapply" "lapply" "endoapply" ".pruneAssayLinks" "[" "[" ".filterAssayTMT" "stepPreProcessingTMT" "stepPreProcessing" "profilingWorkflow" "profilingWrapper" "main" 
".getGeneric" "getGeneric" ".findNextFromTable" "addNextMethod" "addNextMethod" "callNextMethod" "METHOD" "updateObject" "updateObject" "rowRanges" "rowRanges" "names" "names" "names" ".local" "rownames" "rownames" "standardGeneric" "%in%" ".checkLinksInHits" ".validAssayLink" ".validAssayLinks" ".pruneAssayLinks" "[" "[" ".filterAssayTMT" "stepPreProcessingTMT" "stepPreProcessing" "profilingWorkflow" "profilingWrapper" "main" 
"seq_along" ".inheritedArgsExpression" ".findInheritedMethods" "selectMethod" ".selectClosestMethod1" "updateObject" "updateObject" "rowRanges" "rowRanges" "names" "names" "names" ".local" "rownames" "rownames" "standardGeneric" "%in%" ".checkLinksInHits" ".validAssayLink" ".validAssayLinks" ".pruneAssayLinks" "[" "[" ".filterAssayTMT" "stepPreProcessingTMT" "stepPreProcessing" "profilingWorkflow" "profilingWrapper" "main" 
"sys.function" "callNextMethod" "methods:::loadMethod" "methods:::loadMethod" "updateObject" "updateObject" "updateObject" "updateObject" "updateObject" "rowRanges" "rowRanges" "mcols" "mcols" "mcols" ".nextMethod" "eval" "eval" "callNextMethod" ".local" "rowData" "rowData" "colnames" "FUN" "lapply" "lapply" "lapply" "lapply" ".dotargsAsList" "CharacterList" "rowDataNames" "unlist" "computeSCR" ".filterSCRTMT" "stepPreProcessingTMT" "stepPreProcessing" "profilingWorkflow" "profilingWrapper" "main" 
".identC" "is" "callNextMethod" "methods:::loadMethod" "methods:::loadMethod" "updateObject" ".nextMethod" "callNextMethod" "METHOD" "updateObject" "updateObject" "rowRanges" "rowRanges" "mcols" "mcols" "mcols" ".nextMethod" "eval" "eval" "callNextMethod" ".local" "rowData" "rowData" "colnames" "FUN" "lapply" "lapply" "lapply" "lapply" ".dotargsAsList" "CharacterList" "rowDataNames" "unlist" "computeSCR" ".filterSCRTMT" "stepPreProcessingTMT" "stepPreProcessing" "profilingWorkflow" "profilingWrapper" "main" 
"getClassDef" "FUN" "lapply" "sapply" "sapply" "standardGeneric" "which" "S4Vectors:::listClassName" "...elt" "stopifnot" "is" ".coerceToList" "<Anonymous>" "CharacterList" "rowDataNames" "unlist" "computeSCR" ".filterSCRTMT" "stepPreProcessingTMT" "stepPreProcessing" "profilingWorkflow" "profilingWrapper" "main" 
".identC" "FUN" "lapply" "sapply" "sapply" "standardGeneric" "which" "listClassName" "coerceToSimpleList" "asMethod" "as" ".nextMethod" "callNextMethod" "doTryCatch" "tryCatchOne" "tryCatchList" "tryCatch" "try" "coerce2" "coerce2" ".make_endoapply_ans" "endoapply" "assays" "assays" "assay" "assay" "computeSCR" ".filterSCRTMT" "stepPreProcessingTMT" "stepPreProcessing" "profilingWorkflow" "profilingWrapper" "main" 
"exists" ".getGenericFromCacheTable" ".getGenericFromCache" ".getGeneric" "getGeneric" "environment" "cacheMethod" "callNextMethod" "METHOD" "updateObject" "updateObject" "rowRanges" "rowRanges" "mcols" "mcols" "mcols" ".nextMethod" "eval" "eval" "callNextMethod" ".local" "rowData" "rowData" "computeSCR" ".filterSCRTMT" "stepPreProcessingTMT" "stepPreProcessing" "profilingWorkflow" "profilingWrapper" "main" 
".fillSignatures" ".findInheritedMethods" "selectMethod" ".nextMethod" "callNextMethod" "[[" "[[" "[" "[" "computeSCR" ".filterSCRTMT" "stepPreProcessingTMT" "stepPreProcessing" "profilingWorkflow" "profilingWrapper" "main" 
".getClassesFromCache" "getClassDef" "is" "callNextMethod" "updateObject" "updateObject" ".nextMethod" "eval" "eval" "callNextMethod" ".local" "colData" "colData" "rownames" ".local" "colnames" "colnames" "dimnames" "dimnames" "dimnames" "assays" "assays" "assay" "assay" "computeSCR" ".filterSCRTMT" "stepPreProcessingTMT" "stepPreProcessing" "profilingWorkflow" "profilingWrapper" "main" 
"doTryCatch" "tryCatchOne" "tryCatchList" "tryCatch" "try" "validObject" "initialize" "initialize" "new" "new2" "NativeNSBS" "replaceROWS" "replaceROWS" "mergeROWS" "mergeROWS" ".nextMethod" "eval" "eval" "callNextMethod" "[<-" "[<-" "replaceCOLS" "replaceCOLS" "[<-" "[<-" "computeSCR" ".filterSCRTMT" "stepPreProcessingTMT" "stepPreProcessing" "profilingWorkflow" "profilingWrapper" "main" 
"aperm" "apply" "computeSCR" ".filterSCRTMT" "stepPreProcessingTMT" "stepPreProcessing" "profilingWorkflow" "profilingWrapper" "main" 
"NROW" "standardGeneric" "NROW" "RangeNSBS" "NSBS" "NSBS" "normalizeSingleBracketSubscript" "recycleSingleBracketReplacementValue" "[<-" "[<-" "computeSCR" ".filterSCRTMT" "stepPreProcessingTMT" "stepPreProcessing" "profilingWorkflow" "profilingWrapper" "main" 
"stopifnot" "is" ".inheritedArgsExpression" ".findInheritedMethods" "selectMethod" ".selectClosestMethod1" "updateObject" "updateObject" "rowRanges" "rowRanges" "names" "names" "names" ".local" "rownames" "rownames" "dimnames" "dimnames" "dimnames" "assays" "assays" "assay" "assay" "computeSCR" ".filterSCRTMT" "stepPreProcessingTMT" "stepPreProcessing" "profilingWorkflow" "profilingWrapper" "main" 
"is" "callNextMethod" "methods:::loadMethod" "methods:::loadMethod" "parallel_slot_names" "slot" "standardGeneric" "NROW" "length" "length" "length" ".nextMethod" "callNextMethod" "doTryCatch" "tryCatchOne" "tryCatchList" "tryCatch" "try" "coerce2" "coerce2" ".make_endoapply_ans" "endoapply" "assays" "assays" "assay" "assay" "computeSCR" ".filterSCRTMT" "stepPreProcessingTMT" "stepPreProcessing" "profilingWorkflow" "profilingWrapper" "main" 
"getGeneric" "environment" "cacheMethod" "callNextMethod" "METHOD" "updateObject" "updateObject" "rowRanges" "rowRanges" "<Anonymous>" "unsafe_replaceSlots" "BiocGenerics:::replaceSlots" "mcols<-" "mcols<-" "rowData<-" "rowData<-" "computeSCR" ".filterSCRTMT" "stepPreProcessingTMT" "stepPreProcessing" "profilingWorkflow" "profilingWrapper" "main" 
"updateObject" "METHOD" "updateObject" "updateObject" "rowRanges" "rowRanges" "names" "names" "names" ".local" "rownames" "rownames" "dimnames" "dimnames" "dimnames" "assays" "assays" "assay" "assay" "computeSCR" ".filterSCRTMT" "stepPreProcessingTMT" "stepPreProcessing" "profilingWorkflow" "profilingWrapper" "main" 
"stopifnot" "is" "callNextMethod" "parallel_slot_names" "parallel_slot_names" "slot" "standardGeneric" "NROW" "length" "length" "length" "NROW" "standardGeneric" "NROW" "...elt" "stopifnot" "replaceROWS" "replaceROWS" "mergeROWS" "mergeROWS" ".nextMethod" "eval" "eval" "callNextMethod" "[<-" "[<-" "replaceCOLS" "replaceCOLS" "[<-" "[<-" "computeSCR" ".filterSCRTMT" "stepPreProcessingTMT" "stepPreProcessing" "profilingWorkflow" "profilingWrapper" "main" 
"getClassDef" "is" "callNextMethod" "parallel_slot_names" "parallel_slot_names" "slot" "standardGeneric" "NROW" "length" "length" "length" "assay" "assay" "computeSCR" ".filterSCRTMT" "stepPreProcessingTMT" "stepPreProcessing" "profilingWorkflow" "profilingWrapper" "main" 
"doTryCatch" "tryCatchOne" "tryCatchList" "tryCatch" "try" "validObject" "initialize" "initialize" "new" "new2" "new_DataFrame" "asMethod" "as" "asMethod" "as" "asMethod" "as" "normalizeSingleBracketReplacementValue" "normalizeSingleBracketReplacementValue" "[<-" "[<-" "computeSCR" ".filterSCRTMT" "stepPreProcessingTMT" "stepPreProcessing" "profilingWorkflow" "profilingWrapper" "main" 
"updateObject" "updateObject" "updateObject" "rowRanges" "rowRanges" "names" "names" "names" ".local" "rownames" "rownames" "dimnames" "dimnames" "dimnames" "assays" "assays" "assay" "assay" "computeSCR" ".filterSCRTMT" "stepPreProcessingTMT" "stepPreProcessing" "profilingWorkflow" "profilingWrapper" "main" 
"match.fun" "doTryCatch" "tryCatchOne" "tryCatchList" "tryCatch" "try" ".nextMethod" "callNextMethod" "doTryCatch" "tryCatchOne" "tryCatchList" "tryCatch" "try" "coerce2" "coerce2" ".make_endoapply_ans" "endoapply" "assays" "assays" "assay" "assay" "computeSCR" ".filterSCRTMT" "stepPreProcessingTMT" "stepPreProcessing" "profilingWorkflow" "profilingWrapper" "main" 
"anyNA" "stopifnot" "is" "callNextMethod" "parallel_slot_names" "parallel_slot_names" "extractROWS" "extractROWS" "replaceROWS" "replaceROWS" "mergeROWS" "mergeROWS" ".nextMethod" "eval" "eval" "callNextMethod" "[<-" "[<-" "replaceCOLS" "replaceCOLS" "[<-" "[<-" "computeSCR" ".filterSCRTMT" "stepPreProcessingTMT" "stepPreProcessing" "profilingWorkflow" "profilingWrapper" "main" 
"is" "normalizeDoubleBracketSubscript" "getListElement" "getListElement" "getListElement" "getListElement" "[[" "[[" "assay" "assay" "computeSCR" ".filterSCRTMT" "stepPreProcessingTMT" "stepPreProcessing" "profilingWorkflow" "profilingWrapper" "main" 
"validObject" "initialize" "initialize" "new" "new2" "new_DataFrame" "asMethod" "as" "asMethod" "as" "asMethod" "as" "normalizeSingleBracketReplacementValue" "normalizeSingleBracketReplacementValue" "[<-" "[<-" "computeSCR" ".filterSCRTMT" "stepPreProcessingTMT" "stepPreProcessing" "profilingWorkflow" "profilingWrapper" "main" 
"updateObject" "updateObject" ".nextMethod" "callNextMethod" "METHOD" "updateObject" "updateObject" "rowRanges" "rowRanges" "mcols" "mcols" "mcols" "FUN" "lapply" "lapply" "lapply" "lapply" "List" "rowData" "rowData" "colnames" "sapply" ".checkFilterVariables" "filterFeaturesWithFormula" ".local" "filterFeatures" "filterFeatures" "withCallingHandlers" "suppressMessages" ".filterSCRTMT" "stepPreProcessingTMT" "stepPreProcessing" "profilingWorkflow" "profilingWrapper" "main" 
"rev" "validObject" "initialize" "initialize" "new" ".findNextFromTable" "addNextMethod" "addNextMethod" "callNextMethod" "METHOD" "updateObject" "updateObject" "rowRanges" "rowRanges" "mcols" "mcols" "mcols" "FUN" "lapply" "lapply" "lapply" "lapply" "List" "rowData" "rowData" "colnames" "sapply" ".checkFilterVariables" "filterFeaturesWithFormula" ".local" "filterFeatures" "filterFeatures" "withCallingHandlers" "suppressMessages" ".filterSCRTMT" "stepPreProcessingTMT" "stepPreProcessing" "profilingWorkflow" "profilingWrapper" "main" 
"get0" "getClassDef" "FUN" "lapply" "sapply" "sapply" "standardGeneric" "which" "S4Vectors:::listClassName" "CharacterList" "colnames" "colnames" "sapply" ".checkFilterVariables" "filterFeaturesWithFormula" ".local" "filterFeatures" "filterFeatures" "withCallingHandlers" "suppressMessages" ".filterSCRTMT" "stepPreProcessingTMT" "stepPreProcessing" "profilingWorkflow" "profilingWrapper" "main" 
"structure" "f_new" "f_rhs<-" "f_interp" "f_rhs" "lazyeval::f_eval" "doTryCatch" "tryCatchOne" "tryCatchList" "tryCatch" "FUN" "lapply" "lapply" "lapply" "lapply" "filterFeaturesWithFormula" ".local" "filterFeatures" "filterFeatures" "withCallingHandlers" "suppressMessages" ".filterSCRTMT" "stepPreProcessingTMT" "stepPreProcessing" "profilingWorkflow" "profilingWrapper" "main" 
"mget" ".findInheritedMethods" ".findNextFromTable" "addNextMethod" "addNextMethod" "callNextMethod" "METHOD" "updateObject" "updateObject" "rowRanges" "rowRanges" "mcols" "mcols" "mcols" ".nextMethod" "eval" "eval" "callNextMethod" ".local" "rowData" "rowData" "FUN" "lapply" "lapply" "lapply" "lapply" "filterFeaturesWithFormula" ".local" "filterFeatures" "filterFeatures" "withCallingHandlers" "suppressMessages" ".filterSCRTMT" "stepPreProcessingTMT" "stepPreProcessing" "profilingWorkflow" "profilingWrapper" "main" 
"sys.call" "callNextMethod" "updateObject" "updateObject" "updateObject" "updateObject" "[" "[" "<Anonymous>" "mapply" "eval" "eval" "eval" "standardGeneric" "mapply" "mendoapply" ".subsetROWS" ".local" "subsetByRow" "subsetByRow" "subsetByRow" "subsetByRow" ".local" ".nextMethod" "eval" "eval" "callNextMethod" "[" "[" "filterFeaturesWithFormula" ".local" "filterFeatures" "filterFeatures" "withCallingHandlers" "suppressMessages" ".filterSCRTMT" "stepPreProcessingTMT" "stepPreProcessing" "profilingWorkflow" "profilingWrapper" "main" 
"is" "callNextMethod" "parallel_slot_names" "parallel_slot_names" ".validate_Vector_parallel_slots" "method" "validityMethod" "isTRUE" "anyStrings" "validObject" "updateObject" "[" "[" "<Anonymous>" "mapply" "eval" "eval" "eval" "standardGeneric" "mapply" "mendoapply" ".subsetROWS" ".local" "subsetByRow" "subsetByRow" "subsetByRow" "subsetByRow" ".local" ".nextMethod" "eval" "eval" "callNextMethod" "[" "[" "filterFeaturesWithFormula" ".local" "filterFeatures" "filterFeatures" "withCallingHandlers" "suppressMessages" ".filterSCRTMT" "stepPreProcessingTMT" "stepPreProcessing" "profilingWorkflow" "profilingWrapper" "main" 
"as.integer" "as.integer" "as.integer" "normalizeSingleBracketSubscript" "FUN" "FUN" "lapply" "lapply" "extractROWS" "extractROWS" "METHOD" "extractROWS" "extractROWS" "subset_along_ROWS" ".nextMethod" "eval" "eval" "callNextMethod" "[" "[" ".nextMethod" "callNextMethod" "[" "[" "<Anonymous>" "mapply" "eval" "eval" "eval" "standardGeneric" "mapply" "mendoapply" ".subsetROWS" ".local" "subsetByRow" "subsetByRow" "subsetByRow" "subsetByRow" ".local" ".nextMethod" "eval" "eval" "callNextMethod" "[" "[" "filterFeaturesWithFormula" ".local" "filterFeatures" "filterFeatures" "withCallingHandlers" "suppressMessages" ".filterSCRTMT" "stepPreProcessingTMT" "stepPreProcessing" "profilingWorkflow" "profilingWrapper" "main" 
"duplicatedIntegerPairs" ".unique_classes" "lowestListElementClass" "coerceToSimpleList" "asMethod" "as" ".nextMethod" "callNextMethod" "doTryCatch" "tryCatchOne" "tryCatchList" "tryCatch" "try" "coerce2" "coerce2" ".make_endoapply_ans" "endoapply" "updateObject" "updateObject" ".nextMethod" "callNextMethod" ".nextMethod" "callNextMethod" "updateObject" "updateObject" "[" "[" "<Anonymous>" "mapply" "eval" "eval" "eval" "standardGeneric" "mapply" "mendoapply" ".subsetROWS" ".local" "subsetByRow" "subsetByRow" "subsetByRow" "subsetByRow" ".local" ".nextMethod" "eval" "eval" "callNextMethod" "[" "[" "filterFeaturesWithFormula" ".local" "filterFeatures" "filterFeatures" "withCallingHandlers" "suppressMessages" ".filterSCRTMT" "stepPreProcessingTMT" "stepPreProcessing" "profilingWorkflow" "profilingWrapper" "main" 
"%in%" ".getGeneric" "getGeneric" "as" "checkSlotAssignment" "methods::slot<-" "asMethod" "as" "method" "validityMethod" "isTRUE" "anyStrings" "validObject" "updateObject" "[" "[" "<Anonymous>" "mapply" "eval" "eval" "eval" "standardGeneric" "mapply" "mendoapply" ".subsetROWS" ".local" "subsetByRow" "subsetByRow" "subsetByRow" "subsetByRow" ".local" ".nextMethod" "eval" "eval" "callNextMethod" "[" "[" "filterFeaturesWithFormula" ".local" "filterFeatures" "filterFeatures" "withCallingHandlers" "suppressMessages" ".filterSCRTMT" "stepPreProcessingTMT" "stepPreProcessing" "profilingWorkflow" "profilingWrapper" "main" 
".newSignature" ".findInheritedMethods" "selectMethod" ".selectClosestMethod1" "length" "length" "length" ".valid.GenomicRangesList.mcols" "method" "validityMethod" "isTRUE" "anyStrings" "validObject" "initialize" "initialize" "METHOD" "extractROWS" "extractROWS" "subset_along_ROWS" ".nextMethod" "eval" "eval" "callNextMethod" "[" "[" ".nextMethod" "callNextMethod" "[" "[" "<Anonymous>" "mapply" "eval" "eval" "eval" "standardGeneric" "mapply" "mendoapply" ".subsetROWS" ".local" "subsetByRow" "subsetByRow" "subsetByRow" "subsetByRow" ".local" ".nextMethod" "eval" "eval" "callNextMethod" "[" "[" "filterFeaturesWithFormula" ".local" "filterFeatures" "filterFeatures" "withCallingHandlers" "suppressMessages" ".filterSCRTMT" "stepPreProcessingTMT" "stepPreProcessing" "profilingWorkflow" "profilingWrapper" "main" 
"[[" ".findInheritedMethods" ".findNextFromTable" "addNextMethod" "addNextMethod" "callNextMethod" ".nextMethod" "callNextMethod" ".nextMethod" "callNextMethod" "updateObject" "updateObject" "[" "[" "<Anonymous>" "mapply" "eval" "eval" "eval" "standardGeneric" "mapply" "mendoapply" ".subsetROWS" ".local" "subsetByRow" "subsetByRow" "subsetByRow" "subsetByRow" ".local" ".nextMethod" "eval" "eval" "callNextMethod" "[" "[" "filterFeaturesWithFormula" ".local" "filterFeatures" "filterFeatures" "withCallingHandlers" "suppressMessages" ".filterSCRTMT" "stepPreProcessingTMT" "stepPreProcessing" "profilingWorkflow" "profilingWrapper" "main" 
"updateObject" "updateObject" "extractROWS" "extractROWS" "[" "[" ".nextMethod" "callNextMethod" "[" "[" "<Anonymous>" "mapply" "eval" "eval" "eval" "standardGeneric" "mapply" "mendoapply" ".subsetROWS" ".local" "subsetByRow" "subsetByRow" "subsetByRow" "subsetByRow" ".local" ".nextMethod" "eval" "eval" "callNextMethod" "[" "[" "filterFeaturesWithFormula" ".local" "filterFeatures" "filterFeatures" "withCallingHandlers" "suppressMessages" ".filterSCRTMT" "stepPreProcessingTMT" "stepPreProcessing" "profilingWorkflow" "profilingWrapper" "main" 
"@<-" "updateObject" "updateObject" "updateObject" "updateObject" "rowRanges" "rowRanges" "names" "names" "names" ".local" "rownames" "rownames" "<Anonymous>" "mapply" "eval" "eval" "eval" "standardGeneric" "mapply" "mendoapply" ".subsetROWS" ".local" "subsetByRow" "subsetByRow" "subsetByRow" "subsetByRow" ".local" ".nextMethod" "eval" "eval" "callNextMethod" "[" "[" "filterFeaturesWithFormula" ".local" "filterFeatures" "filterFeatures" "withCallingHandlers" "suppressMessages" ".filterSCRTMT" "stepPreProcessingTMT" "stepPreProcessing" "profilingWorkflow" "profilingWrapper" "main" 
"@<-" ".nextMethod" "callNextMethod" "updateObject" "updateObject" ".nextMethod" "callNextMethod" "updateObject" "updateObject" "METHOD" "updateObject" "updateObject" ".nextMethod" "callNextMethod" "updateObject" "updateObject" "[" "[" "<Anonymous>" "mapply" "eval" "eval" "eval" "standardGeneric" "mapply" "mendoapply" ".subsetROWS" ".local" "subsetByRow" "subsetByRow" "subsetByRow" "subsetByRow" ".local" ".nextMethod" "eval" "eval" "callNextMethod" "[" "[" "filterFeaturesWithFormula" ".local" "filterFeatures" "filterFeatures" "withCallingHandlers" "suppressMessages" ".filterSCRTMT" "stepPreProcessingTMT" "stepPreProcessing" "profilingWorkflow" "profilingWrapper" "main" 
"extractROWS" "extractROWS" "FUN" "lapply" "lapply" "extractROWS" "extractROWS" "METHOD" "extractROWS" "extractROWS" "subset_along_ROWS" ".nextMethod" "eval" "eval" "callNextMethod" "[" "[" ".nextMethod" "callNextMethod" "[" "[" "<Anonymous>" "mapply" "eval" "eval" "eval" "standardGeneric" "mapply" "mendoapply" ".subsetROWS" ".local" "subsetByRow" "subsetByRow" "subsetByRow" "subsetByRow" ".local" ".nextMethod" "eval" "eval" "callNextMethod" "[" "[" "filterFeaturesWithFormula" ".local" "filterFeatures" "filterFeatures" "withCallingHandlers" "suppressMessages" ".filterSCRTMT" "stepPreProcessingTMT" "stepPreProcessing" "profilingWorkflow" "profilingWrapper" "main" 
".make_numeric_version" "numeric_version" "as.numeric_version" "Ops.numeric_version" "updateObject" "updateObject" "[" "[" "<Anonymous>" "mapply" "eval" "eval" "eval" "standardGeneric" "mapply" "mendoapply" ".subsetROWS" ".local" "subsetByRow" "subsetByRow" "subsetByRow" "subsetByRow" ".local" ".nextMethod" "eval" "eval" "callNextMethod" "[" "[" "filterFeaturesWithFormula" ".local" "filterFeatures" "filterFeatures" "withCallingHandlers" "suppressMessages" ".filterSCRTMT" "stepPreProcessingTMT" "stepPreProcessing" "profilingWorkflow" "profilingWrapper" "main" 
"as" "checkSlotAssignment" "methods::slot<-" "asMethod" "as" "doTryCatch" "tryCatchOne" "tryCatchList" "tryCatch" "try" "method" "validityMethod" "isTRUE" "anyStrings" "validObject" "updateObject" "[" "[" "<Anonymous>" "mapply" "eval" "eval" "eval" "standardGeneric" "mapply" "mendoapply" ".subsetROWS" ".local" "subsetByRow" "subsetByRow" "subsetByRow" "subsetByRow" ".local" ".nextMethod" "eval" "eval" "callNextMethod" "[" "[" "filterFeaturesWithFormula" ".local" "filterFeatures" "filterFeatures" "withCallingHandlers" "suppressMessages" ".filterSCRTMT" "stepPreProcessingTMT" "stepPreProcessing" "profilingWorkflow" "profilingWrapper" "main" 
"getGeneric" "selectMethod" ".selectClosestMethod1" "names" "names" "names" ".validate_Vector_names" "method" "validityMethod" "isTRUE" "anyStrings" "validObject" "initialize" "initialize" "METHOD" "extractROWS" "extractROWS" "subset_along_ROWS" ".nextMethod" "eval" "eval" "callNextMethod" "[" "[" ".nextMethod" "callNextMethod" "[" "[" "<Anonymous>" "mapply" "eval" "eval" "eval" "standardGeneric" "mapply" "mendoapply" ".subsetROWS" ".local" "subsetByRow" "subsetByRow" "subsetByRow" "subsetByRow" ".local" ".nextMethod" "eval" "eval" "callNextMethod" "[" "[" "filterFeaturesWithFormula" ".local" "filterFeatures" "filterFeatures" "withCallingHandlers" "suppressMessages" ".filterSCRTMT" "stepPreProcessingTMT" "stepPreProcessing" "profilingWorkflow" "profilingWrapper" "main" 
"updateObject" ".nextMethod" "callNextMethod" ".nextMethod" "callNextMethod" "updateObject" "updateObject" "[" "[" "<Anonymous>" "mapply" "eval" "eval" "eval" "standardGeneric" "mapply" "mendoapply" ".subsetROWS" ".local" "subsetByRow" "subsetByRow" "subsetByRow" "subsetByRow" ".local" ".nextMethod" "eval" "eval" "callNextMethod" "[" "[" "filterFeaturesWithFormula" ".local" "filterFeatures" "filterFeatures" "withCallingHandlers" "suppressMessages" ".filterSCRTMT" "stepPreProcessingTMT" "stepPreProcessing" "profilingWorkflow" "profilingWrapper" "main" 
"disableValidity" "new2" "NativeNSBS" "NSBS" "NSBS" "normalizeSingleBracketSubscript" "extractROWS" "extractROWS" "[" "[" ".nextMethod" "callNextMethod" "[" "[" "<Anonymous>" "mapply" "eval" "eval" "eval" "standardGeneric" "mapply" "mendoapply" ".subsetROWS" ".local" "subsetByRow" "subsetByRow" "subsetByRow" "subsetByRow" ".local" ".nextMethod" "eval" "eval" "callNextMethod" "[" "[" "filterFeaturesWithFormula" ".local" "filterFeatures" "filterFeatures" "withCallingHandlers" "suppressMessages" ".filterSCRTMT" "stepPreProcessingTMT" "stepPreProcessing" "profilingWorkflow" "profilingWrapper" "main" 
"callNextMethod" "updateObject" "updateObject" ".nextMethod" "callNextMethod" "updateObject" "updateObject" "updateObject" "updateObject" "rowRanges" "rowRanges" "names" "names" "names" ".local" "rownames" "rownames" "<Anonymous>" "mapply" "eval" "eval" "eval" "standardGeneric" "mapply" "mendoapply" ".subsetROWS" ".local" "subsetByRow" "subsetByRow" "subsetByRow" "subsetByRow" ".local" ".nextMethod" "eval" "eval" "callNextMethod" "[" "[" "filterFeaturesWithFormula" ".local" "filterFeatures" "filterFeatures" "withCallingHandlers" "suppressMessages" ".filterSCRTMT" "stepPreProcessingTMT" "stepPreProcessing" "profilingWorkflow" "profilingWrapper" "main" 
"rev.default" "rev" "validObject" "updateObject" ".nextMethod" "callNextMethod" "updateObject" "updateObject" "METHOD" "updateObject" "updateObject" ".nextMethod" "callNextMethod" "updateObject" "updateObject" "[" "[" "<Anonymous>" "mapply" "eval" "eval" "eval" "standardGeneric" "mapply" "mendoapply" ".subsetROWS" ".local" "subsetByRow" "subsetByRow" "subsetByRow" "subsetByRow" ".local" ".nextMethod" "eval" "eval" "callNextMethod" "[" "[" "filterFeaturesWithFormula" ".local" "filterFeatures" "filterFeatures" "withCallingHandlers" "suppressMessages" ".filterSCRTMT" "stepPreProcessingTMT" "stepPreProcessing" "profilingWorkflow" "profilingWrapper" "main" 
".getClassesFromCache" "getClassDef" "is" "callNextMethod" "parallel_slot_names" "parallel_slot_names" "extractROWS" "extractROWS" "FUN" "lapply" "lapply" "extractROWS" "extractROWS" "METHOD" "extractROWS" "extractROWS" "subset_along_ROWS" ".nextMethod" "eval" "eval" "callNextMethod" "[" "[" ".nextMethod" "callNextMethod" "[" "[" "<Anonymous>" "mapply" "eval" "eval" "eval" "standardGeneric" "mapply" "mendoapply" ".subsetROWS" ".local" "subsetByRow" "subsetByRow" "subsetByRow" "subsetByRow" ".local" ".nextMethod" "eval" "eval" "callNextMethod" "[" "[" "filterFeaturesWithFormula" ".local" "filterFeatures" "filterFeatures" "withCallingHandlers" "suppressMessages" ".filterSCRTMT" "stepPreProcessingTMT" "stepPreProcessing" "profilingWorkflow" "profilingWrapper" "main" 
".identC" "possibleExtends" "validObject" "updateObject" "updateObject" "updateObject" "[" "[" "<Anonymous>" "mapply" "eval" "eval" "eval" "standardGeneric" "mapply" "mendoapply" ".subsetROWS" ".local" "subsetByRow" "subsetByRow" "subsetByRow" "subsetByRow" ".local" ".nextMethod" "eval" "eval" "callNextMethod" "[" "[" "filterFeaturesWithFormula" ".local" "filterFeatures" "filterFeatures" "withCallingHandlers" "suppressMessages" ".filterSCRTMT" "stepPreProcessingTMT" "stepPreProcessing" "profilingWorkflow" "profilingWrapper" "main" 
"is" ".findMethodInTable" ".quickCoerceSelect" "as" "checkSlotAssignment" "methods::slot<-" "asMethod" "as" ".validate_Vector_length" "method" "validityMethod" "isTRUE" "anyStrings" "validObject" "updateObject" "[" "[" "<Anonymous>" "mapply" "eval" "eval" "eval" "standardGeneric" "mapply" "mendoapply" ".subsetROWS" ".local" "subsetByRow" "subsetByRow" "subsetByRow" "subsetByRow" ".local" ".nextMethod" "eval" "eval" "callNextMethod" "[" "[" "filterFeaturesWithFormula" ".local" "filterFeatures" "filterFeatures" "withCallingHandlers" "suppressMessages" ".filterSCRTMT" "stepPreProcessingTMT" "stepPreProcessing" "profilingWorkflow" "profilingWrapper" "main" 
"is" ".findMethodInTable" ".quickCoerceSelect" "as" "checkSlotAssignment" "methods::slot<-" "asMethod" "as" ".validate_Vector_length" "method" "validityMethod" "isTRUE" "anyStrings" "validObject" "updateObject" "[" "[" "<Anonymous>" "mapply" "eval" "eval" "eval" "standardGeneric" "mapply" "mendoapply" ".subsetROWS" ".local" "subsetByRow" "subsetByRow" "subsetByRow" "subsetByRow" ".local" ".nextMethod" "eval" "eval" "callNextMethod" "[" "[" "filterFeaturesWithFormula" ".local" "filterFeatures" "filterFeatures" "withCallingHandlers" "suppressMessages" ".filterSCRTMT" "stepPreProcessingTMT" "stepPreProcessing" "profilingWorkflow" "profilingWrapper" "main" 
"is" ".findMethodInTable" ".quickCoerceSelect" "as" "checkSlotAssignment" "methods::slot<-" "asMethod" "as" ".validate_Vector_length" "method" "validityMethod" "isTRUE" "anyStrings" "validObject" "updateObject" "[" "[" "<Anonymous>" "mapply" "eval" "eval" "eval" "standardGeneric" "mapply" "mendoapply" ".subsetROWS" ".local" "subsetByRow" "subsetByRow" "subsetByRow" "subsetByRow" ".local" ".nextMethod" "eval" "eval" "callNextMethod" "[" "[" "filterFeaturesWithFormula" ".local" "filterFeatures" "filterFeatures" "withCallingHandlers" "suppressMessages" ".filterSCRTMT" "stepPreProcessingTMT" "stepPreProcessing" "profilingWorkflow" "profilingWrapper" "main" 
"is" ".findMethodInTable" ".quickCoerceSelect" "as" "checkSlotAssignment" "methods::slot<-" "asMethod" "as" ".validate_Vector_length" "method" "validityMethod" "isTRUE" "anyStrings" "validObject" "updateObject" "[" "[" "<Anonymous>" "mapply" "eval" "eval" "eval" "standardGeneric" "mapply" "mendoapply" ".subsetROWS" ".local" "subsetByRow" "subsetByRow" "subsetByRow" "subsetByRow" ".local" ".nextMethod" "eval" "eval" "callNextMethod" "[" "[" "filterFeaturesWithFormula" ".local" "filterFeatures" "filterFeatures" "withCallingHandlers" "suppressMessages" ".filterSCRTMT" "stepPreProcessingTMT" "stepPreProcessing" "profilingWorkflow" "profilingWrapper" "main" 
"as" "length" "length" "length" "dim" "dim" "dim" "ncol" "standardGeneric" "ncol" ".valid.SummarizedExperiment.assays_ncol" ".valid.SummarizedExperiment.assays_dim" "method" "validityMethod" "isTRUE" "anyStrings" "validObject" "updateObject" "[" "[" "<Anonymous>" "mapply" "eval" "eval" "eval" "standardGeneric" "mapply" "mendoapply" ".subsetROWS" ".local" "subsetByRow" "subsetByRow" "subsetByRow" "subsetByRow" ".local" ".nextMethod" "eval" "eval" "callNextMethod" "[" "[" "filterFeaturesWithFormula" ".local" "filterFeatures" "filterFeatures" "withCallingHandlers" "suppressMessages" ".filterSCRTMT" "stepPreProcessingTMT" "stepPreProcessing" "profilingWorkflow" "profilingWrapper" "main" 
".getMethodsTable" "getMethodsForDispatch" "selectMethod" ".selectClosestMethod1" "length" "length" "length" ".validate_Vector_names" "method" "validityMethod" "isTRUE" "anyStrings" "validObject" "initialize" "initialize" "METHOD" "extractROWS" "extractROWS" "subset_along_ROWS" ".nextMethod" "eval" "eval" "callNextMethod" "[" "[" ".nextMethod" "callNextMethod" "[" "[" "<Anonymous>" "mapply" "eval" "eval" "eval" "standardGeneric" "mapply" "mendoapply" ".subsetROWS" ".local" "subsetByRow" "subsetByRow" "subsetByRow" "subsetByRow" ".local" ".nextMethod" "eval" "eval" "callNextMethod" "[" "[" "filterFeaturesWithFormula" ".local" "filterFeatures" "filterFeatures" "withCallingHandlers" "suppressMessages" ".filterSCRTMT" "stepPreProcessingTMT" "stepPreProcessing" "profilingWorkflow" "profilingWrapper" "main" 
"structure" "asS4" ".asS4" ".newSignature" ".findInheritedMethods" ".findNextFromTable" "addNextMethod" "addNextMethod" "callNextMethod" "METHOD" "updateObject" "updateObject" "rowRanges" "rowRanges" "names" "names" "names" ".local" "rownames" "rownames" "dimnames" "dimnames" "dimnames" "f" "doTryCatch" "tryCatchOne" "tryCatchList" "tryCatch" "try" "standardGeneric" "%in%" "FUN" "vapply" ".getMethErr" ".testMethodsTable" "method" "validityMethod" "isTRUE" "anyStrings" "validObject" "initialize" "initialize" "new" "coerceToExperimentList" "asMethod" "as" ".nextMethod" "callNextMethod" "doTryCatch" "tryCatchOne" "tryCatchList" "tryCatch" "try" "coerce2" "coerce2" ".make_endoapply_ans" "mendoapply" ".subsetROWS" ".local" "subsetByRow" "subsetByRow" "subsetByRow" "subsetByRow" ".local" ".nextMethod" "eval" "eval" "callNextMethod" "[" "[" "filterFeaturesWithFormula" ".local" "filterFeatures" "filterFeatures" "withCallingHandlers" "suppressMessages" ".filterSCRTMT" "stepPreProcessingTMT" "stepPreProcessing" "profilingWorkflow" "profilingWrapper" "main" 
"selectMethod" ".selectClosestMethod1" "updateObject" "updateObject" "rowRanges" "rowRanges" "names" "names" "names" ".local" "rownames" "rownames" "dimnames" "dimnames" "dimnames" "f" "doTryCatch" "tryCatchOne" "tryCatchList" "tryCatch" "try" "standardGeneric" "%in%" "FUN" "vapply" ".getMethErr" ".testMethodsTable" "method" "validityMethod" "isTRUE" "anyStrings" "validObject" "initialize" "initialize" "new" "coerceToExperimentList" "asMethod" "as" ".nextMethod" "callNextMethod" "doTryCatch" "tryCatchOne" "tryCatchList" "tryCatch" "try" "coerce2" "coerce2" ".make_endoapply_ans" "mendoapply" ".subsetROWS" ".local" "subsetByRow" "subsetByRow" "subsetByRow" "subsetByRow" ".local" ".nextMethod" "eval" "eval" "callNextMethod" "[" "[" "filterFeaturesWithFormula" ".local" "filterFeatures" "filterFeatures" "withCallingHandlers" "suppressMessages" ".filterSCRTMT" "stepPreProcessingTMT" "stepPreProcessing" "profilingWorkflow" "profilingWrapper" "main" 
".nextMethod" "callNextMethod" "METHOD" "updateObject" "updateObject" "rowRanges" "rowRanges" "names" "names" "names" ".local" "rownames" "rownames" "dimnames" "dimnames" "dimnames" "f" "doTryCatch" "tryCatchOne" "tryCatchList" "tryCatch" "try" "standardGeneric" "%in%" "FUN" "vapply" ".getMethErr" ".testMethodsTable" "method" "validityMethod" "isTRUE" "anyStrings" "validObject" "initialize" "initialize" "new" "coerceToExperimentList" "asMethod" "as" ".nextMethod" "callNextMethod" "doTryCatch" "tryCatchOne" "tryCatchList" "tryCatch" "try" "coerce2" "coerce2" ".make_endoapply_ans" "mendoapply" ".subsetROWS" ".local" "subsetByRow" "subsetByRow" "subsetByRow" "subsetByRow" ".local" ".nextMethod" "eval" "eval" "callNextMethod" "[" "[" "filterFeaturesWithFormula" ".local" "filterFeatures" "filterFeatures" "withCallingHandlers" "suppressMessages" ".filterSCRTMT" "stepPreProcessingTMT" "stepPreProcessing" "profilingWorkflow" "profilingWrapper" "main" 
"...elt" "stopifnot" "is" "callNextMethod" "updateObject" "updateObject" "updateObject" "updateObject" "METHOD" "updateObject" "updateObject" "rowRanges" "rowRanges" "names" "names" "names" ".local" "rownames" "rownames" "dimnames" "dimnames" "dimnames" "f" "doTryCatch" "tryCatchOne" "tryCatchList" "tryCatch" "try" "standardGeneric" "%in%" "FUN" "vapply" ".getMethErr" ".testMethodsTable" "method" "validityMethod" "isTRUE" "anyStrings" "validObject" "initialize" "initialize" "new" "coerceToExperimentList" "asMethod" "as" ".nextMethod" "callNextMethod" "doTryCatch" "tryCatchOne" "tryCatchList" "tryCatch" "try" "coerce2" "coerce2" ".make_endoapply_ans" "mendoapply" ".subsetROWS" ".local" "subsetByRow" "subsetByRow" "subsetByRow" "subsetByRow" ".local" ".nextMethod" "eval" "eval" "callNextMethod" "[" "[" "filterFeaturesWithFormula" ".local" "filterFeatures" "filterFeatures" "withCallingHandlers" "suppressMessages" ".filterSCRTMT" "stepPreProcessingTMT" "stepPreProcessing" "profilingWorkflow" "profilingWrapper" "main" 
"structure" "asS4" ".asS4" ".newSignature" ".findInheritedMethods" "selectMethod" ".selectClosestMethod1" "names" "names" "names" "names" "names" "names" ".local" "rownames" "rownames" "dimnames" "dimnames" "dimnames" "f" "doTryCatch" "tryCatchOne" "tryCatchList" "tryCatch" "try" "standardGeneric" "%in%" "FUN" "vapply" ".getMethErr" ".testMethodsTable" "method" "validityMethod" "isTRUE" "anyStrings" "validObject" "initialize" "initialize" "new" "coerceToExperimentList" "asMethod" "as" ".nextMethod" "callNextMethod" "doTryCatch" "tryCatchOne" "tryCatchList" "tryCatch" "try" "coerce2" "coerce2" ".make_endoapply_ans" "mendoapply" ".subsetROWS" ".local" "subsetByRow" "subsetByRow" "subsetByRow" "subsetByRow" ".local" ".nextMethod" "eval" "eval" "callNextMethod" "[" "[" "filterFeaturesWithFormula" ".local" "filterFeatures" "filterFeatures" "withCallingHandlers" "suppressMessages" ".filterSCRTMT" "stepPreProcessingTMT" "stepPreProcessing" "profilingWorkflow" "profilingWrapper" "main" 
"new" ".findNextFromTable" "addNextMethod" "addNextMethod" "callNextMethod" "METHOD" "updateObject" "updateObject" "rowRanges" "rowRanges" "names" "names" "names" ".local" "rownames" "rownames" "dimnames" "dimnames" "dimnames" "f" "doTryCatch" "tryCatchOne" "tryCatchList" "tryCatch" "try" "standardGeneric" "%in%" "FUN" "vapply" ".getMethErr" ".testMethodsTable" "method" "validityMethod" "isTRUE" "anyStrings" "validObject" "initialize" "initialize" "new" "coerceToExperimentList" "asMethod" "as" ".nextMethod" "callNextMethod" "doTryCatch" "tryCatchOne" "tryCatchList" "tryCatch" "try" "coerce2" "coerce2" ".make_endoapply_ans" "mendoapply" ".subsetROWS" ".local" "subsetByRow" "subsetByRow" "subsetByRow" "subsetByRow" ".local" ".nextMethod" "eval" "eval" "callNextMethod" "[" "[" "filterFeaturesWithFormula" ".local" "filterFeatures" "filterFeatures" "withCallingHandlers" "suppressMessages" ".filterSCRTMT" "stepPreProcessingTMT" "stepPreProcessing" "profilingWorkflow" "profilingWrapper" "main" 
"lapply" ".newSignature" ".findInheritedMethods" "selectMethod" ".selectClosestMethod1" "updateObject" "updateObject" "rowRanges" "rowRanges" "names" "names" "names" ".local" "rownames" "rownames" "dimnames" "dimnames" "dimnames" "f" "doTryCatch" "tryCatchOne" "tryCatchList" "tryCatch" "try" "standardGeneric" "%in%" "FUN" "vapply" ".getMethErr" ".testMethodsTable" "method" "validityMethod" "isTRUE" "anyStrings" "validObject" "initialize" "initialize" "new" "coerceToExperimentList" "asMethod" "as" ".nextMethod" "callNextMethod" "doTryCatch" "tryCatchOne" "tryCatchList" "tryCatch" "try" "coerce2" "coerce2" ".make_endoapply_ans" "mendoapply" ".subsetROWS" ".local" "subsetByRow" "subsetByRow" "subsetByRow" "subsetByRow" ".local" ".nextMethod" "eval" "eval" "callNextMethod" "[" "[" "filterFeaturesWithFormula" ".local" "filterFeatures" "filterFeatures" "withCallingHandlers" "suppressMessages" ".filterSCRTMT" "stepPreProcessingTMT" "stepPreProcessing" "profilingWorkflow" "profilingWrapper" "main" 
"exists" ".getGenericFromCacheTable" ".getGenericFromCache" ".getGeneric" "getGeneric" "environment" "cacheMethod" "callNextMethod" "METHOD" "updateObject" "updateObject" "rowRanges" "rowRanges" "names" "names" "names" ".local" "rownames" "rownames" "dimnames" "dimnames" "dimnames" "FUN" "lapply" "lapply" "lapply" "lapply" ".class1" "as" "dimnames" "dimnames" "dimnames" "dimnames" "dimnames" "dimnames" "%||%" "colnames" "colnames" "experiments<-" "experiments<-" "subsetByRow" "subsetByRow" ".local" ".nextMethod" "eval" "eval" "callNextMethod" "[" "[" "filterFeaturesWithFormula" ".local" "filterFeatures" "filterFeatures" "withCallingHandlers" "suppressMessages" ".filterSCRTMT" "stepPreProcessingTMT" "stepPreProcessing" "profilingWorkflow" "profilingWrapper" "main" 
".fillSignatures" ".findInheritedMethods" ".findNextFromTable" "addNextMethod" "addNextMethod" "callNextMethod" "METHOD" "updateObject" "updateObject" "rowRanges" "rowRanges" "names" "names" "names" ".local" "rownames" "rownames" "dimnames" "dimnames" "dimnames" "FUN" "lapply" "lapply" "lapply" "lapply" ".class1" "as" "dimnames" "dimnames" "dimnames" "dimnames" "dimnames" "dimnames" "%||%" "colnames" "colnames" "experiments<-" "experiments<-" "subsetByRow" "subsetByRow" ".local" ".nextMethod" "eval" "eval" "callNextMethod" "[" "[" "filterFeaturesWithFormula" ".local" "filterFeatures" "filterFeatures" "withCallingHandlers" "suppressMessages" ".filterSCRTMT" "stepPreProcessingTMT" "stepPreProcessing" "profilingWorkflow" "profilingWrapper" "main" 
"stopifnot" "is" "callNextMethod" "updateObject" "updateObject" "updateObject" "updateObject" "updateObject" "updateObject" "rowRanges" "rowRanges" "names" "names" "names" ".local" "rownames" "rownames" "dimnames" "dimnames" "dimnames" "FUN" "lapply" "lapply" "lapply" "lapply" ".class1" "as" "dimnames" "dimnames" "dimnames" "dimnames" "dimnames" "dimnames" "%||%" "colnames" "colnames" "experiments<-" "experiments<-" "subsetByRow" "subsetByRow" ".local" ".nextMethod" "eval" "eval" "callNextMethod" "[" "[" "filterFeaturesWithFormula" ".local" "filterFeatures" "filterFeatures" "withCallingHandlers" "suppressMessages" ".filterSCRTMT" "stepPreProcessingTMT" "stepPreProcessing" "profilingWorkflow" "profilingWrapper" "main" 
".findInheritedMethods" "selectMethod" ".selectClosestMethod1" "names" "names" "names" "names" "names" "names" ".local" "rownames" "rownames" "dimnames" "dimnames" "dimnames" "FUN" "lapply" "lapply" "lapply" "lapply" ".class1" "as" "dimnames" "dimnames" "dimnames" "dimnames" "dimnames" "dimnames" "%||%" "colnames" "colnames" "experiments<-" "experiments<-" "subsetByRow" "subsetByRow" ".local" ".nextMethod" "eval" "eval" "callNextMethod" "[" "[" "filterFeaturesWithFormula" ".local" "filterFeatures" "filterFeatures" "withCallingHandlers" "suppressMessages" ".filterSCRTMT" "stepPreProcessingTMT" "stepPreProcessing" "profilingWorkflow" "profilingWrapper" "main" 
"topenv" "getClassDef" "FUN" "lapply" "sapply" "sapply" "standardGeneric" "which" "listClassName" ".selectListClassName" "relistToClass" "relistToClass" "relist" "standardGeneric" "relist" ".coerceToList" "asMethod" "as" "dimnames" "dimnames" "dimnames" "dimnames" "dimnames" "dimnames" "%||%" "colnames" "colnames" "experiments<-" "experiments<-" "subsetByRow" "subsetByRow" ".local" ".nextMethod" "eval" "eval" "callNextMethod" "[" "[" "filterFeaturesWithFormula" ".local" "filterFeatures" "filterFeatures" "withCallingHandlers" "suppressMessages" ".filterSCRTMT" "stepPreProcessingTMT" "stepPreProcessing" "profilingWorkflow" "profilingWrapper" "main" 
"extends" "new_Hits" "Hits" "initialize" "initialize" "new" "AssayLink" "FUN" "lapply" "lapply" "lapply" "lapply" "endoapply" ".pruneAssayLinks" "[" "[" "filterFeaturesWithFormula" ".local" "filterFeatures" "filterFeatures" "withCallingHandlers" "suppressMessages" ".filterSCRTMT" "stepPreProcessingTMT" "stepPreProcessing" "profilingWorkflow" "profilingWrapper" "main" 
"@<-" ".nextMethod" "callNextMethod" "updateObject" "updateObject" "updateObject" "updateObject" "METHOD" "updateObject" "updateObject" "rowRanges" "rowRanges" "names" "names" "names" ".local" "rownames" "rownames" "standardGeneric" "%in%" ".checkLinksInHits" ".validAssayLink" ".validAssayLinks" ".pruneAssayLinks" "[" "[" "filterFeaturesWithFormula" ".local" "filterFeatures" "filterFeatures" "withCallingHandlers" "suppressMessages" ".filterSCRTMT" "stepPreProcessingTMT" "stepPreProcessing" "profilingWorkflow" "profilingWrapper" "main" 
".match_name" "normalizeDoubleBracketSubscript" "getListElement" "getListElement" "getListElement" "getListElement" "[[" "[[" "assayLink" ".validAssayLink" ".validAssayLinks" ".pruneAssayLinks" "[" "[" "filterFeaturesWithFormula" ".local" "filterFeatures" "filterFeatures" "withCallingHandlers" "suppressMessages" ".filterSCRTMT" "stepPreProcessingTMT" "stepPreProcessing" "profilingWorkflow" "profilingWrapper" "main" 
".getClassesFromCache" "getClassDef" "validObject" "initialize" "initialize" "new" ".findNextFromTable" "addNextMethod" "addNextMethod" "callNextMethod" "METHOD" "updateObject" "updateObject" "rowRanges" "rowRanges" "mcols" "mcols" "mcols" ".nextMethod" "eval" "eval" "callNextMethod" ".local" "rowData" "rowData" "colnames" "FUN" "lapply" "lapply" "lapply" "lapply" ".dotargsAsList" "CharacterList" "rowDataNames" "unlist" "%in%" "pep2qvalue" ".filterFDRTMT" "stepPreProcessingTMT" "stepPreProcessing" "profilingWorkflow" "profilingWrapper" "main" 
"getClassDef" "is" "callNextMethod" "updateObject" "updateObject" "METHOD" "updateObject" "updateObject" "rowRanges" "rowRanges" "mcols" "mcols" "mcols" ".nextMethod" "eval" "eval" "callNextMethod" ".local" "rowData" "rowData" "colnames" "FUN" "lapply" "lapply" "lapply" "lapply" ".dotargsAsList" "CharacterList" "rowDataNames" "unlist" "%in%" "pep2qvalue" ".filterFDRTMT" "stepPreProcessingTMT" "stepPreProcessing" "profilingWorkflow" "profilingWrapper" "main" 
"packageSlot" "isTRUE" "getClassDef" "FUN" "lapply" "sapply" "sapply" "standardGeneric" "which" "S4Vectors:::listClassName" "CharacterList" "rowDataNames" "unlist" "%in%" "pep2qvalue" ".filterFDRTMT" "stepPreProcessingTMT" "stepPreProcessing" "profilingWorkflow" "profilingWrapper" "main" 
".sigLabel" ".findInheritedMethods" ".findNextFromTable" "addNextMethod" "addNextMethod" "callNextMethod" "METHOD" "updateObject" "updateObject" "rowRanges" "rowRanges" "mcols" "mcols" "mcols" "FUN" "lapply" "lapply" "lapply" "lapply" "List" "rowData" "rowData" "rbindRowData" "pep2qvalue" ".filterFDRTMT" "stepPreProcessingTMT" "stepPreProcessing" "profilingWorkflow" "profilingWrapper" "main" 
"@<-" ".nextMethod" "callNextMethod" "updateObject" "updateObject" "updateObject" "updateObject" "METHOD" "updateObject" "updateObject" "rowRanges" "rowRanges" "mcols" "mcols" "mcols" "FUN" "lapply" "lapply" "lapply" "lapply" "List" "rowData" "rowData" "rbindRowData" "pep2qvalue" ".filterFDRTMT" "stepPreProcessingTMT" "stepPreProcessing" "profilingWorkflow" "profilingWrapper" "main" 
"assign" "callNextMethod" "methods:::loadMethod" "methods:::loadMethod" "updateObject" "updateObject" "updateObject" "rowRanges" "rowRanges" "mcols" "mcols" "mcols" ".nextMethod" "eval" "eval" "callNextMethod" ".local" "rowData" "rowData" "colnames" "FUN" "lapply" "lapply" "lapply" "lapply" ".dotargsAsList" "CharacterList" "rowDataNames" "rbindRowData" "pep2qvalue" ".filterFDRTMT" "stepPreProcessingTMT" "stepPreProcessing" "profilingWorkflow" "profilingWrapper" "main" 
"is" ".selectClosestMethod1" "names" "names" "names" ".local" "elementMetadata" "elementMetadata" "mcols" "mcols" "mcols" "mcols" ".nextMethod" "eval" "eval" "callNextMethod" ".local" "rowData" "rowData" "colnames" "FUN" "lapply" "lapply" "lapply" "lapply" ".dotargsAsList" "CharacterList" "rowDataNames" "rbindRowData" "pep2qvalue" ".filterFDRTMT" "stepPreProcessingTMT" "stepPreProcessing" "profilingWorkflow" "profilingWrapper" "main" 
".quickCoerceSelect" "as" "initialize" "initialize" "new" ".findNextFromTable" "addNextMethod" "addNextMethod" "callNextMethod" "METHOD" "updateObject" "updateObject" "rowRanges" "rowRanges" "mcols" "mcols" "mcols" ".nextMethod" "eval" "eval" "callNextMethod" ".local" "rowData" "rowData" "colnames" "FUN" "lapply" "lapply" "lapply" "lapply" ".dotargsAsList" "CharacterList" "rowDataNames" "rbindRowData" "pep2qvalue" ".filterFDRTMT" "stepPreProcessingTMT" "stepPreProcessing" "profilingWorkflow" "profilingWrapper" "main" 
"exists" "methods:::.selectDotsMethod" "standardGeneric" "cbind" "FUN" "lapply" "lapply" "rbindRowData" "pep2qvalue" ".filterFDRTMT" "stepPreProcessingTMT" "stepPreProcessing" "profilingWorkflow" "profilingWrapper" "main" 
"DataFrame" "cbind" "cbind" "eval" "eval" "eval" "standardGeneric" "cbind" "FUN" "lapply" "lapply" "rbindRowData" "pep2qvalue" ".filterFDRTMT" "stepPreProcessingTMT" "stepPreProcessing" "profilingWorkflow" "profilingWrapper" "main" 
"eval" "eval" "eval" "standardGeneric" "cbind" "FUN" "lapply" "lapply" "rbindRowData" "pep2qvalue" ".filterFDRTMT" "stepPreProcessingTMT" "stepPreProcessing" "profilingWorkflow" "profilingWrapper" "main" 
"methodsPackageMetaName" "classMetaName" "getClassDef" "extends" ".inheritedArgsExpression" ".findInheritedMethods" "selectMethod" ".nextMethod" "callNextMethod" "[[" "[[" "FUN" "lapply" "lapply" "FUN" "lapply" "lapply" ".combine_DFrame_rows" "bindROWS" "bindROWS" "rbind" "eval" "eval" "eval" "standardGeneric" "<Anonymous>" "do.call" "do.call" "rbindRowData" "pep2qvalue" ".filterFDRTMT" "stepPreProcessingTMT" "stepPreProcessing" "profilingWorkflow" "profilingWrapper" "main" 
"as.list" "callNextMethod" "[[" "[[" "FUN" "lapply" "lapply" "FUN" "lapply" "lapply" ".combine_DFrame_rows" "bindROWS" "bindROWS" "rbind" "eval" "eval" "eval" "standardGeneric" "<Anonymous>" "do.call" "do.call" "rbindRowData" "pep2qvalue" ".filterFDRTMT" "stepPreProcessingTMT" "stepPreProcessing" "profilingWorkflow" "profilingWrapper" "main" 
"stopifnot" "FUN" "vapply" ".preprocess_objects_to_bind" "bindROWS2" "doTryCatch" "tryCatchOne" "tryCatchList" "tryCatch" "FUN" "lapply" "lapply" ".combine_DFrame_rows" "bindROWS" "bindROWS" "rbind" "eval" "eval" "eval" "standardGeneric" "<Anonymous>" "do.call" "do.call" "rbindRowData" "pep2qvalue" ".filterFDRTMT" "stepPreProcessingTMT" "stepPreProcessing" "profilingWorkflow" "profilingWrapper" "main" 
"is" ".inheritedArgsExpression" ".findInheritedMethods" "selectMethod" ".nextMethod" "callNextMethod" "[[" "[[" "FUN" "lapply" "lapply" "FUN" "lapply" "lapply" ".combine_DFrame_rows" "bindROWS" "bindROWS" "rbind" "eval" "eval" "eval" "standardGeneric" "<Anonymous>" "do.call" "do.call" "rbindRowData" "pep2qvalue" ".filterFDRTMT" "stepPreProcessingTMT" "stepPreProcessing" "profilingWorkflow" "profilingWrapper" "main" 
"vapply" ".preprocess_objects_to_bind" "bindROWS2" "doTryCatch" "tryCatchOne" "tryCatchList" "tryCatch" "FUN" "lapply" "lapply" ".combine_DFrame_rows" "bindROWS" "bindROWS" "rbind" "eval" "eval" "eval" "standardGeneric" "<Anonymous>" "do.call" "do.call" "rbindRowData" "pep2qvalue" ".filterFDRTMT" "stepPreProcessingTMT" "stepPreProcessing" "profilingWorkflow" "profilingWrapper" "main" 
"names" "names" ".inheritedArgsExpression" ".findInheritedMethods" "selectMethod" ".nextMethod" "callNextMethod" "[[" "[[" "FUN" "lapply" "lapply" "FUN" "lapply" "lapply" ".combine_DFrame_rows" "bindROWS" "bindROWS" "rbind" "eval" "eval" "eval" "standardGeneric" "<Anonymous>" "do.call" "do.call" "rbindRowData" "pep2qvalue" ".filterFDRTMT" "stepPreProcessingTMT" "stepPreProcessing" "profilingWorkflow" "profilingWrapper" "main" 
"standardGeneric" "which" "bindROWS2" "doTryCatch" "tryCatchOne" "tryCatchList" "tryCatch" "FUN" "lapply" "lapply" ".combine_DFrame_rows" "bindROWS" "bindROWS" "rbind" "eval" "eval" "eval" "standardGeneric" "<Anonymous>" "do.call" "do.call" "rbindRowData" "pep2qvalue" ".filterFDRTMT" "stepPreProcessingTMT" "stepPreProcessing" "profilingWorkflow" "profilingWrapper" "main" 
".inheritedArgsExpression" ".findInheritedMethods" "selectMethod" ".nextMethod" "callNextMethod" "[[" "[[" "FUN" "lapply" "lapply" "FUN" "lapply" "lapply" ".combine_DFrame_rows" "bindROWS" "bindROWS" "rbind" "eval" "eval" "eval" "standardGeneric" "<Anonymous>" "do.call" "do.call" "rbindRowData" "pep2qvalue" ".filterFDRTMT" "stepPreProcessingTMT" "stepPreProcessing" "profilingWorkflow" "profilingWrapper" "main" 
"is" ".inheritedArgsExpression" ".findInheritedMethods" "selectMethod" ".nextMethod" "callNextMethod" "[[" "[[" "FUN" "lapply" "lapply" "FUN" "lapply" "lapply" ".combine_DFrame_rows" "bindROWS" "bindROWS" "rbind" "eval" "eval" "eval" "standardGeneric" "<Anonymous>" "do.call" "do.call" "rbindRowData" "pep2qvalue" ".filterFDRTMT" "stepPreProcessingTMT" "stepPreProcessing" "profilingWorkflow" "profilingWrapper" "main" 
"paste" ".fillSignatures" ".findInheritedMethods" "selectMethod" ".nextMethod" "callNextMethod" "[[" "[[" "FUN" "lapply" "lapply" "FUN" "lapply" "lapply" ".combine_DFrame_rows" "bindROWS" "bindROWS" "rbind" "eval" "eval" "eval" "standardGeneric" "<Anonymous>" "do.call" "do.call" "rbindRowData" "pep2qvalue" ".filterFDRTMT" "stepPreProcessingTMT" "stepPreProcessing" "profilingWorkflow" "profilingWrapper" "main" 
"is" "callNextMethod" "methods:::loadMethod" "methods:::loadMethod" "[[" "FUN" "lapply" "lapply" "FUN" "lapply" "lapply" ".combine_DFrame_rows" "bindROWS" "bindROWS" "rbind" "eval" "eval" "eval" "standardGeneric" "<Anonymous>" "do.call" "do.call" "rbindRowData" "pep2qvalue" ".filterFDRTMT" "stepPreProcessingTMT" "stepPreProcessing" "profilingWorkflow" "profilingWrapper" "main" 
"names" "names" ".inheritedArgsExpression" ".findInheritedMethods" "selectMethod" ".nextMethod" "callNextMethod" "[[" "[[" "FUN" "lapply" "lapply" "FUN" "lapply" "lapply" ".combine_DFrame_rows" "bindROWS" "bindROWS" "rbind" "eval" "eval" "eval" "standardGeneric" "<Anonymous>" "do.call" "do.call" "rbindRowData" "pep2qvalue" ".filterFDRTMT" "stepPreProcessingTMT" "stepPreProcessing" "profilingWorkflow" "profilingWrapper" "main" 
"getClass" ".findInheritedMethods" "selectMethod" ".nextMethod" "callNextMethod" "[[" "[[" "FUN" "lapply" "lapply" "FUN" "lapply" "lapply" ".combine_DFrame_rows" "bindROWS" "bindROWS" "rbind" "eval" "eval" "eval" "standardGeneric" "<Anonymous>" "do.call" "do.call" "rbindRowData" "pep2qvalue" ".filterFDRTMT" "stepPreProcessingTMT" "stepPreProcessing" "profilingWorkflow" "profilingWrapper" "main" 
"packageSlot<-" "setPackageSlot" "extends" ".inheritedArgsExpression" ".findInheritedMethods" "selectMethod" ".nextMethod" "callNextMethod" "[[" "[[" "FUN" "lapply" "lapply" "FUN" "lapply" "lapply" ".combine_DFrame_rows" "bindROWS" "bindROWS" "rbind" "eval" "eval" "eval" "standardGeneric" "<Anonymous>" "do.call" "do.call" "rbindRowData" "pep2qvalue" ".filterFDRTMT" "stepPreProcessingTMT" "stepPreProcessing" "profilingWorkflow" "profilingWrapper" "main" 
"as.list" "callNextMethod" "[[" "[[" "FUN" "lapply" "lapply" "FUN" "lapply" "lapply" ".combine_DFrame_rows" "bindROWS" "bindROWS" "rbind" "eval" "eval" "eval" "standardGeneric" "<Anonymous>" "do.call" "do.call" "rbindRowData" "pep2qvalue" ".filterFDRTMT" "stepPreProcessingTMT" "stepPreProcessing" "profilingWorkflow" "profilingWrapper" "main" 
"strsplit" "lengths" ".fillSignatures" ".findInheritedMethods" "selectMethod" ".nextMethod" "callNextMethod" "[[" "[[" "FUN" "lapply" "lapply" "FUN" "lapply" "lapply" ".combine_DFrame_rows" "bindROWS" "bindROWS" "rbind" "eval" "eval" "eval" "standardGeneric" "<Anonymous>" "do.call" "do.call" "rbindRowData" "pep2qvalue" ".filterFDRTMT" "stepPreProcessingTMT" "stepPreProcessing" "profilingWorkflow" "profilingWrapper" "main" 
"callNextMethod" "[[" "[[" "FUN" "lapply" "lapply" "FUN" "lapply" "lapply" ".combine_DFrame_rows" "bindROWS" "bindROWS" "rbind" "eval" "eval" "eval" "standardGeneric" "<Anonymous>" "do.call" "do.call" "rbindRowData" "pep2qvalue" ".filterFDRTMT" "stepPreProcessingTMT" "stepPreProcessing" "profilingWorkflow" "profilingWrapper" "main" 
"methods:::loadMethod" "[[" "FUN" "lapply" "lapply" "FUN" "lapply" "lapply" ".combine_DFrame_rows" "bindROWS" "bindROWS" "rbind" "eval" "eval" "eval" "standardGeneric" "<Anonymous>" "do.call" "do.call" "rbindRowData" "pep2qvalue" ".filterFDRTMT" "stepPreProcessingTMT" "stepPreProcessing" "profilingWorkflow" "profilingWrapper" "main" 
"setPackageSlot" "extends" ".inheritedArgsExpression" ".findInheritedMethods" "selectMethod" ".nextMethod" "callNextMethod" "[[" "[[" "FUN" "lapply" "lapply" "FUN" "lapply" "lapply" ".combine_DFrame_rows" "bindROWS" "bindROWS" "rbind" "eval" "eval" "eval" "standardGeneric" "<Anonymous>" "do.call" "do.call" "rbindRowData" "pep2qvalue" ".filterFDRTMT" "stepPreProcessingTMT" "stepPreProcessing" "profilingWorkflow" "profilingWrapper" "main" 
"lapply" ".newSignature" ".findInheritedMethods" "selectMethod" ".nextMethod" "callNextMethod" "[[" "[[" "FUN" "lapply" "lapply" "FUN" "lapply" "lapply" ".combine_DFrame_rows" "bindROWS" "bindROWS" "rbind" "eval" "eval" "eval" "standardGeneric" "<Anonymous>" "do.call" "do.call" "rbindRowData" "pep2qvalue" ".filterFDRTMT" "stepPreProcessingTMT" "stepPreProcessing" "profilingWorkflow" "profilingWrapper" "main" 
"names" "names" ".inheritedArgsExpression" ".findInheritedMethods" "selectMethod" ".nextMethod" "callNextMethod" "[[" "[[" "FUN" "lapply" "lapply" "FUN" "lapply" "lapply" ".combine_DFrame_rows" "bindROWS" "bindROWS" "rbind" "eval" "eval" "eval" "standardGeneric" "<Anonymous>" "do.call" "do.call" "rbindRowData" "pep2qvalue" ".filterFDRTMT" "stepPreProcessingTMT" "stepPreProcessing" "profilingWorkflow" "profilingWrapper" "main" 
"FUN" "vapply" ".preprocess_objects_to_bind" "bindROWS2" "doTryCatch" "tryCatchOne" "tryCatchList" "tryCatch" "FUN" "lapply" "lapply" ".combine_DFrame_rows" "bindROWS" "bindROWS" "rbind" "eval" "eval" "eval" "standardGeneric" "<Anonymous>" "do.call" "do.call" "rbindRowData" "pep2qvalue" ".filterFDRTMT" "stepPreProcessingTMT" "stepPreProcessing" "profilingWorkflow" "profilingWrapper" "main" 
".inheritedArgsExpression" ".findInheritedMethods" "selectMethod" ".nextMethod" "callNextMethod" "[[" "[[" "FUN" "lapply" "lapply" "FUN" "lapply" "lapply" ".combine_DFrame_rows" "bindROWS" "bindROWS" "rbind" "eval" "eval" "eval" "standardGeneric" "<Anonymous>" "do.call" "do.call" "rbindRowData" "pep2qvalue" ".filterFDRTMT" "stepPreProcessingTMT" "stepPreProcessing" "profilingWorkflow" "profilingWrapper" "main" 
"is" "callNextMethod" "methods:::loadMethod" "methods:::loadMethod" "[[" "FUN" "lapply" "lapply" "FUN" "lapply" "lapply" ".combine_DFrame_rows" "bindROWS" "bindROWS" "rbind" "eval" "eval" "eval" "standardGeneric" "<Anonymous>" "do.call" "do.call" "rbindRowData" "pep2qvalue" ".filterFDRTMT" "stepPreProcessingTMT" "stepPreProcessing" "profilingWorkflow" "profilingWrapper" "main" 
"get0" "getClassDef" "extends" ".inheritedArgsExpression" ".findInheritedMethods" "selectMethod" ".nextMethod" "callNextMethod" "[[" "[[" "FUN" "lapply" "lapply" "FUN" "lapply" "lapply" ".combine_DFrame_rows" "bindROWS" "bindROWS" "rbind" "eval" "eval" "eval" "standardGeneric" "<Anonymous>" "do.call" "do.call" "rbindRowData" "pep2qvalue" ".filterFDRTMT" "stepPreProcessingTMT" "stepPreProcessing" "profilingWorkflow" "profilingWrapper" "main" 
"list" ".inheritedArgsExpression" ".findInheritedMethods" "selectMethod" ".nextMethod" "callNextMethod" "[[" "[[" "FUN" "lapply" "lapply" "FUN" "lapply" "lapply" ".combine_DFrame_rows" "bindROWS" "bindROWS" "rbind" "eval" "eval" "eval" "standardGeneric" "<Anonymous>" "do.call" "do.call" "rbindRowData" "pep2qvalue" ".filterFDRTMT" "stepPreProcessingTMT" "stepPreProcessing" "profilingWorkflow" "profilingWrapper" "main" 
".identC" "is" ".inheritedArgsExpression" ".findInheritedMethods" "selectMethod" ".nextMethod" "callNextMethod" "[[" "[[" "FUN" "lapply" "lapply" "FUN" "lapply" "lapply" ".combine_DFrame_rows" "bindROWS" "bindROWS" "rbind" "eval" "eval" "eval" "standardGeneric" "<Anonymous>" "do.call" "do.call" "rbindRowData" "pep2qvalue" ".filterFDRTMT" "stepPreProcessingTMT" "stepPreProcessing" "profilingWorkflow" "profilingWrapper" "main" 
"getClassDef" "getClass" ".findInheritedMethods" "selectMethod" ".nextMethod" "callNextMethod" "[[" "[[" "FUN" "lapply" "lapply" "FUN" "lapply" "lapply" ".combine_DFrame_rows" "bindROWS" "bindROWS" "rbind" "eval" "eval" "eval" "standardGeneric" "<Anonymous>" "do.call" "do.call" "rbindRowData" "pep2qvalue" ".filterFDRTMT" "stepPreProcessingTMT" "stepPreProcessing" "profilingWorkflow" "profilingWrapper" "main" 
"getClassDef" "FUN" "vapply" ".preprocess_objects_to_bind" "bindROWS2" "doTryCatch" "tryCatchOne" "tryCatchList" "tryCatch" "FUN" "lapply" "lapply" ".combine_DFrame_rows" "bindROWS" "bindROWS" "rbind" "eval" "eval" "eval" "standardGeneric" "<Anonymous>" "do.call" "do.call" "rbindRowData" "pep2qvalue" ".filterFDRTMT" "stepPreProcessingTMT" "stepPreProcessing" "profilingWorkflow" "profilingWrapper" "main" 
".findInheritedMethods" "selectMethod" ".nextMethod" "callNextMethod" "[[" "[[" "FUN" "lapply" "lapply" "FUN" "lapply" "lapply" ".combine_DFrame_rows" "bindROWS" "bindROWS" "rbind" "eval" "eval" "eval" "standardGeneric" "<Anonymous>" "do.call" "do.call" "rbindRowData" "pep2qvalue" ".filterFDRTMT" "stepPreProcessingTMT" "stepPreProcessing" "profilingWorkflow" "profilingWrapper" "main" 
".nextMethod" "callNextMethod" "methods:::loadMethod" "methods:::loadMethod" "[[" "FUN" "lapply" "lapply" "FUN" "lapply" "lapply" ".combine_DFrame_rows" "bindROWS" "bindROWS" "rbind" "eval" "eval" "eval" "standardGeneric" "<Anonymous>" "do.call" "do.call" "rbindRowData" "pep2qvalue" ".filterFDRTMT" "stepPreProcessingTMT" "stepPreProcessing" "profilingWorkflow" "profilingWrapper" "main" 
".nextMethod" "callNextMethod" "methods:::loadMethod" "methods:::loadMethod" "[[" "FUN" "lapply" "lapply" "FUN" "lapply" "lapply" ".combine_DFrame_rows" "bindROWS" "bindROWS" "rbind" "eval" "eval" "eval" "standardGeneric" "<Anonymous>" "do.call" "do.call" "rbindRowData" "pep2qvalue" ".filterFDRTMT" "stepPreProcessingTMT" "stepPreProcessing" "profilingWorkflow" "profilingWrapper" "main" 
".nextMethod" "callNextMethod" "methods:::loadMethod" "methods:::loadMethod" "[[" "FUN" "lapply" "lapply" "FUN" "lapply" "lapply" ".combine_DFrame_rows" "bindROWS" "bindROWS" "rbind" "eval" "eval" "eval" "standardGeneric" "<Anonymous>" "do.call" "do.call" "rbindRowData" "pep2qvalue" ".filterFDRTMT" "stepPreProcessingTMT" "stepPreProcessing" "profilingWorkflow" "profilingWrapper" "main" 
".nextMethod" "callNextMethod" "methods:::loadMethod" "methods:::loadMethod" "[[" "FUN" "lapply" "lapply" "FUN" "lapply" "lapply" ".combine_DFrame_rows" "bindROWS" "bindROWS" "rbind" "eval" "eval" "eval" "standardGeneric" "<Anonymous>" "do.call" "do.call" "rbindRowData" "pep2qvalue" ".filterFDRTMT" "stepPreProcessingTMT" "stepPreProcessing" "profilingWorkflow" "profilingWrapper" "main" 
".nextMethod" "callNextMethod" "methods:::loadMethod" "methods:::loadMethod" "[[" "FUN" "lapply" "lapply" "FUN" "lapply" "lapply" ".combine_DFrame_rows" "bindROWS" "bindROWS" "rbind" "eval" "eval" "eval" "standardGeneric" "<Anonymous>" "do.call" "do.call" "rbindRowData" "pep2qvalue" ".filterFDRTMT" "stepPreProcessingTMT" "stepPreProcessing" "profilingWorkflow" "profilingWrapper" "main" 
".nextMethod" "callNextMethod" "methods:::loadMethod" "methods:::loadMethod" "[[" "FUN" "lapply" "lapply" "FUN" "lapply" "lapply" ".combine_DFrame_rows" "bindROWS" "bindROWS" "rbind" "eval" "eval" "eval" "standardGeneric" "<Anonymous>" "do.call" "do.call" "rbindRowData" "pep2qvalue" ".filterFDRTMT" "stepPreProcessingTMT" "stepPreProcessing" "profilingWorkflow" "profilingWrapper" "main" 
".nextMethod" "callNextMethod" "methods:::loadMethod" "methods:::loadMethod" "[[" "FUN" "lapply" "lapply" "FUN" "lapply" "lapply" ".combine_DFrame_rows" "bindROWS" "bindROWS" "rbind" "eval" "eval" "eval" "standardGeneric" "<Anonymous>" "do.call" "do.call" "rbindRowData" "pep2qvalue" ".filterFDRTMT" "stepPreProcessingTMT" "stepPreProcessing" "profilingWorkflow" "profilingWrapper" "main" 
".nextMethod" "callNextMethod" "methods:::loadMethod" "methods:::loadMethod" "[[" "FUN" "lapply" "lapply" "FUN" "lapply" "lapply" ".combine_DFrame_rows" "bindROWS" "bindROWS" "rbind" "eval" "eval" "eval" "standardGeneric" "<Anonymous>" "do.call" "do.call" "rbindRowData" "pep2qvalue" ".filterFDRTMT" "stepPreProcessingTMT" "stepPreProcessing" "profilingWorkflow" "profilingWrapper" "main" 
".nextMethod" "callNextMethod" "methods:::loadMethod" "methods:::loadMethod" "[[" "FUN" "lapply" "lapply" "FUN" "lapply" "lapply" ".combine_DFrame_rows" "bindROWS" "bindROWS" "rbind" "eval" "eval" "eval" "standardGeneric" "<Anonymous>" "do.call" "do.call" "rbindRowData" "pep2qvalue" ".filterFDRTMT" "stepPreProcessingTMT" "stepPreProcessing" "profilingWorkflow" "profilingWrapper" "main" 
".nextMethod" "callNextMethod" "methods:::loadMethod" "methods:::loadMethod" "[[" "FUN" "lapply" "lapply" "FUN" "lapply" "lapply" ".combine_DFrame_rows" "bindROWS" "bindROWS" "rbind" "eval" "eval" "eval" "standardGeneric" "<Anonymous>" "do.call" "do.call" "rbindRowData" "pep2qvalue" ".filterFDRTMT" "stepPreProcessingTMT" "stepPreProcessing" "profilingWorkflow" "profilingWrapper" "main" 
".nextMethod" "callNextMethod" "methods:::loadMethod" "methods:::loadMethod" "[[" "FUN" "lapply" "lapply" "FUN" "lapply" "lapply" ".combine_DFrame_rows" "bindROWS" "bindROWS" "rbind" "eval" "eval" "eval" "standardGeneric" "<Anonymous>" "do.call" "do.call" "rbindRowData" "pep2qvalue" ".filterFDRTMT" "stepPreProcessingTMT" "stepPreProcessing" "profilingWorkflow" "profilingWrapper" "main" 
".nextMethod" "callNextMethod" "methods:::loadMethod" "methods:::loadMethod" "[[" "FUN" "lapply" "lapply" "FUN" "lapply" "lapply" ".combine_DFrame_rows" "bindROWS" "bindROWS" "rbind" "eval" "eval" "eval" "standardGeneric" "<Anonymous>" "do.call" "do.call" "rbindRowData" "pep2qvalue" ".filterFDRTMT" "stepPreProcessingTMT" "stepPreProcessing" "profilingWorkflow" "profilingWrapper" "main" 
".nextMethod" "callNextMethod" "methods:::loadMethod" "methods:::loadMethod" "[[" "FUN" "lapply" "lapply" "FUN" "lapply" "lapply" ".combine_DFrame_rows" "bindROWS" "bindROWS" "rbind" "eval" "eval" "eval" "standardGeneric" "<Anonymous>" "do.call" "do.call" "rbindRowData" "pep2qvalue" ".filterFDRTMT" "stepPreProcessingTMT" "stepPreProcessing" "profilingWorkflow" "profilingWrapper" "main" 
".nextMethod" "callNextMethod" "methods:::loadMethod" "methods:::loadMethod" "[[" "FUN" "lapply" "lapply" "FUN" "lapply" "lapply" ".combine_DFrame_rows" "bindROWS" "bindROWS" "rbind" "eval" "eval" "eval" "standardGeneric" "<Anonymous>" "do.call" "do.call" "rbindRowData" "pep2qvalue" ".filterFDRTMT" "stepPreProcessingTMT" "stepPreProcessing" "profilingWorkflow" "profilingWrapper" "main" 
".nextMethod" "callNextMethod" "methods:::loadMethod" "methods:::loadMethod" "[[" "FUN" "lapply" "lapply" "FUN" "lapply" "lapply" ".combine_DFrame_rows" "bindROWS" "bindROWS" "rbind" "eval" "eval" "eval" "standardGeneric" "<Anonymous>" "do.call" "do.call" "rbindRowData" "pep2qvalue" ".filterFDRTMT" "stepPreProcessingTMT" "stepPreProcessing" "profilingWorkflow" "profilingWrapper" "main" 
".nextMethod" "callNextMethod" "methods:::loadMethod" "methods:::loadMethod" "[[" "FUN" "lapply" "lapply" "FUN" "lapply" "lapply" ".combine_DFrame_rows" "bindROWS" "bindROWS" "rbind" "eval" "eval" "eval" "standardGeneric" "<Anonymous>" "do.call" "do.call" "rbindRowData" "pep2qvalue" ".filterFDRTMT" "stepPreProcessingTMT" "stepPreProcessing" "profilingWorkflow" "profilingWrapper" "main" 
".nextMethod" "callNextMethod" "methods:::loadMethod" "methods:::loadMethod" "[[" "FUN" "lapply" "lapply" "FUN" "lapply" "lapply" ".combine_DFrame_rows" "bindROWS" "bindROWS" "rbind" "eval" "eval" "eval" "standardGeneric" "<Anonymous>" "do.call" "do.call" "rbindRowData" "pep2qvalue" ".filterFDRTMT" "stepPreProcessingTMT" "stepPreProcessing" "profilingWorkflow" "profilingWrapper" "main" 
".nextMethod" "callNextMethod" "methods:::loadMethod" "methods:::loadMethod" "[[" "FUN" "lapply" "lapply" "FUN" "lapply" "lapply" ".combine_DFrame_rows" "bindROWS" "bindROWS" "rbind" "eval" "eval" "eval" "standardGeneric" "<Anonymous>" "do.call" "do.call" "rbindRowData" "pep2qvalue" ".filterFDRTMT" "stepPreProcessingTMT" "stepPreProcessing" "profilingWorkflow" "profilingWrapper" "main" 
".nextMethod" "callNextMethod" "methods:::loadMethod" "methods:::loadMethod" "[[" "FUN" "lapply" "lapply" "FUN" "lapply" "lapply" ".combine_DFrame_rows" "bindROWS" "bindROWS" "rbind" "eval" "eval" "eval" "standardGeneric" "<Anonymous>" "do.call" "do.call" "rbindRowData" "pep2qvalue" ".filterFDRTMT" "stepPreProcessingTMT" "stepPreProcessing" "profilingWorkflow" "profilingWrapper" "main" 
".nextMethod" "callNextMethod" "methods:::loadMethod" "methods:::loadMethod" "[[" "FUN" "lapply" "lapply" "FUN" "lapply" "lapply" ".combine_DFrame_rows" "bindROWS" "bindROWS" "rbind" "eval" "eval" "eval" "standardGeneric" "<Anonymous>" "do.call" "do.call" "rbindRowData" "pep2qvalue" ".filterFDRTMT" "stepPreProcessingTMT" "stepPreProcessing" "profilingWorkflow" "profilingWrapper" "main" 
".nextMethod" "callNextMethod" "methods:::loadMethod" "methods:::loadMethod" "[[" "FUN" "lapply" "lapply" "FUN" "lapply" "lapply" ".combine_DFrame_rows" "bindROWS" "bindROWS" "rbind" "eval" "eval" "eval" "standardGeneric" "<Anonymous>" "do.call" "do.call" "rbindRowData" "pep2qvalue" ".filterFDRTMT" "stepPreProcessingTMT" "stepPreProcessing" "profilingWorkflow" "profilingWrapper" "main" 
".nextMethod" "callNextMethod" "methods:::loadMethod" "methods:::loadMethod" "[[" "FUN" "lapply" "lapply" "FUN" "lapply" "lapply" ".combine_DFrame_rows" "bindROWS" "bindROWS" "rbind" "eval" "eval" "eval" "standardGeneric" "<Anonymous>" "do.call" "do.call" "rbindRowData" "pep2qvalue" ".filterFDRTMT" "stepPreProcessingTMT" "stepPreProcessing" "profilingWorkflow" "profilingWrapper" "main" 
".nextMethod" "callNextMethod" "methods:::loadMethod" "methods:::loadMethod" "[[" "FUN" "lapply" "lapply" "FUN" "lapply" "lapply" ".combine_DFrame_rows" "bindROWS" "bindROWS" "rbind" "eval" "eval" "eval" "standardGeneric" "<Anonymous>" "do.call" "do.call" "rbindRowData" "pep2qvalue" ".filterFDRTMT" "stepPreProcessingTMT" "stepPreProcessing" "profilingWorkflow" "profilingWrapper" "main" 
".nextMethod" "callNextMethod" "methods:::loadMethod" "methods:::loadMethod" "[[" "FUN" "lapply" "lapply" "FUN" "lapply" "lapply" ".combine_DFrame_rows" "bindROWS" "bindROWS" "rbind" "eval" "eval" "eval" "standardGeneric" "<Anonymous>" "do.call" "do.call" "rbindRowData" "pep2qvalue" ".filterFDRTMT" "stepPreProcessingTMT" "stepPreProcessing" "profilingWorkflow" "profilingWrapper" "main" 
".nextMethod" "callNextMethod" "methods:::loadMethod" "methods:::loadMethod" "[[" "FUN" "lapply" "lapply" "FUN" "lapply" "lapply" ".combine_DFrame_rows" "bindROWS" "bindROWS" "rbind" "eval" "eval" "eval" "standardGeneric" "<Anonymous>" "do.call" "do.call" "rbindRowData" "pep2qvalue" ".filterFDRTMT" "stepPreProcessingTMT" "stepPreProcessing" "profilingWorkflow" "profilingWrapper" "main" 
".nextMethod" "callNextMethod" "methods:::loadMethod" "methods:::loadMethod" "[[" "FUN" "lapply" "lapply" "FUN" "lapply" "lapply" ".combine_DFrame_rows" "bindROWS" "bindROWS" "rbind" "eval" "eval" "eval" "standardGeneric" "<Anonymous>" "do.call" "do.call" "rbindRowData" "pep2qvalue" ".filterFDRTMT" "stepPreProcessingTMT" "stepPreProcessing" "profilingWorkflow" "profilingWrapper" "main" 
".nextMethod" "callNextMethod" "methods:::loadMethod" "methods:::loadMethod" "[[" "FUN" "lapply" "lapply" "FUN" "lapply" "lapply" ".combine_DFrame_rows" "bindROWS" "bindROWS" "rbind" "eval" "eval" "eval" "standardGeneric" "<Anonymous>" "do.call" "do.call" "rbindRowData" "pep2qvalue" ".filterFDRTMT" "stepPreProcessingTMT" "stepPreProcessing" "profilingWorkflow" "profilingWrapper" "main" 
".nextMethod" "callNextMethod" "methods:::loadMethod" "methods:::loadMethod" "[[" "FUN" "lapply" "lapply" "FUN" "lapply" "lapply" ".combine_DFrame_rows" "bindROWS" "bindROWS" "rbind" "eval" "eval" "eval" "standardGeneric" "<Anonymous>" "do.call" "do.call" "rbindRowData" "pep2qvalue" ".filterFDRTMT" "stepPreProcessingTMT" "stepPreProcessing" "profilingWorkflow" "profilingWrapper" "main" 
".nextMethod" "callNextMethod" "methods:::loadMethod" "methods:::loadMethod" "[[" "FUN" "lapply" "lapply" "FUN" "lapply" "lapply" ".combine_DFrame_rows" "bindROWS" "bindROWS" "rbind" "eval" "eval" "eval" "standardGeneric" "<Anonymous>" "do.call" "do.call" "rbindRowData" "pep2qvalue" ".filterFDRTMT" "stepPreProcessingTMT" "stepPreProcessing" "profilingWorkflow" "profilingWrapper" "main" 
".nextMethod" "callNextMethod" "methods:::loadMethod" "methods:::loadMethod" "[[" "FUN" "lapply" "lapply" "FUN" "lapply" "lapply" ".combine_DFrame_rows" "bindROWS" "bindROWS" "rbind" "eval" "eval" "eval" "standardGeneric" "<Anonymous>" "do.call" "do.call" "rbindRowData" "pep2qvalue" ".filterFDRTMT" "stepPreProcessingTMT" "stepPreProcessing" "profilingWorkflow" "profilingWrapper" "main" 
".nextMethod" "callNextMethod" "methods:::loadMethod" "methods:::loadMethod" "[[" "FUN" "lapply" "lapply" "FUN" "lapply" "lapply" ".combine_DFrame_rows" "bindROWS" "bindROWS" "rbind" "eval" "eval" "eval" "standardGeneric" "<Anonymous>" "do.call" "do.call" "rbindRowData" "pep2qvalue" ".filterFDRTMT" "stepPreProcessingTMT" "stepPreProcessing" "profilingWorkflow" "profilingWrapper" "main" 
".nextMethod" "callNextMethod" "methods:::loadMethod" "methods:::loadMethod" "[[" "FUN" "lapply" "lapply" "FUN" "lapply" "lapply" ".combine_DFrame_rows" "bindROWS" "bindROWS" "rbind" "eval" "eval" "eval" "standardGeneric" "<Anonymous>" "do.call" "do.call" "rbindRowData" "pep2qvalue" ".filterFDRTMT" "stepPreProcessingTMT" "stepPreProcessing" "profilingWorkflow" "profilingWrapper" "main" 
".nextMethod" "callNextMethod" "methods:::loadMethod" "methods:::loadMethod" "[[" "FUN" "lapply" "lapply" "FUN" "lapply" "lapply" ".combine_DFrame_rows" "bindROWS" "bindROWS" "rbind" "eval" "eval" "eval" "standardGeneric" "<Anonymous>" "do.call" "do.call" "rbindRowData" "pep2qvalue" ".filterFDRTMT" "stepPreProcessingTMT" "stepPreProcessing" "profilingWorkflow" "profilingWrapper" "main" 
".nextMethod" "callNextMethod" "methods:::loadMethod" "methods:::loadMethod" "[[" "FUN" "lapply" "lapply" "FUN" "lapply" "lapply" ".combine_DFrame_rows" "bindROWS" "bindROWS" "rbind" "eval" "eval" "eval" "standardGeneric" "<Anonymous>" "do.call" "do.call" "rbindRowData" "pep2qvalue" ".filterFDRTMT" "stepPreProcessingTMT" "stepPreProcessing" "profilingWorkflow" "profilingWrapper" "main" 
".nextMethod" "callNextMethod" "methods:::loadMethod" "methods:::loadMethod" "[[" "FUN" "lapply" "lapply" "FUN" "lapply" "lapply" ".combine_DFrame_rows" "bindROWS" "bindROWS" "rbind" "eval" "eval" "eval" "standardGeneric" "<Anonymous>" "do.call" "do.call" "rbindRowData" "pep2qvalue" ".filterFDRTMT" "stepPreProcessingTMT" "stepPreProcessing" "profilingWorkflow" "profilingWrapper" "main" 
".nextMethod" "callNextMethod" "methods:::loadMethod" "methods:::loadMethod" "[[" "FUN" "lapply" "lapply" "FUN" "lapply" "lapply" ".combine_DFrame_rows" "bindROWS" "bindROWS" "rbind" "eval" "eval" "eval" "standardGeneric" "<Anonymous>" "do.call" "do.call" "rbindRowData" "pep2qvalue" ".filterFDRTMT" "stepPreProcessingTMT" "stepPreProcessing" "profilingWorkflow" "profilingWrapper" "main" 
".nextMethod" "callNextMethod" "methods:::loadMethod" "methods:::loadMethod" "[[" "FUN" "lapply" "lapply" "FUN" "lapply" "lapply" ".combine_DFrame_rows" "bindROWS" "bindROWS" "rbind" "eval" "eval" "eval" "standardGeneric" "<Anonymous>" "do.call" "do.call" "rbindRowData" "pep2qvalue" ".filterFDRTMT" "stepPreProcessingTMT" "stepPreProcessing" "profilingWorkflow" "profilingWrapper" "main" 
".nextMethod" "callNextMethod" "methods:::loadMethod" "methods:::loadMethod" "[[" "FUN" "lapply" "lapply" "FUN" "lapply" "lapply" ".combine_DFrame_rows" "bindROWS" "bindROWS" "rbind" "eval" "eval" "eval" "standardGeneric" "<Anonymous>" "do.call" "do.call" "rbindRowData" "pep2qvalue" ".filterFDRTMT" "stepPreProcessingTMT" "stepPreProcessing" "profilingWorkflow" "profilingWrapper" "main" 
".nextMethod" "callNextMethod" "methods:::loadMethod" "methods:::loadMethod" "[[" "FUN" "lapply" "lapply" "FUN" "lapply" "lapply" ".combine_DFrame_rows" "bindROWS" "bindROWS" "rbind" "eval" "eval" "eval" "standardGeneric" "<Anonymous>" "do.call" "do.call" "rbindRowData" "pep2qvalue" ".filterFDRTMT" "stepPreProcessingTMT" "stepPreProcessing" "profilingWorkflow" "profilingWrapper" "main" 
".nextMethod" "callNextMethod" "methods:::loadMethod" "methods:::loadMethod" "[[" "FUN" "lapply" "lapply" "FUN" "lapply" "lapply" ".combine_DFrame_rows" "bindROWS" "bindROWS" "rbind" "eval" "eval" "eval" "standardGeneric" "<Anonymous>" "do.call" "do.call" "rbindRowData" "pep2qvalue" ".filterFDRTMT" "stepPreProcessingTMT" "stepPreProcessing" "profilingWorkflow" "profilingWrapper" "main" 
".nextMethod" "callNextMethod" "methods:::loadMethod" "methods:::loadMethod" "[[" "FUN" "lapply" "lapply" "FUN" "lapply" "lapply" ".combine_DFrame_rows" "bindROWS" "bindROWS" "rbind" "eval" "eval" "eval" "standardGeneric" "<Anonymous>" "do.call" "do.call" "rbindRowData" "pep2qvalue" ".filterFDRTMT" "stepPreProcessingTMT" "stepPreProcessing" "profilingWorkflow" "profilingWrapper" "main" 
".findInheritedMethods" "selectMethod" ".nextMethod" "callNextMethod" "[[" "[[" "FUN" "lapply" "lapply" "FUN" "lapply" "lapply" ".combine_DFrame_rows" "bindROWS" "bindROWS" "rbind" "eval" "eval" "eval" "standardGeneric" "<Anonymous>" "do.call" "do.call" "rbindRowData" "pep2qvalue" ".filterFDRTMT" "stepPreProcessingTMT" "stepPreProcessing" "profilingWorkflow" "profilingWrapper" "main" 
"is" "callNextMethod" "methods:::loadMethod" "methods:::loadMethod" "[[" "FUN" "lapply" "lapply" "FUN" "lapply" "lapply" ".combine_DFrame_rows" "bindROWS" "bindROWS" "rbind" "eval" "eval" "eval" "standardGeneric" "<Anonymous>" "do.call" "do.call" "rbindRowData" "pep2qvalue" ".filterFDRTMT" "stepPreProcessingTMT" "stepPreProcessing" "profilingWorkflow" "profilingWrapper" "main" 
"selectMethod" ".nextMethod" "callNextMethod" "[[" "[[" "FUN" "lapply" "lapply" "FUN" "lapply" "lapply" ".combine_DFrame_rows" "bindROWS" "bindROWS" "rbind" "eval" "eval" "eval" "standardGeneric" "<Anonymous>" "do.call" "do.call" "rbindRowData" "pep2qvalue" ".filterFDRTMT" "stepPreProcessingTMT" "stepPreProcessing" "profilingWorkflow" "profilingWrapper" "main" 
"methods:::loadMethod" "[[" "FUN" "lapply" "lapply" "FUN" "lapply" "lapply" ".combine_DFrame_rows" "bindROWS" "bindROWS" "rbind" "eval" "eval" "eval" "standardGeneric" "<Anonymous>" "do.call" "do.call" "rbindRowData" "pep2qvalue" ".filterFDRTMT" "stepPreProcessingTMT" "stepPreProcessing" "profilingWorkflow" "profilingWrapper" "main" 
"strsplit" "lengths" ".fillSignatures" ".findInheritedMethods" "selectMethod" ".nextMethod" "callNextMethod" "[[" "[[" "FUN" "lapply" "lapply" "FUN" "lapply" "lapply" ".combine_DFrame_rows" "bindROWS" "bindROWS" "rbind" "eval" "eval" "eval" "standardGeneric" "<Anonymous>" "do.call" "do.call" "rbindRowData" "pep2qvalue" ".filterFDRTMT" "stepPreProcessingTMT" "stepPreProcessing" "profilingWorkflow" "profilingWrapper" "main" 
"callNextMethod" "[[" "[[" "FUN" "lapply" "lapply" "FUN" "lapply" "lapply" ".combine_DFrame_rows" "bindROWS" "bindROWS" "rbind" "eval" "eval" "eval" "standardGeneric" "<Anonymous>" "do.call" "do.call" "rbindRowData" "pep2qvalue" ".filterFDRTMT" "stepPreProcessingTMT" "stepPreProcessing" "profilingWorkflow" "profilingWrapper" "main" 
"[[" "setPackageSlot" "extends" ".inheritedArgsExpression" ".findInheritedMethods" "selectMethod" ".nextMethod" "callNextMethod" "[[" "[[" "FUN" "lapply" "lapply" "FUN" "lapply" "lapply" ".combine_DFrame_rows" "bindROWS" "bindROWS" "rbind" "eval" "eval" "eval" "standardGeneric" "<Anonymous>" "do.call" "do.call" "rbindRowData" "pep2qvalue" ".filterFDRTMT" "stepPreProcessingTMT" "stepPreProcessing" "profilingWorkflow" "profilingWrapper" "main" 
".findInheritedMethods" "selectMethod" ".nextMethod" "callNextMethod" "[[" "[[" "FUN" "lapply" "lapply" "FUN" "lapply" "lapply" ".combine_DFrame_rows" "bindROWS" "bindROWS" "rbind" "eval" "eval" "eval" "standardGeneric" "<Anonymous>" "do.call" "do.call" "rbindRowData" "pep2qvalue" ".filterFDRTMT" "stepPreProcessingTMT" "stepPreProcessing" "profilingWorkflow" "profilingWrapper" "main" 
"exists" ".getGenericFromCacheTable" ".getGenericFromCache" ".getGeneric" "getGeneric" "selectMethod" ".nextMethod" "callNextMethod" "[[" "[[" "FUN" "lapply" "lapply" "FUN" "lapply" "lapply" ".combine_DFrame_rows" "bindROWS" "bindROWS" "rbind" "eval" "eval" "eval" "standardGeneric" "<Anonymous>" "do.call" "do.call" "rbindRowData" "pep2qvalue" ".filterFDRTMT" "stepPreProcessingTMT" "stepPreProcessing" "profilingWorkflow" "profilingWrapper" "main" 
"environment" "exists" ".getMethodsTable" "getMethodsForDispatch" "selectMethod" ".nextMethod" "callNextMethod" "[[" "[[" "FUN" "lapply" "lapply" "FUN" "lapply" "lapply" ".combine_DFrame_rows" "bindROWS" "bindROWS" "rbind" "eval" "eval" "eval" "standardGeneric" "<Anonymous>" "do.call" "do.call" "rbindRowData" "pep2qvalue" ".filterFDRTMT" "stepPreProcessingTMT" "stepPreProcessing" "profilingWorkflow" "profilingWrapper" "main" 
"vapply" ".fillSignatures" ".findInheritedMethods" "selectMethod" ".nextMethod" "callNextMethod" "[[" "[[" "FUN" "lapply" "lapply" "FUN" "lapply" "lapply" ".combine_DFrame_rows" "bindROWS" "bindROWS" "rbind" "eval" "eval" "eval" "standardGeneric" "<Anonymous>" "do.call" "do.call" "rbindRowData" "pep2qvalue" ".filterFDRTMT" "stepPreProcessingTMT" "stepPreProcessing" "profilingWorkflow" "profilingWrapper" "main" 
"length" ".inheritedArgsExpression" ".findInheritedMethods" "selectMethod" ".nextMethod" "callNextMethod" "[[" "[[" "FUN" "lapply" "lapply" "FUN" "lapply" "lapply" ".combine_DFrame_rows" "bindROWS" "bindROWS" "rbind" "eval" "eval" "eval" "standardGeneric" "<Anonymous>" "do.call" "do.call" "rbindRowData" "pep2qvalue" ".filterFDRTMT" "stepPreProcessingTMT" "stepPreProcessing" "profilingWorkflow" "profilingWrapper" "main" 
"is" "callNextMethod" "methods:::loadMethod" "methods:::loadMethod" "[[" "FUN" "lapply" "lapply" "FUN" "lapply" "lapply" ".combine_DFrame_rows" "bindROWS" "bindROWS" "rbind" "eval" "eval" "eval" "standardGeneric" "<Anonymous>" "do.call" "do.call" "rbindRowData" "pep2qvalue" ".filterFDRTMT" "stepPreProcessingTMT" "stepPreProcessing" "profilingWorkflow" "profilingWrapper" "main" 
"packageSlot<-" "setPackageSlot" "extends" ".inheritedArgsExpression" ".findInheritedMethods" "selectMethod" ".nextMethod" "callNextMethod" "[[" "[[" "FUN" "lapply" "lapply" "FUN" "lapply" "lapply" ".combine_DFrame_rows" "bindROWS" "bindROWS" "rbind" "eval" "eval" "eval" "standardGeneric" "<Anonymous>" "do.call" "do.call" "rbindRowData" "pep2qvalue" ".filterFDRTMT" "stepPreProcessingTMT" "stepPreProcessing" "profilingWorkflow" "profilingWrapper" "main" 
"is" "callNextMethod" "[[" "[[" "FUN" "lapply" "lapply" "FUN" "lapply" "lapply" ".combine_DFrame_rows" "bindROWS" "bindROWS" "rbind" "eval" "eval" "eval" "standardGeneric" "<Anonymous>" "do.call" "do.call" "rbindRowData" "pep2qvalue" ".filterFDRTMT" "stepPreProcessingTMT" "stepPreProcessing" "profilingWorkflow" "profilingWrapper" "main" 
"paste" ".sigLabel" ".findMethodInTable" "selectMethod" ".nextMethod" "callNextMethod" "[[" "[[" "FUN" "lapply" "lapply" "FUN" "lapply" "lapply" ".combine_DFrame_rows" "bindROWS" "bindROWS" "rbind" "eval" "eval" "eval" "standardGeneric" "<Anonymous>" "do.call" "do.call" "rbindRowData" "pep2qvalue" ".filterFDRTMT" "stepPreProcessingTMT" "stepPreProcessing" "profilingWorkflow" "profilingWrapper" "main" 
"[[" "setPackageSlot" "extends" ".inheritedArgsExpression" ".findInheritedMethods" "selectMethod" ".nextMethod" "callNextMethod" "[[" "[[" "FUN" "lapply" "lapply" "FUN" "lapply" "lapply" ".combine_DFrame_rows" "bindROWS" "bindROWS" "rbind" "eval" "eval" "eval" "standardGeneric" "<Anonymous>" "do.call" "do.call" "rbindRowData" "pep2qvalue" ".filterFDRTMT" "stepPreProcessingTMT" "stepPreProcessing" "profilingWorkflow" "profilingWrapper" "main" 
".findInheritedMethods" "selectMethod" ".nextMethod" "callNextMethod" "[[" "[[" "FUN" "lapply" "lapply" "FUN" "lapply" "lapply" ".combine_DFrame_rows" "bindROWS" "bindROWS" "rbind" "eval" "eval" "eval" "standardGeneric" "<Anonymous>" "do.call" "do.call" "rbindRowData" "pep2qvalue" ".filterFDRTMT" "stepPreProcessingTMT" "stepPreProcessing" "profilingWorkflow" "profilingWrapper" "main" 
"factor" "as.factor" "split.default" "split" "pep2qvalue" ".filterFDRTMT" "stepPreProcessingTMT" "stepPreProcessing" "profilingWorkflow" "profilingWrapper" "main" 
"names" ".findInheritedMethods" "selectMethod" ".nextMethod" "callNextMethod" "[[" "[[" "$" "$" "pep2qvalue" ".filterFDRTMT" "stepPreProcessingTMT" "stepPreProcessing" "profilingWorkflow" "profilingWrapper" "main" 
".findInheritedMethods" ".findNextFromTable" "addNextMethod" "addNextMethod" "callNextMethod" "METHOD" "updateObject" "updateObject" "rowRanges" "rowRanges" "<Anonymous>" "unsafe_replaceSlots" "BiocGenerics:::replaceSlots" "mcols<-" "mcols<-" "rowData<-" "rowData<-" "pep2qvalue" ".filterFDRTMT" "stepPreProcessingTMT" "stepPreProcessing" "profilingWorkflow" "profilingWrapper" "main" 
"get0" "getClassDef" "is" "rownames<-" "standardGeneric" "rownames<-" ".local" "elementMetadata" "elementMetadata" "mcols" "mcols" "mcols" "mcols" ".nextMethod" "eval" "eval" "callNextMethod" ".local" "rowData" "rowData" "pep2qvalue" ".filterFDRTMT" "stepPreProcessingTMT" "stepPreProcessing" "profilingWorkflow" "profilingWrapper" "main" 
"addNextMethod" "callNextMethod" "METHOD" "updateObject" "updateObject" "rowRanges" "rowRanges" "names" "names" "names" ".local" "rownames" "rownames" "paste0" "pep2qvalue" ".filterFDRTMT" "stepPreProcessingTMT" "stepPreProcessing" "profilingWorkflow" "profilingWrapper" "main" 
"stopifnot" "is" "callNextMethod" "parallel_slot_names" "parallel_slot_names" "bindROWS" "bindROWS" "replaceROWS" "replaceROWS" "mergeROWS" "mergeROWS" ".nextMethod" "eval" "eval" "callNextMethod" "[<-" "[<-" "replaceCOLS" "replaceCOLS" "[<-" "[<-" "pep2qvalue" ".filterFDRTMT" "stepPreProcessingTMT" "stepPreProcessing" "profilingWorkflow" "profilingWrapper" "main" 
"match.call" "callNextMethod" "updateObject" "updateObject" "updateObject" "updateObject" "METHOD" "updateObject" "updateObject" "rowRanges" "rowRanges" "mcols" "mcols" "mcols" ".nextMethod" "eval" "eval" "callNextMethod" ".local" "rowData" "rowData" "pep2qvalue" ".filterFDRTMT" "stepPreProcessingTMT" "stepPreProcessing" "profilingWorkflow" "profilingWrapper" "main" 
"<Anonymous>" "updateObject" "updateObject" "updateObject" "updateObject" "rowRanges" "rowRanges" "names" "names" "names" ".local" "rownames" "rownames" "paste0" "pep2qvalue" ".filterFDRTMT" "stepPreProcessingTMT" "stepPreProcessing" "profilingWorkflow" "profilingWrapper" "main" 
"callNextMethod" "methods:::loadMethod" "methods:::loadMethod" "parallel_slot_names" "slot" "standardGeneric" "NROW" "length" "length" "length" "NROW" "standardGeneric" "NROW" "mergeROWS" "mergeROWS" ".nextMethod" "eval" "eval" "callNextMethod" "[<-" "[<-" "replaceCOLS" "replaceCOLS" "[<-" "[<-" "pep2qvalue" ".filterFDRTMT" "stepPreProcessingTMT" "stepPreProcessing" "profilingWorkflow" "profilingWrapper" "main" 
"NSBS" "NSBS" "normalizeSingleBracketSubscript" "FUN" "FUN" "lapply" "lapply" "extractROWS" "extractROWS" "[" "[" "pep2qvalue" ".filterFDRTMT" "stepPreProcessingTMT" "stepPreProcessing" "profilingWorkflow" "profilingWrapper" "main" 
"@<-" ".nextMethod" "callNextMethod" "updateObject" "updateObject" "METHOD" "updateObject" "updateObject" "rowRanges" "rowRanges" "<Anonymous>" "unsafe_replaceSlots" "BiocGenerics:::replaceSlots" "mcols<-" "mcols<-" "rowData<-" "rowData<-" "pep2qvalue" ".filterFDRTMT" "stepPreProcessingTMT" "stepPreProcessing" "profilingWorkflow" "profilingWrapper" "main" 
"RangeNSBS" "NSBS" "NSBS" "normalizeSingleBracketSubscript" "recycleSingleBracketReplacementValue" "[<-" "[<-" "pep2qvalue" ".filterFDRTMT" "stepPreProcessingTMT" "stepPreProcessing" "profilingWorkflow" "profilingWrapper" "main" 
"paste0" "pep2qvalue" ".filterFDRTMT" "stepPreProcessingTMT" "stepPreProcessing" "profilingWorkflow" "profilingWrapper" "main" 
"class" "initialize" "initialize" "new" "new2" "NativeNSBS" "replaceROWS" "replaceROWS" "mergeROWS" "mergeROWS" ".nextMethod" "eval" "eval" "callNextMethod" "[<-" "[<-" "replaceCOLS" "replaceCOLS" "[<-" "[<-" "pep2qvalue" ".filterFDRTMT" "stepPreProcessingTMT" "stepPreProcessing" "profilingWorkflow" "profilingWrapper" "main" 
"names" "names" ".inheritedArgsExpression" ".findInheritedMethods" ".findNextFromTable" "addNextMethod" "addNextMethod" "callNextMethod" "METHOD" "updateObject" "updateObject" "rowRanges" "rowRanges" "mcols" "mcols" "mcols" "FUN" "lapply" "lapply" "lapply" "lapply" "List" "rowData" "rowData" "colnames" "sapply" ".checkFilterVariables" "filterFeaturesWithFormula" ".local" "filterFeatures" "filterFeatures" "withCallingHandlers" "suppressMessages" ".filterFDRTMT" "stepPreProcessingTMT" "stepPreProcessing" "profilingWorkflow" "profilingWrapper" "main" 
"stopifnot" "is" "callNextMethod" "METHOD" "updateObject" "updateObject" "rowRanges" "rowRanges" "mcols" "mcols" "mcols" "FUN" "lapply" "lapply" "lapply" "lapply" "List" "rowData" "rowData" "colnames" "sapply" ".checkFilterVariables" "filterFeaturesWithFormula" ".local" "filterFeatures" "filterFeatures" "withCallingHandlers" "suppressMessages" ".filterFDRTMT" "stepPreProcessingTMT" "stepPreProcessing" "profilingWorkflow" "profilingWrapper" "main" 
"updateObject" "rowRanges" "rowRanges" "mcols" "mcols" "mcols" ".nextMethod" "eval" "eval" "callNextMethod" ".local" "rowData" "rowData" "FUN" "lapply" "lapply" "lapply" "lapply" "filterFeaturesWithFormula" ".local" "filterFeatures" "filterFeatures" "withCallingHandlers" "suppressMessages" ".filterFDRTMT" "stepPreProcessingTMT" "stepPreProcessing" "profilingWorkflow" "profilingWrapper" "main" 
"possibleExtends" "extends" "initialize" "initialize" "new" ".findNextFromTable" "addNextMethod" "addNextMethod" "callNextMethod" "METHOD" "updateObject" "updateObject" "rowRanges" "rowRanges" "mcols" "mcols" "mcols" ".nextMethod" "eval" "eval" "callNextMethod" ".local" "rowData" "rowData" "FUN" "lapply" "lapply" "lapply" "lapply" "filterFeaturesWithFormula" ".local" "filterFeatures" "filterFeatures" "withCallingHandlers" "suppressMessages" ".filterFDRTMT" "stepPreProcessingTMT" "stepPreProcessing" "profilingWorkflow" "profilingWrapper" "main" 
"is" "callNextMethod" "updateObject" "updateObject" "updateObject" "updateObject" "METHOD" "updateObject" "updateObject" "rowRanges" "rowRanges" "mcols" "mcols" "mcols" ".nextMethod" "eval" "eval" "callNextMethod" ".local" "rowData" "rowData" "FUN" "lapply" "lapply" "lapply" "lapply" "filterFeaturesWithFormula" ".local" "filterFeatures" "filterFeatures" "withCallingHandlers" "suppressMessages" ".filterFDRTMT" "stepPreProcessingTMT" "stepPreProcessing" "profilingWorkflow" "profilingWrapper" "main" 
"@<-" ".nextMethod" "callNextMethod" "updateObject" "updateObject" ".nextMethod" "callNextMethod" ".nextMethod" "callNextMethod" ".nextMethod" "callNextMethod" "updateObject" "updateObject" "[" "[" "<Anonymous>" "mapply" "eval" "eval" "eval" "standardGeneric" "mapply" "mendoapply" ".subsetROWS" ".local" "subsetByRow" "subsetByRow" "subsetByRow" "subsetByRow" ".local" ".nextMethod" "eval" "eval" "callNextMethod" "[" "[" "filterFeaturesWithFormula" ".local" "filterFeatures" "filterFeatures" "withCallingHandlers" "suppressMessages" ".filterFDRTMT" "stepPreProcessingTMT" "stepPreProcessing" "profilingWorkflow" "profilingWrapper" "main" 
"standardGeneric" "end" "S4Vectors:::diffWithInitialZero" "width" "width" "extractROWS" "METHOD" "extractROWS" "extractROWS" "subset_along_ROWS" ".nextMethod" "eval" "eval" "callNextMethod" "[" "[" ".nextMethod" "callNextMethod" "[" "[" "<Anonymous>" "mapply" "eval" "eval" "eval" "standardGeneric" "mapply" "mendoapply" ".subsetROWS" ".local" "subsetByRow" "subsetByRow" "subsetByRow" "subsetByRow" ".local" ".nextMethod" "eval" "eval" "callNextMethod" "[" "[" "filterFeaturesWithFormula" ".local" "filterFeatures" "filterFeatures" "withCallingHandlers" "suppressMessages" ".filterFDRTMT" "stepPreProcessingTMT" "stepPreProcessing" "profilingWorkflow" "profilingWrapper" "main" 
".matchSigLength" ".cacheMethodInTable" "cacheMethod" "callNextMethod" "METHOD" "updateObject" "updateObject" "rowRanges" "rowRanges" "names" "names" "names" ".local" "rownames" "rownames" "<Anonymous>" "mapply" "eval" "eval" "eval" "standardGeneric" "mapply" "mendoapply" ".subsetROWS" ".local" "subsetByRow" "subsetByRow" "subsetByRow" "subsetByRow" ".local" ".nextMethod" "eval" "eval" "callNextMethod" "[" "[" "filterFeaturesWithFormula" ".local" "filterFeatures" "filterFeatures" "withCallingHandlers" "suppressMessages" ".filterFDRTMT" "stepPreProcessingTMT" "stepPreProcessing" "profilingWorkflow" "profilingWrapper" "main" 
"assign" ".nextMethod" "callNextMethod" "methods:::loadMethod" "methods:::loadMethod" "parallel_slot_names" ".validate_Vector_parallel_slots" "method" "validityMethod" "isTRUE" "anyStrings" "validObject" "updateObject" "[" "[" "<Anonymous>" "mapply" "eval" "eval" "eval" "standardGeneric" "mapply" "mendoapply" ".subsetROWS" ".local" "subsetByRow" "subsetByRow" "subsetByRow" "subsetByRow" ".local" ".nextMethod" "eval" "eval" "callNextMethod" "[" "[" "filterFeaturesWithFormula" ".local" "filterFeatures" "filterFeatures" "withCallingHandlers" "suppressMessages" ".filterFDRTMT" "stepPreProcessingTMT" "stepPreProcessing" "profilingWorkflow" "profilingWrapper" "main" 
".findInheritedMethods" "selectMethod" ".selectClosestMethod1" "length" "length" "length" ".validate_Vector_length" "method" "validityMethod" "isTRUE" "anyStrings" "validObject" "initialize" "initialize" "METHOD" "extractROWS" "extractROWS" "subset_along_ROWS" ".nextMethod" "eval" "eval" "callNextMethod" "[" "[" ".nextMethod" "callNextMethod" "[" "[" "<Anonymous>" "mapply" "eval" "eval" "eval" "standardGeneric" "mapply" "mendoapply" ".subsetROWS" ".local" "subsetByRow" "subsetByRow" "subsetByRow" "subsetByRow" ".local" ".nextMethod" "eval" "eval" "callNextMethod" "[" "[" "filterFeaturesWithFormula" ".local" "filterFeatures" "filterFeatures" "withCallingHandlers" "suppressMessages" ".filterFDRTMT" "stepPreProcessingTMT" "stepPreProcessing" "profilingWorkflow" "profilingWrapper" "main" 
"class" "validObject" "initialize" "initialize" "new" "new2" "new_SimpleList_from_list" "coerceToSimpleList" "asMethod" "as" ".nextMethod" "callNextMethod" "doTryCatch" "tryCatchOne" "tryCatchList" "tryCatch" "try" "coerce2" "coerce2" ".make_endoapply_ans" "endoapply" "updateObject" "updateObject" ".nextMethod" "callNextMethod" ".nextMethod" "callNextMethod" "updateObject" "updateObject" "[" "[" "<Anonymous>" "mapply" "eval" "eval" "eval" "standardGeneric" "mapply" "mendoapply" ".subsetROWS" ".local" "subsetByRow" "subsetByRow" "subsetByRow" "subsetByRow" ".local" ".nextMethod" "eval" "eval" "callNextMethod" "[" "[" "filterFeaturesWithFormula" ".local" "filterFeatures" "filterFeatures" "withCallingHandlers" "suppressMessages" ".filterFDRTMT" "stepPreProcessingTMT" "stepPreProcessing" "profilingWorkflow" "profilingWrapper" "main" 
"strsplit" "lapply" ".make_numeric_version" "numeric_version" "as.numeric_version" "Ops.numeric_version" "method" "validityMethod" "isTRUE" "anyStrings" "validObject" "updateObject" "[" "[" "<Anonymous>" "mapply" "eval" "eval" "eval" "standardGeneric" "mapply" "mendoapply" ".subsetROWS" ".local" "subsetByRow" "subsetByRow" "subsetByRow" "subsetByRow" ".local" ".nextMethod" "eval" "eval" "callNextMethod" "[" "[" "filterFeaturesWithFormula" ".local" "filterFeatures" "filterFeatures" "withCallingHandlers" "suppressMessages" ".filterFDRTMT" "stepPreProcessingTMT" "stepPreProcessing" "profilingWorkflow" "profilingWrapper" "main" 
"try" "validObject" "initialize" "initialize" "new" "new2" "new_SimpleList_from_list" "coerceToSimpleList" "asMethod" "as" ".nextMethod" "callNextMethod" "doTryCatch" "tryCatchOne" "tryCatchList" "tryCatch" "try" "coerce2" "coerce2" ".make_endoapply_ans" "endoapply" ".class1" "as" ".extract_Assays_subset" "[" "[" ".nextMethod" "callNextMethod" "[" "[" "<Anonymous>" "mapply" "eval" "eval" "eval" "standardGeneric" "mapply" "mendoapply" ".subsetROWS" ".local" "subsetByRow" "subsetByRow" "subsetByRow" "subsetByRow" ".local" ".nextMethod" "eval" "eval" "callNextMethod" "[" "[" "filterFeaturesWithFormula" ".local" "filterFeatures" "filterFeatures" "withCallingHandlers" "suppressMessages" ".filterFDRTMT" "stepPreProcessingTMT" "stepPreProcessing" "profilingWorkflow" "profilingWrapper" "main" 
"paste" ".sigLabel" ".findInheritedMethods" "selectMethod" ".selectClosestMethod1" "updateObject" "updateObject" ".nextMethod" "callNextMethod" "updateObject" "updateObject" "[" "[" "<Anonymous>" "mapply" "eval" "eval" "eval" "standardGeneric" "mapply" "mendoapply" ".subsetROWS" ".local" "subsetByRow" "subsetByRow" "subsetByRow" "subsetByRow" ".local" ".nextMethod" "eval" "eval" "callNextMethod" "[" "[" "filterFeaturesWithFormula" ".local" "filterFeatures" "filterFeatures" "withCallingHandlers" "suppressMessages" ".filterFDRTMT" "stepPreProcessingTMT" "stepPreProcessing" "profilingWorkflow" "profilingWrapper" "main" 
"getClassDef" "is" "callNextMethod" "updateObject" "updateObject" ".local" "ranges" "ranges" "length" "length" "length" "NROW" "standardGeneric" "NROW" "NSBS" "NSBS" "normalizeSingleBracketSubscript" "extractROWS" "extractROWS" "METHOD" "extractROWS" "extractROWS" "subset_along_ROWS" ".nextMethod" "eval" "eval" "callNextMethod" "[" "[" ".nextMethod" "callNextMethod" "[" "[" "<Anonymous>" "mapply" "eval" "eval" "eval" "standardGeneric" "mapply" "mendoapply" ".subsetROWS" ".local" "subsetByRow" "subsetByRow" "subsetByRow" "subsetByRow" ".local" ".nextMethod" "eval" "eval" "callNextMethod" "[" "[" "filterFeaturesWithFormula" ".local" "filterFeatures" "filterFeatures" "withCallingHandlers" "suppressMessages" ".filterFDRTMT" "stepPreProcessingTMT" "stepPreProcessing" "profilingWorkflow" "profilingWrapper" "main" 
"structure" "asS4" ".asS4" ".newSignature" ".findInheritedMethods" "selectMethod" ".selectClosestMethod1" "names" "names" "names" "names" "names" "names" ".local" "rownames" "rownames" "<Anonymous>" "mapply" "eval" "eval" "eval" "standardGeneric" "mapply" "mendoapply" ".subsetROWS" ".local" "subsetByRow" "subsetByRow" "subsetByRow" "subsetByRow" ".local" ".nextMethod" "eval" "eval" "callNextMethod" "[" "[" "filterFeaturesWithFormula" ".local" "filterFeatures" "filterFeatures" "withCallingHandlers" "suppressMessages" ".filterFDRTMT" "stepPreProcessingTMT" "stepPreProcessing" "profilingWorkflow" "profilingWrapper" "main" 
".nextMethod" "callNextMethod" "methods:::loadMethod" "methods:::loadMethod" "parallel_slot_names" "slot" "standardGeneric" "NROW" "length" "length" "length" "eval" "eval" "callGeneric" "length" "length" "length" "dim" "dim" "dim" "NROW" "standardGeneric" "NROW" ".validate_Vector_parallel_slots" "method" "validityMethod" "isTRUE" "anyStrings" "validObject" "updateObject" "[" "[" "<Anonymous>" "mapply" "eval" "eval" "eval" "standardGeneric" "mapply" "mendoapply" ".subsetROWS" ".local" "subsetByRow" "subsetByRow" "subsetByRow" "subsetByRow" ".local" ".nextMethod" "eval" "eval" "callNextMethod" "[" "[" "filterFeaturesWithFormula" ".local" "filterFeatures" "filterFeatures" "withCallingHandlers" "suppressMessages" ".filterFDRTMT" "stepPreProcessingTMT" "stepPreProcessing" "profilingWorkflow" "profilingWrapper" "main" 
"exists" ".getGenericFromCacheTable" ".getGenericFromCache" ".getGeneric" "getGeneric" "selectMethod" ".selectClosestMethod1" "length" "length" "length" ".validate_Vector_parallel_slots" "method" "validityMethod" "isTRUE" "anyStrings" "validObject" "initialize" "initialize" "METHOD" "extractROWS" "extractROWS" "subset_along_ROWS" ".nextMethod" "eval" "eval" "callNextMethod" "[" "[" ".nextMethod" "callNextMethod" "[" "[" "<Anonymous>" "mapply" "eval" "eval" "eval" "standardGeneric" "mapply" "mendoapply" ".subsetROWS" ".local" "subsetByRow" "subsetByRow" "subsetByRow" "subsetByRow" ".local" ".nextMethod" "eval" "eval" "callNextMethod" "[" "[" "filterFeaturesWithFormula" ".local" "filterFeatures" "filterFeatures" "withCallingHandlers" "suppressMessages" ".filterFDRTMT" "stepPreProcessingTMT" "stepPreProcessing" "profilingWorkflow" "profilingWrapper" "main" 
"updateObject" "updateObject" ".nextMethod" "callNextMethod" ".nextMethod" "callNextMethod" "updateObject" "updateObject" "[" "[" "<Anonymous>" "mapply" "eval" "eval" "eval" "standardGeneric" "mapply" "mendoapply" ".subsetROWS" ".local" "subsetByRow" "subsetByRow" "subsetByRow" "subsetByRow" ".local" ".nextMethod" "eval" "eval" "callNextMethod" "[" "[" "filterFeaturesWithFormula" ".local" "filterFeatures" "filterFeatures" "withCallingHandlers" "suppressMessages" ".filterFDRTMT" "stepPreProcessingTMT" "stepPreProcessing" "profilingWorkflow" "profilingWrapper" "main" 
"[" "[" ".nextMethod" "callNextMethod" "[" "[" "<Anonymous>" "mapply" "eval" "eval" "eval" "standardGeneric" "mapply" "mendoapply" ".subsetROWS" ".local" "subsetByRow" "subsetByRow" "subsetByRow" "subsetByRow" ".local" ".nextMethod" "eval" "eval" "callNextMethod" "[" "[" "filterFeaturesWithFormula" ".local" "filterFeatures" "filterFeatures" "withCallingHandlers" "suppressMessages" ".filterFDRTMT" "stepPreProcessingTMT" "stepPreProcessing" "profilingWorkflow" "profilingWrapper" "main" 
"stopifnot" "is" "callNextMethod" "methods:::loadMethod" "methods:::loadMethod" "updateObject" "updateObject" "updateObject" "updateObject" "updateObject" "rowRanges" "rowRanges" "names" "names" "names" ".local" "rownames" "rownames" "<Anonymous>" "mapply" "eval" "eval" "eval" "standardGeneric" "mapply" "mendoapply" ".subsetROWS" ".local" "subsetByRow" "subsetByRow" "subsetByRow" "subsetByRow" ".local" ".nextMethod" "eval" "eval" "callNextMethod" "[" "[" "filterFeaturesWithFormula" ".local" "filterFeatures" "filterFeatures" "withCallingHandlers" "suppressMessages" ".filterFDRTMT" "stepPreProcessingTMT" "stepPreProcessing" "profilingWorkflow" "profilingWrapper" "main" 
"getClassDef" "possibleExtends" "validObject" "updateObject" "METHOD" "updateObject" "updateObject" ".nextMethod" "callNextMethod" "updateObject" "updateObject" "[" "[" "<Anonymous>" "mapply" "eval" "eval" "eval" "standardGeneric" "mapply" "mendoapply" ".subsetROWS" ".local" "subsetByRow" "subsetByRow" "subsetByRow" "subsetByRow" ".local" ".nextMethod" "eval" "eval" "callNextMethod" "[" "[" "filterFeaturesWithFormula" ".local" "filterFeatures" "filterFeatures" "withCallingHandlers" "suppressMessages" ".filterFDRTMT" "stepPreProcessingTMT" "stepPreProcessing" "profilingWorkflow" "profilingWrapper" "main" 
"do.call" "extractROWS" "extractROWS" "METHOD" "extractROWS" "extractROWS" "subset_along_ROWS" ".nextMethod" "eval" "eval" "callNextMethod" "[" "[" ".nextMethod" "callNextMethod" "[" "[" "<Anonymous>" "mapply" "eval" "eval" "eval" "standardGeneric" "mapply" "mendoapply" ".subsetROWS" ".local" "subsetByRow" "subsetByRow" "subsetByRow" "subsetByRow" ".local" ".nextMethod" "eval" "eval" "callNextMethod" "[" "[" "filterFeaturesWithFormula" ".local" "filterFeatures" "filterFeatures" "withCallingHandlers" "suppressMessages" ".filterFDRTMT" "stepPreProcessingTMT" "stepPreProcessing" "profilingWorkflow" "profilingWrapper" "main" 
"getClassDef" "possibleExtends" "<Anonymous>" "updateObject" "updateObject" "[" "[" "<Anonymous>" "mapply" "eval" "eval" "eval" "standardGeneric" "mapply" "mendoapply" ".subsetROWS" ".local" "subsetByRow" "subsetByRow" "subsetByRow" "subsetByRow" ".local" ".nextMethod" "eval" "eval" "callNextMethod" "[" "[" "filterFeaturesWithFormula" ".local" "filterFeatures" "filterFeatures" "withCallingHandlers" "suppressMessages" ".filterFDRTMT" "stepPreProcessingTMT" "stepPreProcessing" "profilingWorkflow" "profilingWrapper" "main" 
"callNextMethod" "methods:::loadMethod" "methods:::loadMethod" "parallel_slot_names" "slot" "standardGeneric" "NROW" "length" "length" "length" "eval" "eval" "callGeneric" "length" "length" "length" "dim" "dim" "dim" "NROW" "standardGeneric" "NROW" ".validate_Vector_parallel_slots" "method" "validityMethod" "isTRUE" "anyStrings" "validObject" "updateObject" "[" "[" "<Anonymous>" "mapply" "eval" "eval" "eval" "standardGeneric" "mapply" "mendoapply" ".subsetROWS" ".local" "subsetByRow" "subsetByRow" "subsetByRow" "subsetByRow" ".local" ".nextMethod" "eval" "eval" "callNextMethod" "[" "[" "filterFeaturesWithFormula" ".local" "filterFeatures" "filterFeatures" "withCallingHandlers" "suppressMessages" ".filterFDRTMT" "stepPreProcessingTMT" "stepPreProcessing" "profilingWorkflow" "profilingWrapper" "main" 
"NSBS" "NSBS" "normalizeSingleBracketSubscript" "FUN" "FUN" "lapply" "lapply" "extractROWS" "extractROWS" "METHOD" "extractROWS" "extractROWS" "subset_along_ROWS" ".nextMethod" "eval" "eval" "callNextMethod" "[" "[" ".nextMethod" "callNextMethod" "[" "[" "<Anonymous>" "mapply" "eval" "eval" "eval" "standardGeneric" "mapply" "mendoapply" ".subsetROWS" ".local" "subsetByRow" "subsetByRow" "subsetByRow" "subsetByRow" ".local" ".nextMethod" "eval" "eval" "callNextMethod" "[" "[" "filterFeaturesWithFormula" ".local" "filterFeatures" "filterFeatures" "withCallingHandlers" "suppressMessages" ".filterFDRTMT" "stepPreProcessingTMT" "stepPreProcessing" "profilingWorkflow" "profilingWrapper" "main" 
"validObject" "initialize" "initialize" "new" ".findNextFromTable" "addNextMethod" "addNextMethod" "callNextMethod" "METHOD" "updateObject" "updateObject" "rowRanges" "rowRanges" "names" "names" "names" ".local" "rownames" "rownames" "dimnames" "dimnames" "dimnames" "f" "doTryCatch" "tryCatchOne" "tryCatchList" "tryCatch" "try" "standardGeneric" "%in%" "FUN" "vapply" ".getMethErr" ".testMethodsTable" "method" "validityMethod" "isTRUE" "anyStrings" "validObject" "initialize" "initialize" "new" "coerceToExperimentList" "asMethod" "as" ".nextMethod" "callNextMethod" "doTryCatch" "tryCatchOne" "tryCatchList" "tryCatch" "try" "coerce2" "coerce2" ".make_endoapply_ans" "mendoapply" ".subsetROWS" ".local" "subsetByRow" "subsetByRow" "subsetByRow" "subsetByRow" ".local" ".nextMethod" "eval" "eval" "callNextMethod" "[" "[" "filterFeaturesWithFormula" ".local" "filterFeatures" "filterFeatures" "withCallingHandlers" "suppressMessages" ".filterFDRTMT" "stepPreProcessingTMT" "stepPreProcessing" "profilingWorkflow" "profilingWrapper" "main" 
"is" "callNextMethod" "methods:::loadMethod" "methods:::loadMethod" "updateObject" "updateObject" "updateObject" "updateObject" "updateObject" "rowRanges" "rowRanges" "names" "names" "names" ".local" "rownames" "rownames" "dimnames" "dimnames" "dimnames" "f" "doTryCatch" "tryCatchOne" "tryCatchList" "tryCatch" "try" "standardGeneric" "%in%" "FUN" "vapply" ".getMethErr" ".testMethodsTable" "method" "validityMethod" "isTRUE" "anyStrings" "validObject" "initialize" "initialize" "new" "coerceToExperimentList" "asMethod" "as" ".nextMethod" "callNextMethod" "doTryCatch" "tryCatchOne" "tryCatchList" "tryCatch" "try" "coerce2" "coerce2" ".make_endoapply_ans" "mendoapply" ".subsetROWS" ".local" "subsetByRow" "subsetByRow" "subsetByRow" "subsetByRow" ".local" ".nextMethod" "eval" "eval" "callNextMethod" "[" "[" "filterFeaturesWithFormula" ".local" "filterFeatures" "filterFeatures" "withCallingHandlers" "suppressMessages" ".filterFDRTMT" "stepPreProcessingTMT" "stepPreProcessing" "profilingWorkflow" "profilingWrapper" "main" 
"initialize" "initialize" "new" ".findNextFromTable" "addNextMethod" "addNextMethod" "callNextMethod" "METHOD" "updateObject" "updateObject" "rowRanges" "rowRanges" "names" "names" "names" ".local" "rownames" "rownames" "dimnames" "dimnames" "dimnames" "f" "doTryCatch" "tryCatchOne" "tryCatchList" "tryCatch" "try" "standardGeneric" "%in%" "FUN" "vapply" ".getMethErr" ".testMethodsTable" "method" "validityMethod" "isTRUE" "anyStrings" "validObject" "initialize" "initialize" "new" "coerceToExperimentList" "asMethod" "as" ".nextMethod" "callNextMethod" "doTryCatch" "tryCatchOne" "tryCatchList" "tryCatch" "try" "coerce2" "coerce2" ".make_endoapply_ans" "mendoapply" ".subsetROWS" ".local" "subsetByRow" "subsetByRow" "subsetByRow" "subsetByRow" ".local" ".nextMethod" "eval" "eval" "callNextMethod" "[" "[" "filterFeaturesWithFormula" ".local" "filterFeatures" "filterFeatures" "withCallingHandlers" "suppressMessages" ".filterFDRTMT" "stepPreProcessingTMT" "stepPreProcessing" "profilingWorkflow" "profilingWrapper" "main" 
"is" "callNextMethod" "methods:::loadMethod" "methods:::loadMethod" "updateObject" ".nextMethod" "callNextMethod" "updateObject" "updateObject" "updateObject" "updateObject" "rowRanges" "rowRanges" "names" "names" "names" ".local" "rownames" "rownames" "dimnames" "dimnames" "dimnames" "f" "doTryCatch" "tryCatchOne" "tryCatchList" "tryCatch" "try" "standardGeneric" "%in%" "FUN" "vapply" ".getMethErr" ".testMethodsTable" "method" "validityMethod" "isTRUE" "anyStrings" "validObject" "initialize" "initialize" "new" "coerceToExperimentList" "asMethod" "as" ".nextMethod" "callNextMethod" "doTryCatch" "tryCatchOne" "tryCatchList" "tryCatch" "try" "coerce2" "coerce2" ".make_endoapply_ans" "mendoapply" ".subsetROWS" ".local" "subsetByRow" "subsetByRow" "subsetByRow" "subsetByRow" ".local" ".nextMethod" "eval" "eval" "callNextMethod" "[" "[" "filterFeaturesWithFormula" ".local" "filterFeatures" "filterFeatures" "withCallingHandlers" "suppressMessages" ".filterFDRTMT" "stepPreProcessingTMT" "stepPreProcessing" "profilingWorkflow" "profilingWrapper" "main" 
"is" "callNextMethod" "methods:::loadMethod" "methods:::loadMethod" "updateObject" ".nextMethod" "callNextMethod" "updateObject" "updateObject" "updateObject" "updateObject" "rowRanges" "rowRanges" "names" "names" "names" ".local" "rownames" "rownames" "dimnames" "dimnames" "dimnames" "f" "doTryCatch" "tryCatchOne" "tryCatchList" "tryCatch" "try" "standardGeneric" "%in%" "FUN" "vapply" ".getMethErr" ".testMethodsTable" "method" "validityMethod" "isTRUE" "anyStrings" "validObject" "initialize" "initialize" "new" "coerceToExperimentList" "asMethod" "as" ".nextMethod" "callNextMethod" "doTryCatch" "tryCatchOne" "tryCatchList" "tryCatch" "try" "coerce2" "coerce2" ".make_endoapply_ans" "mendoapply" ".subsetROWS" ".local" "subsetByRow" "subsetByRow" "subsetByRow" "subsetByRow" ".local" ".nextMethod" "eval" "eval" "callNextMethod" "[" "[" "filterFeaturesWithFormula" ".local" "filterFeatures" "filterFeatures" "withCallingHandlers" "suppressMessages" ".filterFDRTMT" "stepPreProcessingTMT" "stepPreProcessing" "profilingWorkflow" "profilingWrapper" "main" 
"callNextMethod" "methods:::loadMethod" "methods:::loadMethod" "updateObject" ".nextMethod" "callNextMethod" "METHOD" "updateObject" "updateObject" "rowRanges" "rowRanges" "names" "names" "names" ".local" "rownames" "rownames" "dimnames" "dimnames" "dimnames" "f" "doTryCatch" "tryCatchOne" "tryCatchList" "tryCatch" "try" "standardGeneric" "%in%" "FUN" "vapply" ".getMethErr" ".testMethodsTable" "method" "validityMethod" "isTRUE" "anyStrings" "validObject" "initialize" "initialize" "new" "coerceToExperimentList" "asMethod" "as" ".nextMethod" "callNextMethod" "doTryCatch" "tryCatchOne" "tryCatchList" "tryCatch" "try" "coerce2" "coerce2" ".make_endoapply_ans" "mendoapply" ".subsetROWS" ".local" "subsetByRow" "subsetByRow" "subsetByRow" "subsetByRow" ".local" ".nextMethod" "eval" "eval" "callNextMethod" "[" "[" "filterFeaturesWithFormula" ".local" "filterFeatures" "filterFeatures" "withCallingHandlers" "suppressMessages" ".filterFDRTMT" "stepPreProcessingTMT" "stepPreProcessing" "profilingWorkflow" "profilingWrapper" "main" 
"paste" ".sigLabel" ".findInheritedMethods" ".findNextFromTable" "addNextMethod" "addNextMethod" "callNextMethod" "METHOD" "updateObject" "updateObject" "rowRanges" "rowRanges" "names" "names" "names" ".local" "rownames" "rownames" "dimnames" "dimnames" "dimnames" "f" "doTryCatch" "tryCatchOne" "tryCatchList" "tryCatch" "try" "standardGeneric" "%in%" "FUN" "vapply" ".getMethErr" ".testMethodsTable" "method" "validityMethod" "isTRUE" "anyStrings" "validObject" "initialize" "initialize" "new" "coerceToExperimentList" "asMethod" "as" ".nextMethod" "callNextMethod" "doTryCatch" "tryCatchOne" "tryCatchList" "tryCatch" "try" "coerce2" "coerce2" ".make_endoapply_ans" "mendoapply" ".subsetROWS" ".local" "subsetByRow" "subsetByRow" "subsetByRow" "subsetByRow" ".local" ".nextMethod" "eval" "eval" "callNextMethod" "[" "[" "filterFeaturesWithFormula" ".local" "filterFeatures" "filterFeatures" "withCallingHandlers" "suppressMessages" ".filterFDRTMT" "stepPreProcessingTMT" "stepPreProcessing" "profilingWorkflow" "profilingWrapper" "main" 
"match.call" "callNextMethod" "updateObject" "updateObject" ".nextMethod" "callNextMethod" "updateObject" "updateObject" "updateObject" "updateObject" "rowRanges" "rowRanges" "names" "names" "names" ".local" "rownames" "rownames" "dimnames" "dimnames" "dimnames" "f" "doTryCatch" "tryCatchOne" "tryCatchList" "tryCatch" "try" "standardGeneric" "%in%" "FUN" "vapply" ".getMethErr" ".testMethodsTable" "method" "validityMethod" "isTRUE" "anyStrings" "validObject" "initialize" "initialize" "new" "coerceToExperimentList" "asMethod" "as" ".nextMethod" "callNextMethod" "doTryCatch" "tryCatchOne" "tryCatchList" "tryCatch" "try" "coerce2" "coerce2" ".make_endoapply_ans" "mendoapply" ".subsetROWS" ".local" "subsetByRow" "subsetByRow" "subsetByRow" "subsetByRow" ".local" ".nextMethod" "eval" "eval" "callNextMethod" "[" "[" "filterFeaturesWithFormula" ".local" "filterFeatures" "filterFeatures" "withCallingHandlers" "suppressMessages" ".filterFDRTMT" "stepPreProcessingTMT" "stepPreProcessing" "profilingWorkflow" "profilingWrapper" "main" 
"try" "validObject" "initialize" "initialize" "new" ".findNextFromTable" "addNextMethod" "addNextMethod" "callNextMethod" "METHOD" "updateObject" "updateObject" "rowRanges" "rowRanges" "names" "names" "names" ".local" "rownames" "rownames" "dimnames" "dimnames" "dimnames" "FUN" "lapply" "lapply" "lapply" "lapply" ".class1" "as" "dimnames" "dimnames" "dimnames" "dimnames" "dimnames" "dimnames" "%||%" "colnames" "colnames" "experiments<-" "experiments<-" "subsetByRow" "subsetByRow" ".local" ".nextMethod" "eval" "eval" "callNextMethod" "[" "[" "filterFeaturesWithFormula" ".local" "filterFeatures" "filterFeatures" "withCallingHandlers" "suppressMessages" ".filterFDRTMT" "stepPreProcessingTMT" "stepPreProcessing" "profilingWorkflow" "profilingWrapper" "main" 
"[" "lapply" ".newSignature" ".findInheritedMethods" ".findNextFromTable" "addNextMethod" "addNextMethod" "callNextMethod" "METHOD" "updateObject" "updateObject" "rowRanges" "rowRanges" "names" "names" "names" ".local" "rownames" "rownames" "dimnames" "dimnames" "dimnames" "FUN" "lapply" "lapply" "lapply" "lapply" ".class1" "as" "dimnames" "dimnames" "dimnames" "dimnames" "dimnames" "dimnames" "%||%" "colnames" "colnames" "experiments<-" "experiments<-" "subsetByRow" "subsetByRow" ".local" ".nextMethod" "eval" "eval" "callNextMethod" "[" "[" "filterFeaturesWithFormula" ".local" "filterFeatures" "filterFeatures" "withCallingHandlers" "suppressMessages" ".filterFDRTMT" "stepPreProcessingTMT" "stepPreProcessing" "profilingWorkflow" "profilingWrapper" "main" 
".getBestMethods" ".findInheritedMethods" "selectMethod" ".selectClosestMethod1" "updateObject" "updateObject" "rowRanges" "rowRanges" "names" "names" "names" ".local" "rownames" "rownames" "dimnames" "dimnames" "dimnames" "FUN" "lapply" "lapply" "lapply" "lapply" ".class1" "as" "dimnames" "dimnames" "dimnames" "dimnames" "dimnames" "dimnames" "%||%" "colnames" "colnames" "experiments<-" "experiments<-" "subsetByRow" "subsetByRow" ".local" ".nextMethod" "eval" "eval" "callNextMethod" "[" "[" "filterFeaturesWithFormula" ".local" "filterFeatures" "filterFeatures" "withCallingHandlers" "suppressMessages" ".filterFDRTMT" "stepPreProcessingTMT" "stepPreProcessing" "profilingWorkflow" "profilingWrapper" "main" 
"stopifnot" "is" "callNextMethod" ".local" "colData" "colData" "rownames" ".local" "colnames" "colnames" "dimnames" "dimnames" "dimnames" "FUN" "lapply" "lapply" "lapply" "lapply" ".class1" "as" "dimnames" "dimnames" "dimnames" "dimnames" "dimnames" "dimnames" "%||%" "colnames" "colnames" "experiments<-" "experiments<-" "subsetByRow" "subsetByRow" ".local" ".nextMethod" "eval" "eval" "callNextMethod" "[" "[" "filterFeaturesWithFormula" ".local" "filterFeatures" "filterFeatures" "withCallingHandlers" "suppressMessages" ".filterFDRTMT" "stepPreProcessingTMT" "stepPreProcessing" "profilingWorkflow" "profilingWrapper" "main" 
"lapply" "sapply" "sapply" "standardGeneric" "which" "listClassName" ".selectListClassName" "relistToClass" "relistToClass" "relist" "standardGeneric" "relist" ".coerceToList" "asMethod" "as" "dimnames" "dimnames" "dimnames" "dimnames" "dimnames" "dimnames" "%||%" "colnames" "colnames" "experiments<-" "experiments<-" "subsetByRow" "subsetByRow" ".local" ".nextMethod" "eval" "eval" "callNextMethod" "[" "[" "filterFeaturesWithFormula" ".local" "filterFeatures" "filterFeatures" "withCallingHandlers" "suppressMessages" ".filterFDRTMT" "stepPreProcessingTMT" "stepPreProcessing" "profilingWorkflow" "profilingWrapper" "main" 
"doTryCatch" "tryCatchOne" "tryCatchList" "tryCatch" "try" "validObject" "initialize" "initialize" "new" "AssayLink" "FUN" "lapply" "lapply" "lapply" "lapply" "endoapply" ".pruneAssayLinks" "[" "[" "filterFeaturesWithFormula" ".local" "filterFeatures" "filterFeatures" "withCallingHandlers" "suppressMessages" ".filterFDRTMT" "stepPreProcessingTMT" "stepPreProcessing" "profilingWorkflow" "profilingWrapper" "main" 
"callNextMethod" "updateObject" "updateObject" "METHOD" "updateObject" "updateObject" "rowRanges" "rowRanges" "names" "names" "names" ".local" "rownames" "rownames" "standardGeneric" "%in%" ".checkLinksInHits" ".validAssayLink" ".validAssayLinks" ".pruneAssayLinks" "[" "[" "filterFeaturesWithFormula" ".local" "filterFeatures" "filterFeatures" "withCallingHandlers" "suppressMessages" ".filterFDRTMT" "stepPreProcessingTMT" "stepPreProcessing" "profilingWorkflow" "profilingWrapper" "main" 
".getMethodsTable" "getMethodsForDispatch" "selectMethod" ".selectClosestMethod1" "updateObject" "updateObject" "rowRanges" "rowRanges" "names" "names" "names" ".local" "rownames" "rownames" "standardGeneric" "%in%" ".checkLinksInHits" ".validAssayLink" ".validAssayLinks" ".pruneAssayLinks" "[" "[" "filterFeaturesWithFormula" ".local" "filterFeatures" "filterFeatures" "withCallingHandlers" "suppressMessages" ".filterFDRTMT" "stepPreProcessingTMT" "stepPreProcessing" "profilingWorkflow" "profilingWrapper" "main" 
